:020000040800F2
:1080000000A000208DAB0008DDAB00084DD60008B5
:10801000DDAB0008DDAB0008DDAB000800000000B0
:10802000000000000000000000000000DDAB0008C0
:10803000DDAB000800000000DDAB000891D70008B0
:10804000DDAB0008DDAB0008DDAB0008DDAB0008F0
:10805000DDAB0008DDAB0008DDAB0008DDAB0008E0
:10806000DDAB000881D70008DDAB0008DDAB000800
:10807000DDAB00089DDC0008DDAB0008DDAB0008CF
:10808000DDAB0008DDAB0008DDAB0008DDAB0008B0
:1080900035D60008DDAB000841D6000889D70008B6
:1080A000DDAB0008DDAB0008DDAB0008DDAB000890
:1080B000DDAB000895D70008DDAB0008DDAB00089C
:1080C000DDAB0008DDAB0008DDAB0008DDAB000870
:1080D000DDAB0008DDAB0008DDAB0008DDAB000860
:1080E000DDAB0008DDAB0008DDAB0008DDAB000850
:1080F000DDAB0008DDAB0008DDAB0008DDAB000840
:10810000000000000000000000000000DDAB0008DF
:10811000DDAB0008DDAB0008DDAB0008DDAB00081F
:10812000DDAB0008DDAB0008DDAB0008DDAB00080F
:10813000DDAB0008DDAB000800000000000000001F
:10814000DDAB0008DDAB0008DDAB0008000000007F
:10815000000000000000000000000000000000001F
:108160000000000000000000DDAB0008DDAB0008EF
:10817000DDAB00080000000000000000000000006F
:0881800000000000DDAB000867
:1081880010B5054C237833B9044B13B10448AFF349
:1081980000800123237010BD7C0000200000000037
:1081A800846C010808B5034B1BB103490348AFF3BE
:1081B800008008BD0000000080000020846C0108D9
:1081C8002DE9F04F97B000F11E03039300F27E6390
:1081D80011930023099316ABC3F111060DF157074C
:1081E8001D460496039A049E32F8023F03920DF14D
:1081F8004701012203EA02007418204101F8010F27
:108208005200B94292B2F5D19DF948209DF9490032
:108218000496CDE9052082EA000A9DF950200292D1
:108228009DF94A209DF94C609DF94B4001960C92AE
:108238001646059A9DF94E109DF95290079182EACB
:108248000400484089EA000006999DF94DB09DF95F
:1082580051800A9432467040029E9DF94FE0614079
:10826800714089EA0101164651408BEA00009DF9E8
:1082780054200D9288EA00005040089086EA0B00CE
:10828800019E88EA000084EA060C079C019E504083
:10829800029A84EA0C0C7440544082EA0C0C88EA76
:1082A80001019DF955200E9289EA04048EEA000026
:1082B8008EEA01018BEA04045040514088EA040424
:1082C8009DF956200F928EEA0404504054409DF9BF
:1082D80053200B9289EA0C0C82EA0C0C9DF957206A
:1082E80010925040089A8AEA00008CEA00008AEA54
:1082F8000C0A42EA010C4AEA0C0C44EA0C0C50EA5B
:108308000C060FD0890001EB4201514401EBC40176
:1083180001EB001080B2A0F110010F290ED96FF007
:1083280009020992039AC3F30A031380119B9A4224
:108338007FF458AF099817B0BDE8F08F11380E28B0
:1083480079D8DFE800F0726C645E58524C46403BC6
:1083580035302A250800C9F101038DF85230099BF0
:10836800002B08BF6FF008030993DDE904620DF1E3
:1083780049000121002301E010F9012B12FB01F251
:108388001344490085429BB289B2F5D10496C9E7E6
:10839800C8F101038DF85130E1E7029BC3F10103F5
:1083A8008DF85030DBE7CEF1010E8DF84FE0D6E7BF
:1083B800079BC3F101038DF84E30D0E7CBF10103E1
:1083C8008DF84D30CBE7019BC3F101038DF84C309C
:1083D800C5E70F9BC3F101098DF85690BFE70A9BCB
:1083E800C3F101038DF84B30B9E70C9BC3F10103CE
:1083F8008DF84A30B3E7069BC3F101038DF8493085
:10840800ADE70E9BC3F101088DF85580A7E7059BE2
:10841800C3F1010253B205938DF848309FE70D9BD5
:10842800C3F101038DF8543099E70B9BC3F10103A5
:108438008DF8533093E7109BC3F101038DF8573043
:108448008DE700BF10B50B460C464FF450724FF441
:10845800105105F02FFE00B110BD2046BDE81040B8
:10846800FFF7AEBE30B5302283B04FF40041054669
:1084780005F062FE421C10D044F620640DF106039C
:1084880001224FF40041284605F014FE013CA4B235
:1084980018B9BDF806301B0701D503B030BD002C54
:1084A800ECD16FF00B0003B030BD00BF10B582B047
:1084B8000DF10603012248F20D01044605F0FAFD0C
:1084C80008B102B010BDBDF8062048F20D0142F413
:1084D80000422046ADF8062005F02EFE0028F0D117
:1084E80005F0D0FD0028ECD10DF10603012248F279
:1084F8000D01204605F0DEFD0028E2D1BDF9063069
:10850800002BB8BF6FF00A00DBE700BF002347F677
:10851800FF7130F813208A4203F1100303D0C02BF7
:10852800F7D1002070476FF007007047038847F6BF
:10853800FF718B422BD000F10E0300F1240C33F8AD
:10854800022F8A4223D06345F9D1038D8B421ED076
:10855800438D8B421BD0838D8B4218D000F12E03A4
:1085680000F1400C47F6FF7133F8022F8A420ED013
:108578006345F9D100F14E0347F6FF715E3033F8D9
:10858800022F8A4203D09842F9D1002070476FF039
:10859800070070472DE9F04105469AB00E4644F6AB
:1085A80020670DF1060301224FF40041284605F02B
:1085B80081FD013FBFB2044640B9BDF8068018F0FE
:1085C800080F07D1002FECD16FF00B0420461AB02A
:1085D800BDE8F08130224FF40041284605F0ACFD9B
:1085E800431C0446F2D018F0010833464FF020022D
:1085F8003FD14FF48061284605F05CFD0446002811
:10860800E4D106F1400320224FF48861284605F0A2
:1086180051FD04460028D9D106F1800320224FF4E9
:108628009061284605F046FD04460028CED106F1A3
:10863800C00320224FF49861284605F03BFD04460C
:108648000028C3D106F5807320224FF4A061284684
:1086580005F030FD04460028B8D106F5A0732022A5
:108668004FF4A861284605F025FD0446002841D0AE
:10867800ACE74FF48461284605F01CFD0446002849
:10868800A4D106F1400320224FF48C61284605F05E
:1086980011FD0446002899D106F1800320224FF4E9
:1086A8009461284605F006FD044600288ED106F19F
:1086B800C00320224FF49C61284605F0FBFC0446C9
:1086C800002883D106F5807320224FF4A461284640
:1086D80005F0F0FC044600287FF478AF06F5A07397
:1086E80020224FF4AC61284605F0E4FC044600283B
:1086F8007FF46CAF02AB30224FF4B061284605F02E
:10870800D9FC044600287FF461AF01AB284601225A
:1087180048F20D0105F0CEFCBDF80430A6F8E031B2
:10872800A6F8E281044600287FF450AF02A8FFF7BC
:10873800FDFE28B9602202A906F5C0700EF088FA7D
:1087480047F6FF7336F814209A4204F1100403D058
:10875800C02CF7D1444639E76FF0070436E700BF6D
:1087680030B583B00C460DF10603012248F20D0125
:10877800054605F09FFC08B103B030BDBDF80620E2
:10878800A10222F4406201F4406192B20A432846F1
:1087980048F20D0105F0D0FC03B030BD00B583B040
:1087A8000DF10603012248F20D0105F083FC18B90A
:1087B800BDF80600C0F3812003B05DF804FB00BFDC
:1087C80030B583B00C460DF10603012248F20D01C5
:1087D800054605F06FFC08B103B030BDBDF80620B2
:1087E800E10122F4607201F4607192B20A432846F2
:1087F80048F20D0105F0A0FC03B030BD00B583B010
:108808000DF10603012248F20D0105F053FC18B9D9
:10881800BDF80600C0F3C21003B05DF804FB00BF4A
:10882800D0B5B0F8D431B0F8E0612DED028B07EE89
:10883800903A1B04B8EE678A48BFDFED277A91F8B3
:10884800240048BF38EE678A0C4601F057FC9FEDBC
:108858001E0B41EC110B0DF087F9C6F3812630464B
:1088680057EC106B01F05AFC9FED170B41EC110B04
:108878000DF07AF9304653EC102B394601F0E2FD41
:1088880001F0AEFFB4F9023007EE903A06EE900A16
:10889800B4F90030F8EEE77A07EE103AD8EE267A07
:1088A800B8EEC77AC7EE877A17EE900A01F048FC4F
:1088B80007A3D3E9002301F0E5FA01F091FFBDEC2D
:1088C800028B00EE100AD0BD00000000000000403E
:1088D8006666666666660A40000080472DE9F843CA
:1088E80005460C46FFF79CFFB5F8C03194ED046AC5
:1088F80007EE903A1A04B8EE677AB5F8803144BFAB
:10890800DFED2D7A37EE677A07EE903A1B0448BF01
:10891800DFED296AF8EE677A10EE109A48BF77EE15
:10892800E67ADFED266AE6EE077A87EE276A66EED4
:10893800267A17EE900A01F003FC064660680F4697
:1089480001F0FEFB024648469046894601F0F8FBD6
:1089580017A3D3E9002301F093FA02460B464046D9
:10896800494601F045FC164B002201F08BFA0246FD
:108978000B463046394601F065FD0646A0890F468C
:1089880001F0CCFB02460B463046394601F078FA36
:1089980001F026FF94ED027A06EE900A86EE870A29
:1089A800F3EE097A30EE270ABDE8F883AFF30080CA
:1089B8006666666666660A40000080470000804872
:1089C8000000F03F2DE9F04F2DED108B8DB00C46D7
:1089D80010EE907A83461546B0F8E2619FEDAEDA64
:1089E800B0EE40AAFFF71CFF5846214610EE108A49
:1089F800FFF774FF10EE100AF0EE409A01F0A0FBAA
:108A08009DA3D3E9002301F03DFA01F0E9FE08EE49
:108A1800100A384601F094FB97A3D3E9002301F02C
:108A280031FA01F0DDFE08EE900A68EEA88A28EE19
:108A3800088A68EEA88A94F89E05B0EE687AA8EECF
:108A4800487A06EB4606B7EE008AC7EE0A7A78EE51
:108A5800E78A01F053FB9FED8A0B41EC110B0DF0F7
:108A680083F851EC100B01F0BBFE0BEE100A94F8E2
:108A78005F0601F043FB9FED820B41EC110B0DF0FB
:108A880073F851EC100B01F0ABFE0BEE900A94F862
:108A9800DC0101F033FB9FED7A0B41EC110B0DF07B
:108AA80063F851EC100B01F09BFED4ED0B3A94EDFA
:108AB8000C6AB4F95230B4F95420D4ED0D4A94ED4F
:108AC8000E5AD4ED0F5AF7EE007AB3EE047AF0EEB0
:108AD800676AB0EE674AA3EE874A07464046E6EE65
:108AE800076A07EE103AB8EEC77AD31AB0EE67EA0B
:108AF800A4EE87EA07EE103AB4F9563094ED106AFE
:108B0800B8EEC77A9A1AF0EE67EAE5EE07EA07EEDA
:108B1800102AB4F95820B8EEC77AD31AB0EE67FA1B
:108B2800A5EE87FA07EE103AB4F95A30B8EEC77ACC
:108B38009B1AF0EE67FAE6EE07FA07EE103AC7EE70
:108B4800A6DABBF894311904D4ED116AB8EEC77AE5
:108B58006EEE2EEAE6EE877A6EEE8F5ACDEE84CA76
:108B680025EEAF6ACDED095A66EE277A8DED0A6AD1
:108B7800CDED0B7A07EE903AB4F91430B8EE677A77
:108B880044BFDFED457A37EE677A07EE903AF8EEA4
:108B9800E77ABBF8903187EE87CA1A0407EE903A55
:108BA800B8EE679A44BFDFED3C7A39EE679AF3EE88
:108BB800097A79EEE79AD4ED087AABF10203A7EEC9
:108BC800A98ACDE9013501F0BBFA04F15A030093F3
:108BD80004F5ED7308932CA3D3E9002301F050F9B1
:108BE80069EE0C7A41EC1F0BCDE9040117EE900AEF
:108BF80001F0A6FAB4F9643607EE903AF8EEE77A8F
:108C0800824667EE887A8B4617EE900A01F098FA4A
:108C18008046E069894601F093FA53EC1F2B01F076
:108C2800E7FA1E4B002201F02DF902460B4640469A
:108C3800494601F0DDFA02460B465046594601F016
:108C48001FF901F0CDFD0AEE900A384601F078FAD6
:108C58000FA3D3E9002301F0CBFA04EBC61303F505
:108C6800EE73CDE906010FF2100BDBE900AB04F25D
:108C7800DD45039350E000BF666666666612714084
:108C880000000000000000406666666666660A40EE
:108C98008DEDB5A0F7C6B03E000080470000F03F5C
:108CA800B4F94C3006EE903A6FEEACFAF8EEE66A9C
:108CB800002304EB830337EE667A93ED0B6AF7EE35
:108CC800006AE6EE076A66EEAF7A88EE270A70EE6B
:108CD800287AF5EE407AF1EE10FA00F18181B1EED2
:108CE800E70AB5EE400AF1EE10FA00F17481F1EEF0
:108CF800C07A17EE900A01F023FA52465B4601F05B
:108D0800BFF801F06DFD029B009A43F8040B029333
:108D1800089B934200F04F81019A013532F8023FD7
:108D2800019207EE903A1B0495F90030B8EE677A85
:108D380007EE903AF8EEE77A95F9C13087EE8B6A3C
:108D480048BF37EE4D7A07EE903A27EE0C7AF8EEE8
:108D5800E77AB7EE009A17EE100A87EEAB8AB0EE04
:108D680049FAA9EE86FA01F0EBF9039B33F9022FD1
:108D7800039307EE902AF8EEE77A064667EE8F7AB5
:108D88000F4617EE900A01F0DBF9804618EE100A3C
:108D9800894601F0D5F9DDE9042301F029FA954B5C
:108DA800002201F06FF802460B464046494601F0A2
:108DB8001FFA02460B463046394601F061F801F0C9
:108DC8000FFD94ED067A009B07EE900AE7EE6A7AAB
:108DD80033F8020F009387EE8A8A01F09FF9024662
:108DE8000B46DDE9060101F02DFB01F0F9FCD4ED9D
:108DF8000A7AA9EEA79A07EE900A69EE27FAB0EE6A
:108E0800480AA8EEAF0A2FEEAF7A27EE2F7A27EEA0
:108E1800007AB5EE407AF1EE10FA00F1D780B1EEA3
:108E2800C70AB5EE400AF1EE10FA00F1DE80B1EEA5
:108E3800C0FA18EE100A01F083F994ED0D9A06466F
:108E480019EE100A0F4601F07BF952465B4601F015
:108E5800CFF902460B460020664901F011F880461A
:108E68001FEE900A894601F06BF902460B46404610
:108E7800494601F0BDF969EE0F7A804617EE900A6F
:108E8800894601F05DF902460B464046494600F026
:108E9800F9FF02460B463046394601F0D3FA06463A
:108EA80018EE900A0F4601F04BF902460B46304681
:108EB800394600F0E7FF41EC100B0CF0CDFE0CF04A
:108EC800CBFE5B4651EC100B524600F0D9FF01F087
:108ED80087FCB4F94E3006EE103A07EE100AB8EEE9
:108EE800C66AB4EEC76AF1EE10FA3FF7D9AEB4F924
:108EF800503006EE903AF8EEE66AF4EEC76AF1EE04
:108F080010FA05DD6FEEADFAF0EE466A0123D0E601
:108F1800B4F9523006EE103AB8EEC66AB4EEC76A33
:108F2800F1EE10FA10DCB4F9543006EE903AF8EE8F
:108F3800E66AF4EEC76AF1EE10FA07DD6FEE8EFA14
:108F4800F0EE466A0323B4E60223B2E6B4F95630DB
:108F580006EE103AB8EEC66AB4EEC76AF1EE10FA39
:108F680003DD6FEEAEFA0423A3E6B4F9583005EE3C
:108F7800903AF8EEE55AF4EEC75AF1EE10FA07DD2A
:108F8800DDED097AF0EE466A6FEEA7FA052390E662
:108F9800B4F95A3006EE903AF8EEE66AF4EEC76A8B
:108FA800F1EE10FA0CDDDDED0A7AF0EE656A6FEE8F
:108FB800A7FA06237DE60DB0BDEC108BBDE8F08F57
:108FC800DDED0B7A07236FEEA7FA72E6B0EE470ADB
:108FD8000CF076FE25E70CF073FE10EE100A8AE618
:108FE800B0EE670A0CF06CFE7BE60CF069FEB0EEA2
:108FF80040FA1EE70000F03F2DE9F04F2DED0E8BF3
:1090080085B08B4615460446B0F8E2619FED90BAEC
:10901800FFF706FC2046594610EE107AFFF75EFC73
:109028009BF89E05B0EE408A01F068F89FED840B2E
:1090380041EC110B0CF098FD51EC100B01F0D0FB3A
:1090480009EE100A9BF85F0601F058F89FED7C0BBB
:1090580041EC110B0CF088FD51EC100B01F0C0FB3A
:10906800B4F89431029507EE903A1904B8EE677A8D
:10907800BBF9143044BFDFED767A37EE677A07EE36
:10908800903AF8EEE77AB4F8903187EE87AA1A0496
:1090980006EB46060BEBC61A0BF15A050AF5EE7AF3
:1090A80007EE903AF8EE678A44BFDFED697A78EE0A
:1090B800E78AF3EE097A38EE678AF7EE00AADBED65
:1090C800087A09EE900AF0EE6ABA3846E7EE88BAEE
:1090D80001F036F80BF5ED730BF5CC6201930392B2
:1090E80059A3D3E9002300F0CBFE68EE8A7A41EC5D
:1090F8001C0B41EC1E0B17EE900A01F021F841EC15
:109108001D0BBBF9641607EE901AF8EEE77AA71E56
:1091180067EEAB7A0BF2DD4417EE900A01F010F817
:109128008046DBF81C00894601F00AF853EC1C2B3A
:1091380001F05EF8474B002200F0A4FE02460B4601
:109148004046494601F054F802460B4651EC1D0BC7
:1091580000F096FE01F044FBDDE9018608EE900A76
:10916800DDF80C9037F8023F013407EE903A1B0403
:1091780094F9003007EE103AB8EEC77A94F9C13086
:1091880087EE096AF8EE676A07EE903A48BF76EE0E
:10919800CB6AF8EEE77AB0EE6ACAC7EEA9BA66EE0D
:1091A8008A7AA8EE06CA17EE900A00F0C9FF3AF9C3
:1091B800023F07EE903AF8EEE77A41EC1D0B67EEB6
:1091C8008C7A17EE900A00F0BBFF02460B461BEEA6
:1091D800900A43EC1C2B00F0B3FF53EC1E2B01F05C
:1091E80007F81C4B002200F04DFE02460B4651ECDE
:1091F8001C0B00F0FDFF0B46024651EC1D0B00F066
:109208003FFE01F0EDFA35F8023FDBED066A99ED15
:10921800006A07EE103A07EE900AB8EEC77AE6EE53
:10922800E87AA845A6EEC67A67EE877AE6EC017A70
:1092380098D105B0BDEC0E8BBDE8F08FAFF3008080
:1092480000000000000000406666666666660A4028
:10925800000080470000F03FB0F8E201704700BF0F
:10926800BF282CD810F00F0307D1013080B201EBD2
:1092780080010B6841F8043C7047012B20D00E2B6D
:109288001ED00F2B33D0013001EB8001D1ED006AE5
:10929800D1ED017A11ED026A11ED037A76EEE77AE3
:1092A80036EE477AB0EEE75AF0EEC75AB4EEE55A12
:1092B800F1EE10FA16DC76EEA77A41ED017A7047E6
:1092C80000F18040013801EB8001D1ED027AD1ED47
:1092D800006A77EEA67AB6EE007A67EE877AC1ED75
:1092E800017A704736EE077A01ED017A704700F18E
:1092F8008040013801EB80010B684B60704700BF6C
:10930800B0F94E20B0F84E30B0F94CC0B2F5806FCD
:10931800A8BFA3F50063B0F84C20A8BF9BB2BCF56A
:10932800806FA8BFA2F500624FEA4313A8BF92B2AC
:109338001BB252010B804A80704700BFB0F856300C
:10934800B0F8502007EE903AB3F5806FF8EE677AE0
:1093580028BF9FED167AB0F8543028BF77EEC77A49
:109368009FED137A27EE877A07EE903AB3F5806F70
:10937800F8EE677AB0F8583024BFDFED0C6A77EE64
:10938800E67A06EE903AB4EE006AB0F8523081ED13
:10939800017AFAEEEC6A67EE867A03EB4213C1EDC6
:1093A800027A8B81C1ED046A704700BF0000004556
:1093B80000008039B0F84820B0F84A3003EB421377
:1093C8008B827047B0F866309FED0B7AC3F30803C1
:1093D80007EE903AF8EEE77AF4EEC77AF1EE10FA73
:1093E800C4BF9FED067A77EEC77A9FED057A67EEE0
:1093F800877AC1ED067A704700007F430000004479
:109408000000803CB0F8463007EE903AB3F5806F24
:10941800F8EE677A24BF9FED067A77EEC77A9FED5C
:10942800057A67EE877A01F5CD61C1ED007A70475C
:10943800000000450000003BB0F86630C3F341234C
:1094480081F82430704700BFB0F8443007EE903AF6
:10945800B3F5806FF8EE677A24BF9FED057A77EE53
:10946800C77A9FED047A67EE877AC1ED0A7A70476A
:10947800000000450000003810B43D4C9FED3D6AE7
:10948800DFED3D5A4FF4A002C1E913427823A1F859
:109498005430B0F87430A1F85630B0F87830A1F8EC
:1094A8005830B0F87C30A1F85A30B0F86A30B0F8CB
:1094B800682007EE903AB0F86C3002EE903AB0F8B7
:1094C8006E3003EE103AB0F8703003EE903AB0F810
:1094D800723004EE103AB0F8763004EE903AB0F8F4
:1094E8007A3005EE103AB0F87E3007EE103A0123D4
:1094F800934006EE903AF8EE677AF8EE622AB8EEF4
:10950800433AF8EE633AB8EE444AF8EE644AB8EEE5
:10951800455AB8EE477AC1ED0B7AC1ED0C2A81EDB8
:109528000D3AC1ED0E3A81ED0F4AC1ED104A81EDB9
:10953800115A81ED127A01F12C0301F13002F8EE93
:10954800E66A4C3101E0F2EC017AF4EEC67AF1EE0B
:1095580010FAC8BF77EEE57A87EEA67AC8BFC3EDE2
:10956800007AA3EC017A8B42EDD15DF8044B704789
:10957800D8FFECFF00C07F44000000452DE9F04F04
:109588002DED048B438E9FED7C9AADF54D7D5D09E5
:1095980003F01F031433ADF80E30838E01915A097E
:1095A800804603F01F031433ADF8123038F8363F05
:1095B8001432ADF810205A0903F01F0314350DF1C9
:1095C800180B143214339FED668B8246ADF81420C5
:1095D800ADF8163003AF5E46A94601E037F8029FA2
:1095E80038F8020F00F09AFD044648460D4600F090
:1095F80085FDB0EE480AF0EE680A41EC110B0CF05C
:10960800B3FA204653EC102B294600F01BFF01F05B
:10961800E7F807EE900AC7EE897A0CABE6EC017A18
:109628009E42DBD1019A02F5CC63D2ED067AD3EDE6
:10963800008A4DA7D7E9006768EEE78A0AF23E2854
:109648000DF130090AF2BE3ABBEC018AA8F14004D8
:109658004D4634F8023F07EE903AF8EEE77AB0EE5E
:10966800687AA7EE887A17EE100A00F069FD0246BC
:109678000B463046394600F0E5FE01F0B1F84445A6
:1096880045F8040BE5D104F14008C24509F1800909
:10969800DAD1DDF830A00DAC07EE90AA0DF54C78C4
:1096A8002346B3EC017AB4EE677AF1EE10FAC8BF3C
:1096B800F0EE477A9845F4D19FED307AF4EEC77A08
:1096C800F1EE10FA45D54FF0000977EEA77A09F1C7
:1096D8000109F4EEC77AF1EE10FA5FFA89F9F4D4C9
:1096E800484600F00BFD41EC180B019B244F9FED01
:1096F8001C9B03F15A05002601E054F804ABB0EEB8
:10970800481AF0EE681AB0EE490AF0EE690A0CF051
:109718002BFA50465BEC10AB00F012FD52465B464C
:1097280000F066FD01F05CF800F00AFD32463B46A9
:1097380000F0A8FB01F034F8A04525F8020FDCD1B1
:10974800019B83F8DC910DF54D7DBDEC048BBDE8E4
:10975800F08F9FED078B4FF00009C6E7AFF300804D
:1097680000000000000000408DEDB5A0F7C6B03E37
:10977800000000000000000000E0FF440000004777
:109788000000E03F038C428C10B5B0F824E05B0980
:109798004FF0010C0EEB421E0CFA03FC1FFA8EFE72
:1097A8001FFA8CFC00F17E0201F5EE7100F5FF74E2
:1097B80032F8023F18B2B0F5806FA4BFA3F500637A
:1097C8009BB21CFB03E321F8023FB2F98004B2F814
:1097D8008034B0F5806FA4BFA3F500639BB21CFB77
:1097E80003E3A242A1F88031E2D110BD2DE9F04F88
:1097F800B0F92A30428DB0F82C902DED068BB3F5D8
:10980800806FA4BFA2F500631BB2ADF5437D07EEE0
:10981800903A00F27E3809F01F00B8EEE7AA0191ED
:1098280000F06CFC9FED608B41EC190BC9F34719F4
:1098380002ADC2AC38F8023FB0EE491AF0EE691A30
:10984800B3F5806F4FEA531628BF403EB0EE480A82
:10985800F0EE680A28BFB6B20CF086F948465BEC11
:1098680010AB00F04BFCB0EE480AF0EE680A41EC91
:10987800110B0CF079F930B257EC106B00F04EFC7C
:1098880052465B4600F0B4FC00F0AAFF07EE900ACF
:1098980077EE8A7A17EE900A00F052FC32463B4681
:1098A80000F0D0FD00F09CFF45F8040BA542C1D1A3
:1098B800DDF808B007EE90BA03ADB0EEE77A2B46B4
:1098C800F3EC017AF0EEE77AF4EE477AF1EE10FA6B
:1098D800C8BFB0EE677AA342F2D1DFED377AB4EEB3
:1098E800E77AF1EE10FA5AD54FF0000937EE077A09
:1098F80009F10109B4EEE77AF1EE10FA5FFA89F995
:10990800F4D4484600F0FAFB41EC180B019B2B4FAE
:109918009FED259B03F2DD4800260EE000F010FCC9
:1099280032463B4600F0AEFA00F012FFA54240B2C4
:1099380008F8010F2AD055F804BBB0EE481AF0EE2B
:10994800681AB0EE490AF0EE690A0CF00DF95846AB
:109958005BEC10AB00F0F4FB52465B4600F048FCB1
:1099680000F03EFF07EE900AF5EEC07AF1EE10FA2D
:10997800D4D500F0E5FB32463B4600F081FA00F012
:10998800E7FEA54240B208F8010FD4D1019B83F845
:109998009E950DF5437DBDEC068BBDE8F08F9FEDE0
:1099A800048B4FF00009B1E7000000000000004000
:1099B8000000000000000000000080420000E03FBE
:1099C8002DE9F04FB0F92E30C28DB0F830902DED62
:1099D800068BB3F5806FA4BFA2F500631BB2ADF58B
:1099E800437D07EE903A00F27E3809F01F00B8EE8A
:1099F800E7AA019100F082FB9FED5F8B41EC190B08
:109A0800C9F3471902ADC2AC38F9023FB0EE491AA2
:109A1800F0EE691A03F01F06B0EE480AF0EE680A85
:109A2800DB0648BF203E0CF09FF848465BEC10ABC5
:109A380000F064FBB0EE480AF0EE680A41EC110B46
:109A48000CF092F8304657EC106B00F067FB52466A
:109A58005B4600F0CDFB00F0C3FE07EE900A77EE00
:109A68008A7A17EE900A00F06BFB32463B4600F00C
:109A7800E9FC00F0B5FE45F8040BA542C4D1DDF8B9
:109A880008B007EE90BA03ADB0EEE77A2B46F3ECD8
:109A9800017AF0EEE77AF4EE477AF1EE10FAC8BFF1
:109AA800B0EE677AA342F2D1DFED377AB4EEE77A07
:109AB800F1EE10FA5AD54FF0000937EE077A09F19E
:109AC8000109B4EEE77AF1EE10FA5FFA89F9F4D4F5
:109AD800484600F013FB41EC180B019B2B4F9FED00
:109AE800269B03F29E5800260EE000F029FB324622
:109AF8003B4600F0C7F900F02BFEA54240B208F83B
:109B0800010F2AD055F804BBB0EE481AF0EE681AD7
:109B1800B0EE490AF0EE690A0CF026F858465BECFC
:109B280010AB00F00DFB52465B4600F061FB00F005
:109B380057FE07EE900AF5EEC07AF1EE10FAD4D58A
:109B480000F0FEFA32463B4600F09AF900F000FEBB
:109B5800A54240B208F8010FD4D1019B83F85F9663
:109B68000DF5437DBDEC068BBDE8F08F9FED048BB2
:109B78004FF00009B1E700BF0000000000000040FE
:109B88000000000000000000000080420000E03FEC
:109B98002DE9F843B0F85A30B0F85E20B0F86060AC
:109BA80007EE903AB3F5806F2DED028BB8EE678A19
:109BB80028BFDFED437A044690F85C0028BF38EEF2
:109BC800678A06EB42160D4600F098FA9FED3A0BAD
:109BD80041EC110B0BF0C8FF59EC108B18EE100A72
:109BE80000F0AEFA42464B4600F02CFC00F0F8FDBF
:109BF800B4F8623003F03F0208EE102AB8EEC88AC3
:109C0800F3EE0F7AB4EEE78AF1EE10FAC8BFDFED93
:109C18002D7A0746C3F38710C8BF38EE678A00F06D
:109C28006DFA9FED250B41EC110B0BF09DFF59ECE4
:109C3800108B18EE100A00F083FA42464B4600F0EB
:109C480001FC00F0CDFDB4F86430286203F03F0257
:109C580008EE102AB8EEC88AF3EE0F7AB4EEE78A57
:109C6800F1EE10FAC8BFDFED177AC3F38710C8BF4B
:109C780038EE678A00F042FA9FED0F0B41EC110BAA
:109C88000BF072FF59EC108B18EE100A00F058FA1E
:109C98004B46424600F0D6FB00F0A2FDBDEC028B1D
:109CA80005F5CC6336B2E8611F60A5F86466BDE8C7
:109CB800F88300BFAFF30080000000000000004000
:109CC800000000450000804200F5CD6090ED000ADC
:109CD800704700BF4FF6FF7310B50024A1F86C362B
:109CE8007E30234630F8022F03F1010EBAB9B0F8DE
:109CF80080215AB9B0F8002342B9B0F8802404F1A1
:109D0800010C1AB9A1F86C361FFA8CF41FFA8EF3FD
:109D1800C02B08D0022CE5D16FF0020010BD1FFA4D
:109D28008EF3C02BDED1022C0CBF6FF00200002096
:109D380010BD00BF38B5838A5B0640F18680B0F954
:109D48004E20B0F84E300D46B2F5806FB0F94C1089
:109D5800B0F84C20A4BFA3F500639BB2B1F5806FA7
:109D6800A4BFA2F5006292B25B011BB25201294660
:109D78002B806A80FFF7E2FAB0F84820B0F84A3042
:109D88009FED337A03EB4213AB82B0F86630C3F32E
:109D9800080207EE902AF8EEE77AB0F84620F4EECB
:109DA800C77AF1EE10FAC4BF9FED2A7A77EEC77A28
:109DB8009FED297A67EE877A07EE102AB2F5806F51
:109DC800C5ED067AB8EE477A24BFDFED247A37EE80
:109DD800677ADFED237A27EE277A05F5CD62C3F39C
:109DE800412382ED007A85F82430B0F8443007EE3C
:109DF800903AB3F5806F28BF9FED187AF8EE677A2E
:109E0800044628BF77EEC77A9FED167A67EE877A01
:109E1800C5ED0A7AFFF730FB2946FFF7B9FE294658
:109E28002046FFF7ABFB29462046FFF7ABFC294647
:109E38002046FFF7DBFC29462046FFF7C1FD2946EF
:109E48002046BDE83840FFF745BF6FF0060038BD33
:109E580000007F43000000440000803C00000045F3
:109E68000000003B00000038838A13F0400F0CBF4D
:109E78006FF006000020704781F0004102E000BF4B
:109E880083F0004330B54FEA41044FEA430594EAB2
:109E9800050F08BF90EA020F1FBF54EA000C55EAED
:109EA800020C7FEA645C7FEA655C00F0E2804FEABE
:109EB8005454D4EB5555B8BF6D420CDD2C4480EAA0
:109EC800020281EA030382EA000083EA010180EAD0
:109ED800020281EA0303362D88BF30BD11F0004F1E
:109EE8004FEA01314FF4801C4CEA113102D0404254
:109EF80061EB410113F0004F4FEA03334CEA13338F
:109F080002D0524263EB430394EA050F00F0A780A6
:109F1800A4F10104D5F1200E0DDB02FA0EFC22FAA1
:109F280005F2801841F1000103FA0EF2801843FA95
:109F380005F359410EE0A5F120050EF1200E012A86
:109F480003FA0EFC28BF4CF0020C43FA05F3C018C4
:109F580051EBE37101F0004507D54FF0000EDCF13D
:109F6800000C7EEB00006EEB0101B1F5801F1BD3E6
:109F7800B1F5001F0CD349085FEA30004FEA3C0CEA
:109F880004F101044FEA445212F5800F80F09A80E0
:109F9800BCF1004F08BF5FEA500C50F1000041EBE4
:109FA800045141EA050130BD5FEA4C0C404141EBE8
:109FB8000101013C28BFB1F5801FE9D291F0000FE3
:109FC80004BF01460020B1FA81F308BF2033A3F192
:109FD8000B03B3F120020CDA0C3208DD02F1140C89
:109FE800C2F10C0201FA0CF021FA02F10CE002F1C4
:109FF8001402D8BFC2F1200C01FA02F120FA0CFCBD
:10A00800DCBF41EA0C019040E41AA2BF01EB045105
:10A01800294330BD6FEA04041F3C1CDA0C340EDC03
:10A0280004F11404C4F1200220FA04F001FA02F346
:10A0380040EA030021FA04F345EA030130BDC4F104
:10A048000C04C4F1200220FA02F001FA04F340EAF9
:10A058000300294630BD21FA04F0294630BD94F0AA
:10A06800000F83F4801306BF81F480110134013D91
:10A078004EE77FEA645C18BF7FEA655C29D094EA02
:10A08800050F08BF90EA020F05D054EA000C04BF80
:10A098001946104630BD91EA030F1EBF002100206B
:10A0A80030BD5FEA545C05D14000494128BF41F00A
:10A0B800004130BD14F580043CBF01F5801130BD6E
:10A0C80001F0004545F0FE4141F470014FF00000F9
:10A0D80030BD7FEA645C1ABF194610467FEA655CAA
:10A0E8001CBF0B46024650EA013406BF52EA03354C
:10A0F80091EA030F41F4002130BD00BF90F0000F3A
:10A1080004BF0021704730B54FF4806404F1320475
:10A118004FF000054FF0000150E700BF90F0000F2E
:10A1280004BF0021704730B54FF4806404F1320455
:10A1380010F0004548BF40424FF000013EE700BF25
:10A1480042004FEAE2014FEA31014FEA02701FBFB5
:10A1580012F07F4393F07F4F81F06051704732F0E7
:10A168007F4208BF704793F07F4F04BF41F400213E
:10A17800704730B54FF4607401F0004521F000419C
:10A188001CE700BF50EA010208BF704730B54FF026
:10A1980000050AE050EA010208BF704730B511F027
:10A1A800004502D5404261EB41014FF4806404F15F
:10A1B80032045FEA915C3FF4D8AE4FF003025FEAE5
:10A1C800DC0C18BF03325FEADC0C18BF033202EB69
:10A1D800DC02C2F1200300FA03FC20FA02F001FAC3
:10A1E80003FE40EA0E0021FA02F11444BDE600BF66
:10A1F80070B54FF0FF0C4CF4E06C1CEA11541DBF15
:10A208001CEA135594EA0C0F95EA0C0F00F0DEF8DF
:10A218002C4481EA030621EA4C5123EA4C5350EAC4
:10A22800013518BF52EA033541F4801143F4801315
:10A2380038D0A0FB02CE4FF00005E1FB02E506F0A6
:10A248000042E0FB03E54FF00006E1FB03569CF0FB
:10A25800000F18BF4EF0010EA4F1FF04B6F5007F01
:10A2680064F5407404D25FEA4E0E6D4146EB060673
:10A2780042EAC62141EA55514FEAC52040EA5E50FC
:10A288004FEACE2EB4F1FD0C88BFBCF5E06F1ED8A6
:10A29800BEF1004F08BF5FEA500E50F1000041EBDD
:10A2A800045170BD06F0004646EA010140EA02008A
:10A2B80081EA0301B4EB5C04C2BFD4EB0C0541EAAC
:10A2C800045170BD41F480114FF0000E013C00F3C1
:10A2D800AB8014F1360FDEBF002001F0004170BDE5
:10A2E800C4F10004203C35DA0C341BDC04F11404FE
:10A2F800C4F1200500FA05F320FA04F001FA05F28A
:10A3080040EA020001F0004221F0004110EBD37056
:10A3180021FA04F642EB06015EEA430E08BF20EA82
:10A32800D37070BDC4F10C04C4F1200500FA04F325
:10A3380020FA05F001FA04F240EA020001F00041B7
:10A3480010EBD37041F100015EEA430E08BF20EA2A
:10A35800D37070BDC4F1200500FA05F24EEA020E72
:10A3680020FA04F301FA05F243EA020321FA04F0A1
:10A3780001F0004121FA04F220EA020000EBD37058
:10A388005EEA430E08BF20EAD37070BD94F0000F58
:10A398000FD101F00046400041EB010111F4801F8C
:10A3A80008BF013CF7D041EA060195F0000F18BF3D
:10A3B800704703F00046520043EB030313F4801F79
:10A3C80008BF013DF7D043EA0603704794EA0C0F33
:10A3D8000CEA135518BF95EA0C0F0CD050EA410649
:10A3E80018BF52EA4306D1D181EA030101F00041C6
:10A3F8004FF0000070BD50EA410606BF10461946EE
:10A4080052EA430619D094EA0C0F02D150EA0136F9
:10A4180013D195EA0C0F05D152EA03361CBF10463A
:10A4280019460AD181EA030101F0004141F0FE41D9
:10A4380041F470014FF0000070BD41F0FE4141F45D
:10A44800780170BD70B54FF0FF0C4CF4E06C1CEA5D
:10A4580011541DBF1CEA135594EA0C0F95EA0C0F12
:10A4680000F0A7F8A4EB050481EA030E52EA0335CD
:10A478004FEA013100F088804FEA03334FF08055EE
:10A4880045EA131343EA12634FEA022245EA11151B
:10A4980045EA10654FEA00260EF000419D4208BFCC
:10A4A800964244F1FD0404F5407402D25B084FEA79
:10A4B8003202B61A65EB03055B084FEA32024FF425
:10A4C80080104FF4002CB6EB020E75EB030E22BF82
:10A4D800B61A754640EA0C005B084FEA3202B6EB42
:10A4E800020E75EB030E22BFB61A754640EA5C00F1
:10A4F8005B084FEA3202B6EB020E75EB030E22BF81
:10A50800B61A754640EA9C005B084FEA3202B6EB81
:10A51800020E75EB030E22BFB61A754640EADC0040
:10A5280055EA060E18D04FEA051545EA16754FEAA2
:10A5380006164FEAC30343EA52734FEAC2025FEAC0
:10A548001C1CC0D111F4801F0BD141EA00014FF04F
:10A5580000004FF0004CB6E711F4801F04BF014320
:10A568000020B4F1FD0C88BFBCF5E06F3FF6AFAE3C
:10A57800B5EB030C04BFB6EB020C5FEA500C50F1CC
:10A58800000041EB045170BD0EF0004E4EEA11314F
:10A5980014EB5C04C2BFD4EB0C0541EA045170BD56
:10A5A80041F480114FF0000E013C90E645EA060E9A
:10A5B8008DE60CEA135594EA0C0F08BF95EA0C0FC8
:10A5C8003FF43BAF94EA0C0F0AD150EA01347FF410
:10A5D80034AF95EA0C0F7FF425AF104619462CE7E7
:10A5E80095EA0C0F06D152EA03353FF4FDAE10464A
:10A5F800194622E750EA410618BF52EA43067FF49B
:10A60800C5AE50EA41047FF40DAF52EA43057FF42A
:10A61800EBAE12E74FF0FF3C06E000BF4FF0010C35
:10A6280002E000BF4FF0010C4DF804CD4FEA410C99
:10A638007FEA6C5C4FEA430C18BF7FEA6C5C1BD066
:10A6480001B050EA410C0CBF52EA430C91EA030FE7
:10A6580002BF90EA020F0020704710F1000F91EA44
:10A66800030F58BF994208BF90422CBFD8176FEA12
:10A67800E37040F0010070474FEA410C7FEA6C5CE0
:10A6880002D150EA013C07D14FEA430C7FEA6C5CE7
:10A69800D6D152EA033CD3D05DF8040B704700BF13
:10A6A8008446104662468C461946634600E000BF61
:10A6B80001B5FFF7B7FF002848BF10F1000F01BD33
:10A6C8004DF808EDFFF7F4FF0CBF012000205DF8FE
:10A6D80008FB00BF4DF808EDFFF7EAFF34BF012083
:10A6E80000205DF808FB00BF4DF808EDFFF7E0FF1C
:10A6F80094BF012000205DF808FB00BF4DF808ED6D
:10A70800FFF7CEFF94BF012000205DF808FB00BFD3
:10A718004DF808EDFFF7C4FF34BF012000205DF8B5
:10A7280008FB00BF4FEA410C7FEA6C5C02D150EA9B
:10A73800013C0AD14FEA430C7FEA6C5C02D152EA31
:10A74800033C02D14FF0000070474FF00100704702
:10A758004FEA410212F5001215D211D56FF4787341
:10A76800B3EB625212D94FEAC12343F0004343EAE4
:10A77800505311F0004F23FA02F018BF40427047BF
:10A788004FF00000704750EA013005D111F0004049
:10A7980008BF6FF0004070474FF00000704700BFDF
:10A7A8004A0011D212F5001211D20DD56FF4787348
:10A7B800B3EB62520ED44FEAC12343F0004343EA9D
:10A7C800505323FA02F070474FF00000704750EAE8
:10A7D800013002D14FF0FF3070474FF00000704752
:10A7E8004FEA4102B2F1E04324BFB3F5001CDCF1AB
:10A7F800FE5C0DD901F0004C4FEAC0024CEA5070E3
:10A80800B2F1004F40EB830008BF20F00100704711
:10A8180011F0804F21D113F13872BCBF01F0004014
:10A82800704741F480114FEA5252C2F11802C2F146
:10A83800200C10FA0CF320FA02F018BF40F00100C7
:10A848004FEAC1234FEAD32303FA0CFC40EA0C0079
:10A8580023FA02F34FEA4303CCE77FEA625307D1B6
:10A8680050EA01331EBF4FF0FE4040F440007047ED
:10A8780001F0004040F0FE4040F40000704700BF87
:10A8880053B94AB9002908BF00281CBF4FF0FF314F
:10A898004FF0FF3000F074B9ADF1080C6DE904CE4B
:10A8A80000F006F8DDF804E0DDE9022304B07047A3
:10A8B8002DE9F047089D04468E46002B4DD18A426B
:10A8C800944669D9B2FA82F252B101FA02F3C2F19E
:10A8D800200120FA01F10CFA02FC41EA030E94402F
:10A8E8004FEA1C48210CBEFBF8F61FFA8CF708FB50
:10A8F80016E341EA034306FB07F199420AD91CEB28
:10A90800030306F1FF3080F01F81994240F21C8159
:10A91800023E63445B1AA4B2B3FBF8F008FB1033A1
:10A9280044EA034400FB07F7A7420AD91CEB0404D6
:10A9380000F1FF3380F00A81A74240F207816444A6
:10A94800023840EA0640E41B00261DB1D44000232B
:10A95800C5E900433146BDE8F0878B4209D9002D8F
:10A9680000F0EF800026C5E9000130463146BDE819
:10A97800F087B3FA83F6002E4AD18B4202D3824283
:10A9880000F2F980841A61EB030301209E46002D32
:10A99800E0D0C5E9004EDDE702B9FFDEB2FA82F287
:10A9A800002A40F09280A1EB0C014FEA1C471FFAE5
:10A9B8008CFE0126200CB1FBF7F307FB131140EACC
:10A9C80001410EFB03F0884208D91CEB010103F199
:10A9D800FF3802D2884200F2CB804346091AA4B25B
:10A9E800B1FBF7F007FB101144EA01440EFB00FE2F
:10A9F800A64508D91CEB040400F1FF3102D2A64594
:10AA080000F2BB800846A4EB0E0440EA03409CE732
:10AA1800C6F12007B34022FA07FC4CEA030C20FADF
:10AA280007F401FA06F31C43F9404FEA1C4900FAFF
:10AA380006F3B1FBF9F8200C1FFA8CFE09FB18117C
:10AA480040EA014108FB0EF0884202FA06F20BD9EF
:10AA58001CEB010108F1FF3A80F08880884240F23F
:10AA68008580A8F102086144091AA4B2B1FBF9F083
:10AA780009FB101144EA014100FB0EFE8E4508D97E
:10AA88001CEB010100F1FF346CD28E456AD9023803
:10AA9800614440EA0840A0FB0294A1EB0E01A142E8
:10AAA800C846A64656D353D05DB1B3EB080261EB56
:10AAB8000E0101FA07F722FA06F3F1401F43C5E930
:10AAC800007100263146BDE8F087C2F12003D84066
:10AAD8000CFA02FC21FA03F3914001434FEA1C47A8
:10AAE8001FFA8CFEB3FBF7F007FB10360B0C43EA9A
:10AAF800064300FB0EF69E4204FA02F408D91CEB4A
:10AB0800030300F1FF382FD29E422DD90238634447
:10AB18009B1B89B2B3FBF7F607FB163341EA0341E7
:10AB280006FB0EF38B4208D91CEB010106F1FF3836
:10AB380016D28B4214D9023E6144C91A46EA00462D
:10AB480038E72E46284605E70646E3E61846F8E6BF
:10AB58004B45A9D2B9EB020864EB0C0E0138A3E708
:10AB68004646EAE7204694E74046D1E7D0467BE7E9
:10AB7800023B614432E7304609E76444023842E761
:10AB8800704700BFDFF834D000F026F80C480D49B4
:10AB98000D4A002302E0D458C4500433C4188C4230
:10ABA800F9D30A4A0A4C002301E013600432A24296
:10ABB800FBD30CF019F806F01BFFFEE700A00020FD
:10ABC800000000207C000020A89101087C000020E3
:10ABD800C84E0020FEE70000034AD2F8883043F44C
:10ABE8007003C2F88830704700ED00E00A4B10B5DA
:10ABF8001880044601F00AFD902001F0B7FD0120FD
:10AC080001F0B4FD200A01F0B1FDE0B201F0AEFDA3
:10AC1800BDE8104001F056BD040000200B4B10B5F4
:10AC28001C8801F0F3FC902001F0A0FD44F40044DE
:10AC3800012001F09BFD200A01F098FDE0B201F02F
:10AC480095FDBDE8104001F03DBD00BF04000020A7
:10AC580038B501F0DBFC902001F088FDB8B1002088
:10AC680001F084FD98B101F0D1FC912001F07EFD46
:10AC780068B1012001F02CFE0546002001F028FEF5
:10AC8800044601F01FFD44EA052000B238BD01F07A
:10AC980019FD002038BD00BF274B1A68B2F5A87F00
:10ACA80000D070471B69022BFBD92449244AB1F80C
:10ACB80001302448097811705BBA03801378012B9E
:10ACC800D9B214D01378022B14D000231E4A194687
:10ACD80003EB430C02EB0C000133082B02F80C10B9
:10ACE80041708170F4D1194B01221A707047184BCA
:10ACF8001970704700B572B61649174A174B91F884
:10AD080000E092F800C018785FFA8EFE5FFA8CFCBB
:10AD1800C0B262B60C4A002101EB4103013102F8CE
:10AD280003E01344082983F801C09870F4D1074B55
:10AD380001221A705DF804FB804E0020784E002036
:10AD48003B4B0020444B0020604E0020B54E0020B5
:10AD5800B44E00205C4E00205B4E00205A4E00206E
:10AD6800F8B5204B1A68B2F5F87F00D0F8BD1B691A
:10AD7800042BFBD91C4B1B7803F0FF05002BF5D1E6
:10AD880072B61A4E1A4834781A4F4FF4005108F028
:10AD980085FDA4F10104B4FA84F46409A0424FF4D7
:10ADA8000051134818BF3D60224608F07DFDD6F8D3
:10ADB800013019BA13B9396062B6F8BD0E4A0F4BA3
:10ADC800116000243960224609481C704FF48051F4
:10ADD80008F06AFD064822464FF4804108F064FDF9
:10ADE800EAE700BF804E002008000020784E0020CF
:10ADF80000040048AC4E00200C000020A84E0020A3
:10AE080038B5474C474B2246002108F03FF900B1BE
:10AE180038BD07F0BBF9444D444B186000F0AEFA5A
:10AE28002B781BB12368B3F5807FF1D100F058F976
:10AE380000F080FE2B78002BEAD13D4B1B78182BB5
:10AE4800E6D801A252F823F0E5AE0008B5AE000836
:10AE5800B5AE0008B5AE000819AE000821AF00086D
:10AE6800B5AE0008B5AE000819AF000811AF00086C
:10AE780009AF000819AE0008B5AE0008F1AE000829
:10AE8800BDAE000819AE0008B5AE000801AF000855
:10AE9800F9AE0008DDAE000819AE0008D5AE00080E
:10AEA800CDAE0008C5AE0008BDAE0008BDE838400C
:10AEB80000F01ABDBDE8384001F040B9BDE838409F
:10AEC80000F070BDBDE8384000F0CCBFBDE83840A8
:10AED800FFF746BFBDE8384000F084BC00F03AFFF9
:10AEE800BDE8384000F000BDBDE8384000F072B859
:10AEF800BDE8384001F0F0B8BDE8384000F088B847
:10AF0800BDE8384000F074BDBDE8384000F0A8BC8A
:10AF1800BDE83840FFF7C0BEBDE8384000F00AB8C9
:10AF2800804E0020784E0020B04E0020484B002074
:10AF3800384B002038B51F4B1A68B2F5A07F00D0F7
:10AF480038BD1B69012BFBD91B4B1B78002BF7D194
:10AF58001A4D1B4C2B78237007F018F96A78194B97
:10AF6800A2F10102B2FA82F21860520910214FF0E0
:10AF7800904008F099FC23781349144A40F67F4022
:10AF880000FB03F312681248A1FB0313DB095363A8
:10AF9800237803F0FF0233B1BDE8384001224FF4B3
:10AFA800007108F081BCBDE838404FF4007108F02A
:10AFB8007BBC00BF804E002008000020784E002097
:10AFC8005C4B0020544B002081808080044D002081
:10AFD800000400480B4B1A68B2F5D87F00D07047C0
:10AFE8001B69002BFBD0084B1B78002BF7D1074BB4
:10AFF8001A78003A4FF002014FF0904018BF012232
:10B0080008F052BC804E002008000020784E002036
:10B018002E4A1368B3F5107F26D040F2412293429E
:10B0280015D040F24222934221D110B5284B1B780B
:10B03800052B88B01CD002226946222001F06CFD45
:10B0480018B1244808F00EF838BB08B010BD224BE0
:10B058001B7803F0FF0253B91D4B1B78052B2DD02D
:10B068001E49212001F026BD1269022A09D0704725
:10B07800FFF7EEFDC0F307238DF800308DF80100CF
:10B08800DFE7154B1B78002BF1D1114B1B78052BF3
:10B0980016D01249202001F00DBD40F242200221B5
:10B0A80000240290069101AB6A4602A909488DF86E
:10B0B8001C40CDE9044407F057FFC6E7FFF7AEBDD3
:10B0C800064B188840BA80B2FFF790BD804E00202A
:10B0D8005E4B0020B44B002008000020784E002072
:10B0E8002DE9F041914D2B68B3F5C07F92B03ED069
:10B0F800B3F5C17F74D0B3F5C97F09D0B3F5807FAC
:10B1080003D12B69082B00F0A28012B0BDE8F081B2
:10B118002B69042BF9D1864B1A78E32AF5D15A7892
:10B12800A52AF2D19A78E02AEFD1DE78FF2EECD169
:10B138002222314609A80BF099FD222209A90020F4
:10B1480001F0F0FD00247B4B7B481C702222214635
:10B158000BF08CFD7948222231460BF087FD7848A8
:10B1680007F080FF002840F0CF802B68C6E72B69E6
:10B17800012BCAD96E4A92F80080B8F1070F28BF90
:10B188004FF00708013B984588BF5FFA83F8002213
:10B1980004214FF090408DF80C8008F085FBB8F141
:10B1A800000F0FD0674C08F1FF37631C0DF10D0637
:10B1B80053FA87F714F8010B01F02CFDBC4206F88E
:10B1C800010BF7D14FF090400122042108F06CFBED
:10B1D8005B4807F047FF30BB2B68B3F5C17F8AD1C6
:10B1E800574807F03FFF08B92B6884E74FF4004140
:10B1F800554808F053FBA0F10100B0FA80F0002197
:10B20800400940F28313CDE90B1101248DF80400A5
:10B2180009938DF8381003AB01AA09A948480D9481
:10B2280007F0A2FEE0E708F1010800215FFA88F2C2
:10B2380040F28110CDE90B1109900D928DF838106C
:10B2480001AB03AA09A93E4807F08EFEC4E7384CB3
:10B258003E4B3F4A61782078187001255970A178D3
:10B268009970157006F092FF3A4B3B49E2783B4FD4
:10B278003B4E00F51C50103008601A70394A23798B
:10B2880015703B70384D63793370A3792B70374B49
:10B298001B78082B1DD0E479354900230FE0387856
:10B2A800C0B2885430780A44C0B2507028785A0026
:10B2B800C0B21A440A440133082B907020D003EB23
:10B2C8004302002CEBD18C540A44204654705A0097
:10B2D800EFE7284B1B78022B12D172B63B783478F3
:10B2E8002878E4B2DDB2C0B262B62149002202EB8E
:10B2F80042030132CD540B44082A5C709870F6D191
:10B308001D4B01221A7000E740F2911108220391A7
:10B3180007926B4601AA03A909488DF82040CDE998
:10B328000144CDE9054407F01FFE1EE7804E0020CA
:10B33800784E0020604B0020384E0020F04D002051
:10B34800B44B0020794E0020000800482C4E002005
:10B35800244E0020324E0020284E00205C4E002053
:10B368005B4E0020304E00205A4E0020384B002003
:10B37800604E00203B4B0020B54E002030B5A04C5D
:10B388002368B3F5FE6F8BB070D0B3F5FF6F00F094
:10B39800E58040F2FB72934200F0C880B3F5887FE5
:10B3A80000F0D080B3F5C87F7FD0B3F5D07F61D1EE
:10B3B80023692BB1934B1B78062B01D8924A137043
:10B3C800924807F04FFE002840F06B812368B3F5E0
:10B3D800D17F56D123692BB18A4B1B78192B01D801
:10B3E8008B4A1370894807F03DFE002840F04081E1
:10B3F8002368B3F5D27F4BD123691BB1814A854BB2
:10B4080012781A70814807F02DFE002840F0188144
:10B418002368B3F5D37F42D1236973B1794B1B7885
:10B42800032B0AD87C49784A0B701378032B00F059
:10B43800B5811378042B00F0B181744807F012FE2F
:10B4480088B3754B002019788DF8041040F2A712C4
:10B45800CDE90600012404928DF8240002AB01AA6C
:10B4680004A96A48089407F07FFD1CE02269042AB1
:10B4780000F0818040F2A1129342A1D0B3F5D17FB0
:10B48800A8D040F2A3129342ACD0B3F5D27FB3D088
:10B4980040F2A5129342B5D0B3F5D37FBCD0A3F543
:10B4A800D373012BC9D90BB030BD584807F0DAFD6A
:10B4B800002835D0594B5A49DA88097858798DF8D7
:10B4C8000810197E8DF809008DF80A1002B91A893A
:10B4D800987A8DF80C20110A8DF80B1000B9187B9A
:10B4E800597BDD7A9A7B8DF80D0055EA01034FF000
:10B4F80000010CBF0B46012308208DF80E3040F2E6
:10B508009113CDE906118DF80F2004930DEB00027D
:10B5180008908DF824103D4801AB04A907F024FDDC
:10B528002368B3F5D07F3FF443AFA3E7374D2846F0
:10B5380007F098FD002840F0C9802368B3F5887F9C
:10B548007FF430AF314807F08DFD002840F0FC80D3
:10B558002368B3F5C87F7FF428AFA6E72B4807F028
:10B5680081FD002840F0CB80236840F2FB729342B3
:10B578007FF414AFDAE7234A1178B0297FF47AAF61
:10B58800517807297FF476AF91781D297FF479AF38
:10B59800D2785A2A7FF475AF224A234B12681B6867
:10B5A80022480024546340215C63012208F07CF99E
:10B5B8001E4822464FF4007108F076F9224602210F
:10B5C8004FF0904008F070F9194B1B78092B00F0E8
:10B5D800EC800023174A049302E0049B0133049390
:10B5E800049B9342F9D9BFF34F8F1349134BCA6891
:10B5F80002F4E0621343CB60BFF34F8F00BFFDE757
:10B60800804E0020784E00205E4B0020B44B002076
:10B618005F4B00204E4B00202F4E0020384E00205C
:10B62800604B0020044D0020504D002000040048CD
:10B63800384B0020FFE1040000ED00E00400FA05AB
:10B648005D4B032200211B788DF8042040F2A510E1
:10B658000222CDE906118DF80530049008928DF884
:10B66800241002AB01AA04A9544807F07DFCCFE6D8
:10B67800534A544B12781B788DF80420002140F26D
:10B68800A3100222CDE906118DF805300490089226
:10B698008DF8241002AB01AA04A9484807F064FCFD
:10B6A800A6E6494B00211A788DF8042040F2A11330
:10B6B8000120CDE90611049308908DF8241002ABFF
:10B6C80001AA04A93D4807F04FFC7FE62B689B6957
:10B6D800180C1B0E002140F2FC728DF80530022375
:10B6E800CDE906118DF80400049208938DF8241012
:10B6F800284602AB01AA04A907F036FC1DE703227D
:10B70800CC20002101238DF809208DF80A208DF81E
:10B718000B0040F2F9720820CDE906118DF80810E7
:10B728008DF80C308DF80D108DF80E308DF80F3027
:10B73800049208900DEB00028DF8241001AB04A9C7
:10B748001E4807F011FC0FE720482149214A0078DC
:10B75800214B097812781B788DF80400003918BF3E
:10B768000121003A18BF0122003B18BF01238DF8C0
:10B77800051040F2111000218DF806200422CDE9B1
:10B7880006118DF80730049008928DF8241002AB4A
:10B798006A4404A9094807F0E7FBD9E60F490122E2
:10B7A800142001F087F9236879E60D4822464021E4
:10B7B80008F07AF80DE700BF4E4B0020B44B00208C
:10B7C800090000205F4B00205E4B0020384B002012
:10B7D800B04E0020464B002008000020784E002084
:10B7E8000004004838B5154B1A68B2F5F07F00D050
:10B7F80038BD1B69022BFBD9114B1B78002BF7D1E5
:10B80800104D114A2B88114C5BBA138006F0BEFC10
:10B818000F4AAB781060237006F0B8FC0D4B0E4948
:10B82800186023780D4A40F67F4000FB03F3126846
:10B83800A1FB0313DB09536338BD00BF804E002012
:10B8480008000020784E0020B24E0020844C0020D2
:10B85800A04E0020884C002081808080044D00206C
:10B86800194B1A68B2F5B07F00D070471B69012BDD
:10B87800FBD970B5154B1B7803F0FF0403B170BDFD
:10B88800134D144E2B78337006F080FC6A78124BF7
:10B89800012A18600DD0114B11481B68A2F1010252
:10B8A800B2FA82F25C635209BDE87040402107F0A9
:10B8B800FBBF34780B4B40F67F4101FB04F4A3FB3C
:10B8C8000434E409E7E700BF804E002008000020A8
:10B8D800784E0020EC4D0020E84D0020044D00205B
:10B8E8000004004881808080254B1A68B2F5907F5B
:10B8F80000D070471B69042BFBD92DE9F041214B7F
:10B908001B7803F0FF040BB1BDE8F08172B61E4D41
:10B918001E4895F800801E4F202107F0BFFFA8F1B0
:10B928000106B6FA86F67609B0423246174818BFBD
:10B938003C60202107F0B8FFD5F8012013BADAB12E
:10B948001449154A0B603B6012783AB91349B8F1AB
:10B95800010F0A6818BF5B4213440B600024104BA8
:10B968000A481C702246082107F09EFF0748224615
:10B97800402107F099FF00E03B6062B6C4E700BFD2
:10B98800804E002008000020784E00200004004867
:10B99800AC4E00200C000020384B0020A44E0020A4
:10B9A800A84E00200F4B1A68B2F50C7F0FD040F25A
:10B9B80031218A4200D070471A69032AFBD10A4B09
:10B9C8001B78002BF7D10949312001F073B81A69A7
:10B9D800032AF0D1044B1B78002BECD1034930200B
:10B9E80001F068B8804E002008000020784E002042
:10B9F800404AF8B51368B3F5B87F22D040F2731106
:10BA08008B4206D0B3F5BC7F02D11369002B4AD113
:10BA1800F8BD1369002BFBD0374A384B12781A70DF
:10BA28001B783749374A03EB8300C3EB402312687E
:10BA3800A1FB0313DB09536306F0A8FB324B186024
:10BA4800F8BD1369052BE3D92B4C304A23885BBA20
:10BA5800138006F09BFB2E4A2E4B10601B7803F0D8
:10BA6800FF06002BD4D172B6A5782B482B4F202186
:10BA780007F014FFA5F10105B5FA85F56D09A8428F
:10BA88002A464FF02001244818BF3E6007F00CFFFB
:10BA98002379E17862791B0243EA0143134317D102
:10BAA8003B6062B6F8BD144A1D4B12781A701B78B9
:10BAB80013491C4A03EB8300C3EB40231268A1FB24
:10BAC8000313DB09536306F061FB174B1860F8BDDD
:10BAD800164A174D1360002422460F483B60082180
:10BAE8002C7007F0E1FE0C482246402107F0DCFEEE
:10BAF800D7E700BF804E0020784E0020184E002067
:10BB080081808080044D00201C4E0020B24E002011
:10BB18009C4C00200800002000040048AC4E002087
:10BB2800904C0020504D0020944C00200C00002028
:10BB3800A84E002070B5814B1C68B4F5047F8AB00C
:10BB48005DD040F21122944227D040F21222944252
:10BB580029D040F21322944240D0B4F5057F48D052
:10BB680040F21522944263D040F2162294427AD0D1
:10BB780040F2172294427ED040F21922944244D0D7
:10BB8800B4F5087F40F0A9801A69012A09D96C49DF
:10BB9800013A11F8010CD2B226E01A69082A00F01D
:10BBA800C6800AB070BD1B69082BFAD1654C237892
:10BBB800032BF6D8644D654905EBC30201330868C9
:10BBC8004968DBB2042B03C22370EAD1202229463C
:10BBD800022000F06FFF00232370E2E71A69002AB1
:10BBE800DFD05A49D2B203200AB0BDE8704000F055
:10BBF80061BF1A69082AD4D154490420F4E71A69A4
:10BC0800042ACED151490220EEE7012269460720D5
:10BC180000F082FF0028C4D04D4807F023FA00281E
:10BC2800BFD0002440F21920012101AB6A4649E047
:10BC380001226946002000F06FFF0028B1D0444877
:10BC480007F010FA0028ACD001210025089101ABBB
:10BC58006A4604A93E480494CDE906558DF8245057
:10BC680007F082F99DE701226946052000F054FF9C
:10BC7800002896D0E3E70A2201A9062000F04CFF2D
:10BC880000288ED0324807F0EDF978B140F217203D
:10BC980008210024049008912D488DF824406B4613
:10BCA80001AA04A9CDE9064407F05EF9284807F07F
:10BCB800D9F900283FF475AF00244FF4067002212B
:10BCC8006B4603AA0490089121488DF8244004A9E2
:10BCD800CDE9064407F048F963E740F2212294428F
:10BCE8007FF45FAF1B69022B7FF45BAF174B5D7866
:10BCF8001878082D28BF08252A4601A900F00CFF4E
:10BD080000283FF44EAF124807F0ACF900283FF482
:10BD180048AF00266B4601AA04A90D480494CDE952
:10BD2800066608958DF8246007F01EF939E7054B7B
:10BD38000649002401201C7056E700BF804E0020F1
:10BD4800794E0020B800002098000020784E00208E
:10BD5800B44B002010B52A4C2368B3F5987F88B0FF
:10BD68002FD040F23112934204D0B3F5997F04D01A
:10BD780008B010BD2369042B31D0224807F072F9AE
:10BD88000028F5D0204B1B688DF80330190E1A0CCB
:10BD98004FF499708DF800108DF8012004211A0ACB
:10BDA80000248DF802200DEB0103029006916A46EB
:10BDB80002A914488DF81C40CDE9044407F0D4F8D2
:10BDC800D6E72369012BD3D9104B114A1B885BBADC
:10BDD800138006F0DBF90F4A23681060C1E70B4BAC
:10BDE8001A78522AC9D15A78532AC6D19A78502A31
:10BDF800C3D1DB78302BC0D1034B00221A60BCE7DB
:10BE0800804E0020B44B0020A44E0020784E002025
:10BE1800B24E0020A04E00202DE9F047104E88B009
:10BE28000C46804601F1200A00254FF008093046EB
:10BE380007F018F90746224601AB02A93046083434
:10BE48005FB1CDE90455CDF80880CDF818908DF88C
:10BE58001C5007F089F85445E9D108B0BDE8F087CF
:10BE6800B44B0020964A1368B3F5147F47D010B539
:10BE780040F251218B428AB027D040F252218B42A6
:10BE880053D0B3F5157F38D11369002B35D08D4BBE
:10BE98001A78062A00F003811A78062A00F0AF8083
:10BEA8001A78062A00F0BB801B78062B25D0864B13
:10BEB80002AA19781320202300F06AFEE8B102A92B
:10BEC80040F25520FFF7A8FF17E07E4B1A780021B3
:10BED800062A8DF8031053D01A78062A59D01A78F2
:10BEE800062A5FD01B78062B41D1FF238DF803303B
:10BEF800764807F0B7F800285DD10AB010BD744B3A
:10BF08001B788BB96F4B1A78062A66D01A78062ADE
:10BF180069D01A78062A6CD01B78062B04D06A4997
:10BF28000022102000F0C6BD70471369002BE4D032
:10BF3800644B1A78062A00F082801A78062A00F0E4
:10BF48008E801A78062A00F09A801B78062BD4D0A7
:10BF58005D4B02AA19781220202300F019FE002850
:10BF6800CBD002A940F25320FFF756FFC5E70122C4
:10BF78000DF10301112000F0CFFD0028BDD0B7E777
:10BF8800544A1278012AA7D101F0CCFE8DF803009B
:10BF9800AEE7504A1278022AA1D101F0FFFF8DF8CE
:10BFA8000300A5E74B4A1278032A9BD102F024F933
:10BFB8008DF803009CE740F25120012100240290F3
:10BFC800069101AB0DF1030202A940488DF81C400F
:10BFD800CDE9044406F0C8FF8FE73E4A1278012AEB
:10BFE80094D101F071BE3B4A1278022A91D101F036
:10BFF800A7BF384A1278032A8ED102F0E9B8354A29
:10C008001278022A7FF44CAF2F4B02A9187801F05E
:10C01800EDFF02A940F25520FFF7FEFE6DE72D4A1D
:10C028001278032A7FF440AF274B02A9187802F050
:10C0380029F902A940F25520FFF7EEFE5DE7254AEF
:10C048001278012A7FF479AF1F4B02A9187801F002
:10C058006FFE02A940F25320FFF7DEFE4DE71D4AAE
:10C068001278022A7FF46DAF174B02A9187801F0F5
:10C078009BFF02A940F25320FFF7CEFE3DE7154A89
:10C088001278032A7FF461AF0F4B02A9187802F0E7
:10C09800D7F802A940F25320FFF7BEFE2DE70D4A5C
:10C0A8001278012A7FF4F8AE074B02A9187801F03C
:10C0B80061FE02A940F25520FFF7AEFE1DE700BF62
:10C0C800804E00205E4B0020784E0020B44B0020AC
:10C0D800080000202F4E0020114B1A68B2F5E87FA7
:10C0E80000D070471B69002BFBD00E4B1B78002B30
:10C0F800F7D110B50C4B0D4C1B78237006F046F8A1
:10C108000B4B0C49186023780B4A40F67F4000FB24
:10C1180003F31268A1FB0313DB09536310BD00BFCF
:10C12800804E002008000020784E0020B64E0020E7
:10C13800B84E002081808080044D002070B5254CC9
:10C1480023788BB9244B1A68B2F5E07F0DD0B2F58D
:10C15800007F09D11B69022B06D9204B1B781BB91C
:10C168001F4B1B78182B2DD070BD1B69022BFBD9D8
:10C178001A4B1B78002BF7D1194B1B780E2BF3D1D8
:10C18800184E3578012DEFD11748082107F086FBA6
:10C198000028E9D1B6F80130144A5BBA9BB2B3F56E
:10C1A800FA6F28BF4FF4FA63138005F0EFFF104BC6
:10C1B8002A461860022125704FF09040BDE8704073
:10C1C80007F072BB074B1D78012DCDD1B3F80130B4
:10C1D800E2E700BFBC4E0020804E0020080000208F
:10C1E800384B0020784E002000040048BE4E002046
:10C1F800C04E002010B50B4C237803B910BD05F0D4
:10C20800C5FF094A094B12681B88801A9BB29842DD
:10C21800F4D3002202214FF0904007F045FB0023A1
:10C22800237010BDBC4E0020C04E0020BE4E002022
:10C2380008B5124B1A78042A03D01B78112B00D0AA
:10C2480008BD0F4806F0E6F90D48022106F09EFAEF
:10C2580060B10C4B01221A70094806F073FA0A48BB
:10C26800082107F01BFB094B187008BD044806F0AD
:10C278002DFB074B80B21880EEE700BF384B00203B
:10C28800644B0020B04E0020000400489E4E002061
:10C298009C4E002008B50D4B1A78052A06D01A784E
:10C2A800092A03D01B78082B00D008BD08480821AC
:10C2B80007F0F4FA074BB0FA80F01A784009824286
:10C2C80008BF054A187008BF107008BD384B002019
:10C2D80000040048060000205D4B0020554B1A78EA
:10C2E80012B11B78132B49D12DE9F041002282B0FD
:10C2F80002214FF0904007F0D7FA00230193019BE9
:10C30800B3F5207F06D2019B01330193019BB3F55E
:10C31800207FF8D3484806F07DF94748022106F007
:10C3280035FA002851D0454E01233370444D424818
:10C3380006F008FA2B889BB2B3F5DF7F1FD233785B
:10C3480003F0FF0423BB3F4F3F4B97F80080B8F141
:10C35800000F1FD03D491C700A882B889BB292B2EF
:10C36800023B9A424CDA01243C70224602214FF0EB
:10C37800904002B0BDE8F04107F096BA704701233B
:10C3880000222A803370337803F0FF04002BDAD0C0
:10C398000022EBE71A78002A3CD005F0F7FE2C4B78
:10C3A8002A491B68C01A40F6B8339842D4D9294B99
:10C3B8000A881B8892B205339A42CDDD0123424692
:10C3C80002214FF090403370D3E71B4806F07EFA05
:10C3D80040F6E973A0F110029A42A4D84FF4E17232
:10C3E80002FB00F01C4B1949144E00F2FF70A3FB2E
:10C3F8000023C01A03EB5000C0F3CF20088095E754
:10C408000A882B889BB292B202339A420DDD002330
:10C418003B70AAE701221A7005F0B8FE0C4B0B49D5
:10C4280018600C4B0A881A8096E73C78003C18BFC5
:10C4380001249AE7384B0020644B0020B04E0020BE
:10C44800B24E0020B9000020C20000204C4B002052
:10C45800C4000020C800002001011000614B1B78B7
:10C468000A2B00D070472DE9F0415F4806F0D2F85A
:10C478005D48022106F08AF90446002849D05B4E3F
:10C48800012333705A4D584806F05CF92B889BB24B
:10C49800B3F5967F29D8337803F0FF04002B5ED1DB
:10C4A800544F554B97F80080B8F1000F22D11A78F5
:10C4B800002A5CD101221A7005F068FE4F4B5049E2
:10C4C8001860504B0A881A800A882B889BB292B24F
:10C4D800023B9A4211DA01243C7022460221BDE84F
:10C4E800F0414FF0904007F0DFB9002201232A8085
:10C4F8003370D0E742491C70E6E70A882B889BB264
:10C5080092B202339A424DDC3C78003C18BF0124B9
:10C51800E3E7354806F0DAF940F6E973A0F11002CE
:10C528009A42ACD8742840D940F6C673984212D8BB
:10C5380001B2354D01238220742402E0044635F906
:10C5480023005A1E8C42D2B201DC884230DA013311
:10C55800212BF3D100242A49244E0C8092E7BDE810
:10C56800F041002202214FF0904007F09DB905F0FC
:10C578000DFE224B22491B68C01A40F6B833984278
:10C58800A2D9204B0A881B8892B205339A429BDDB8
:10C598000123424633700221BDE8F0414FF090403C
:10C5A80007F082B900233B7097E74FF4A074D2E7F5
:10C5B800001B091B144C04EB820204EB8303B2F941
:10C5C8000220B3F902309B1A01FB03F300EBD0748D
:10C5D8006410002BB8BF64421C4494FBF0F414446C
:10C5E800A4B2B8E7384B0020644B0020B04E0020BE
:10C5F800B24E0020BA000020BB000020BC00002082
:10C608004C4B0020C0000020B46E010870B52B4EC2
:10C618002B482B4D002384B001224FF40061337066
:10C6280007F042F9264801224FF4806107F03CF9EF
:10C638004FF4FA6401E0002C3DD04FF480612846A5
:10C6480007F02CF9013C0128A4B2F4D1002303938C
:10C65800039BB3F5A07F06D2039B01330393039B8F
:10C66800B3F5A07FF8D3164800224FF4006107F015
:10C678001BF900230293029BB3F5A07F06D2029B0D
:10C6880001330293029BB3F5A07FF8D30C48002234
:10C698004FF4806107F008F900230193019BB3F57B
:10C6A800A07F06D2019B01330193019BB3F5A07FC4
:10C6B800F8D304B070BD01233370C7E7CA00002067
:10C6C8000004004830B5274885B000224FF40061C7
:10C6D80007F0EAF800230393039BB3F5A07F06D283
:10C6E800039B01330393039BB3F5A07FF8D31D4845
:10C6F8001C4D01224FF4806107F0D6F84FF4FA641C
:10C7080000E054B34FF48061284607F0C7F8013CB5
:10C718000128A4B2F5D100230293029BB3F5A07FB0
:10C7280006D2029B01330293029BB3F5A07FF8D394
:10C738000C4801224FF4006107F0B6F8002301937A
:10C74800019BB3F5A07F06D2019B01330193019BA6
:10C75800B3F5A07FF8D305B030BD034B01221A70A2
:10C76800D9E700BF00040048CA0000202DE9F041C5
:10C77800554D86B080460726002748FA06F202F093
:10C7880001024FF40061284607F08EF80297029BD9
:10C79800B3F5A07F06D2029B01330293029BB3F547
:10C7A800A07FF8D301224FF48061284607F07CF877
:10C7B8004FF4FA6401E0002C7ED04FF480612846E3
:10C7C80007F06CF8013C0128A4B2F4D10197019B51
:10C7D800B3F5A07F06D2019B01330193019BB3F50A
:10C7E800A07FF8D300224FF48061284607F05CF858
:10C7F8000097009BB3F5A07F06D2009B01330093FE
:10C80800009BB3F5A07FF8D3013EB6D22E48012293
:10C818004FF4006107F048F800230593059BB3F532
:10C82800A07F06D2059B01330593059BB3F5A07F36
:10C83800F8D32548244D01224FF4806107F034F8DD
:10C848004FF4FA6401E0002C3AD04FF48061284696
:10C8580007F024F8013C0128A4B2F4D10023049382
:10C86800049BB3F5A07F06D2049B01330493049B79
:10C87800B3F5A07FF8D34FF40061134807F00EF822
:10C888000446013C10484FF000024FF4806118BF85
:10C89800012407F009F800230393039BB3F5A07F55
:10C8A80006D2039B01330393039BB3F5A07FF8D310
:10C8B800204606B0BDE8F081044B01221A7085E7D6
:10C8C800024B01221A70C9E700040048CA00002080
:10C8D8002DE9F043012287B081464FF400615348A7
:10C8E800524D06F0E1FF00270826B846CDF808802B
:10C8F800029BB3F5A07F06D2029B01330293029BF1
:10C90800B3F5A07FF8D301224FF48061284606F0E2
:10C91800CBFF4FF4FA6401E0002C7FD04FF4806124
:10C92800284606F0BBFF013C0128A4B2F4D1CDF89B
:10C938000480019BB3F5A07F06D2019B01330193CC
:10C94800019BB3F5A07FF8D34FF40061284606F0A9
:10C95800A5FFA0F10100B0FA80F0400940EA4707BE
:10C9680000224FF480612846013E06F09DFF16F034
:10C97800FF06FFB2BAD1B9FA89F22C4852094FF42E
:10C98800006106F091FF0596059BB3F5A07F06D2DE
:10C99800059B01330593059BB3F5A07FF8D3234886
:10C9A800224D01224FF4806106F07EFF4FF4FA64B5
:10C9B80001E0002C36D04FF48061284606F06EFF67
:10C9C800013C0128A4B2F4D100230493049BB3F5DD
:10C9D800A07F06D2049B01330493049BB3F5A07F88
:10C9E800F8D3124800224FF4806106F05DFF0F482B
:10C9F80001224FF4006106F057FF00230393039BC5
:10CA0800B3F5A07F06D2039B01330393039BB3F5D1
:10CA1800A07FF8D3384607B0BDE8F083044B012265
:10CA28001A7084E7024B01221A70CDE7000400480F
:10CA3800CA0000201C4B1D485A6930B542F48022B8
:10CA48005A615B69194D87B003F480230022009373
:10CA5800009B0392032301A94FF44064059211221D
:10CA6800CDE90142049306F02FFE104801224FF44D
:10CA7800806106F019FF4FF4FA6400E084B14FF4C6
:10CA88008061284606F00AFF013C0128A4B2F5D1CE
:10CA9800064801224FF4006106F006FF07B030BDDA
:10CAA800034B01221A70F3E700100240000400480B
:10CAB800CA00002070B505460E461446FFF7A6FDCD
:10CAC8008420FFF753FE20B9FFF7FCFD0025284618
:10CAD80070BD2846FFF74AFE05467CB10028F3D012
:10CAE800621E741E56FA82F601E00028ECD014F893
:10CAF800010FFFF73BFEA6420546F6D1FFF7E2FD20
:10CB0800002DE4D0034B1D78B5FA85F56D0928464C
:10CB180070BD00BFCA000020F8B504460E46154691
:10CB2800FFF774FD8420FFF721FE20B90024FFF7EA
:10CB3800C9FD2046F8BD2046FFF718FE0028F5D0AD
:10CB4800FFF764FD8520FFF711FE0446D0B185B1DB
:10CB5800013D741E56FA85F7C6F101063019854263
:10CB6800D4BF00200120FFF7B3FE04F8010FA7424D
:10CB7800F4D1FFF7A7FD054B1878B0FA80F46409E3
:10CB88002046F8BDFFF79EFD2046F8BDCA000020EC
:10CB9800F8B507460C4616461D46FFF737FD8420B4
:10CBA800FFF7E4FD20B90024FFF78CFD2046F8BD0F
:10CBB8003846FFF7DBFD0028F5D02046FFF7D6FD05
:10CBC8000028F0D0FFF722FD8520FFF7CFFD0446AF
:10CBD800D0B185B1013D741E56FA85F7C6F101063C
:10CBE8003019A842ACBF00200120FFF771FE04F8FD
:10CBF800010FA742F4D1FFF765FD054B1878B0FA8D
:10CC080080F464092046F8BDFFF75CFD2046F8BDB6
:10CC1800CA0000202DE9F04100241F4E82B0804652
:10CC28000725274648FA05F212F0010218BF01222B
:10CC38004FF40041304606F037FE0022042130460A
:10CC480006F032FE0097009B132B05D8009B01339A
:10CC58000093009B132BF9D901220421304606F0DA
:10CC680023FE4FF48071304606F018FE6400012858
:10CC7800E4B201D144F001040197019B132B05D8BC
:10CC8800019B01330193019B132BF9D9013DC9D2B3
:10CC9800204602B0BDE8F08100040048F0B51F4D01
:10CCA80087B00024012204214FF090400426CDE9EA
:10CCB8000144CDE90344059406F0F6FD0122284617
:10CCC800042106F0F1FD012703230DEB06014FF0C7
:10CCD800904004930196CDE9027406F0F5FC0DEB43
:10CCE80006012846019606F0EFFC4FF4004601A91C
:10CCF8002846019606F0E8FC4FF4807301A92846FF
:10CD080001930397029406F0DFFC0548019601A9F8
:10CD1800039406F0D9FC07B0F0BD00BF000400483A
:10CD2800000800485AB32DE9F043DFF8588085B071
:10CD380081460E461546322703E01FFA89F9264434
:10CD4800CDB109F01F04C4F12004A4B2AC4228BF3D
:10CD58002C464A46CDE9014700960223A0214046C9
:10CD680007F040F82D1BA144ADB20028E5D0002003
:10CD780005B0BDE8F083012005B0BDE8F0830120CF
:10CD8800704700BF204C002000B585B08446322390
:10CD9800CDE90123009102236246A021044807F04F
:10CDA80021F9B0FA80F0400905B05DF804FB00BF36
:10CDB800204C00202DE9F047DFF86C81554FDFF853
:10CDC8006CA18AB00A254FF0FF09002601214046D0
:10CDD80006F064FD02210446404606F05FFDB4FA01
:10CDE80084F4640908B944F002041021384606F0B6
:10CDF80055FD08B944F004048021384606F04EFD7C
:10CE080008B944F008044FF40051504606F046FDB6
:10CE180008B944F010044C4509D00220013D05F042
:10CE2800BBF915F0FF050DD0A1460126CEE7013666
:10CE3800F6B2032E06D00220013D05F0ADF915F03B
:10CE4800FF05C3D1344B182C1C7004D8334B1C700D
:10CE58000AB0BDE8F0871F2C1DD03049304B2D4853
:10CE680019240C70012240211A7006F01DFD294872
:10CE780000224FF4007106F017FD264800224021D9
:10CE880006F012FD002202214FF090400AB0BDE8E2
:10CE9800F04706F009BD222201A90020FFF774FF20
:10CEA80018B1204B019A9A421DD01C491C4B1920DD
:10CEB8000870012217481A70402106F0F5FC154841
:10CEC80000224FF4007106F0EFFC124800224021C6
:10CED80006F0EAFC002202214FF0904006F0E4FC44
:10CEE8000AB0BDE8F0879DF80830072BDDD101A80E
:10CEF80001F056FC9DF825308342D6D19DF81E30AE
:10CF0800013BDBB2182BD0D8044A13700AB0BDE835
:10CF1800F08700BF0004004809000020384B0020BB
:10CF2800B04E0020435452550014004800080048F1
:10CF38000E4A0F48D16930B441F48001D161D269F9
:10CF48000C4C0D4982B002F480020192019D00232D
:10CF58000122C0E90041C0E90232C0E90433C0E956
:10CF68000633036202B030BC06F0E2BD0010024096
:10CF7800204C0020005800402A231000144B15496B
:10CF88005A6930B542F001025A615B69124C83B0AC
:10CF980003F0010301930025802301981022204605
:10CFA800C4E90253C4E90012C4E90455C4E90655AA
:10CFB80006F0B2FA2A4603210D2006F047FA0D20A2
:10CFC80006F082FA054B63625C6503B030BD00BFB2
:10CFD8000010024030000240DC4B0020A04C002032
:10CFE800134A1448916930B441F4805191619269AF
:10CFF800114982B002F4805201924FF48272C0E962
:10D008000012019D4FF4007200234FF4E0642021C8
:10D0180082610722C0E90234C0E90433C0E907137A
:10D02800C0E90933C26202B030BC07F0BFBF00BF1D
:10D0380000100240A04C0020003001402F4BF0B5FA
:10D04800DA692F4C42F00072DA61DB6991B003F0C3
:10D058000073012600930323CDE90363009801A917
:10D0680002274FF4C05209234FF09040CDE9012721
:10D07800059306F029FB234A0423C4E9002300256D
:10D088004FF08073C4E902534FF440214FF48013EA
:10D09800C4E904134FF00123A36120464FF48073C1
:10D0A800A38305F037FE06A92046CDE90B55CDE947
:10D0B8000655CDE908550D960A950E9605F0AAFE77
:10D0C800204605F01FFF3946204606F06FF84FF45A
:10D0D8000441204606F06AF82A463146142006F034
:10D0E800B5F9142006F0F0F92A463146162006F064
:10D0F800ADF9162006F0E8F911B0F0BD00100240B5
:10D10800B44B00200064004030B500249FB0214695
:10D11800202206A809F0AAFD3C220DEB02002146B8
:10D12800CDE90044CDE90244049409F09FFD0123B0
:10D138000993102302250A9305A84FF460130E9350
:10D1480005950C9507F020F90F23009329464FF415
:10D1580080636846CDE902430195049407F044FCD6
:10D1680060230FA8CDE916440F9307F0EFFC1FB01A
:10D1780030BD00BF70B500258CB0CDE90755CDE9AD
:10D188000955324C0B95A36943F00103A361A369C8
:10D1980003F001030193019B636943F40033636166
:10D1A800636903F400330293029B636943F48023A9
:10D1B8006361636903F480230393039B636943F406
:10D1C80080036361636903F480032A4604934FF480
:10D1D80000414FF09040049B012606F065FB07A92B
:10D1E8004FF400434FF09040CDE90736CDE909559B
:10D1F80006F06AFA032307A915480793CDE90856EC
:10D2080006F062FA07A913489023079306F05CFA20
:10D21800E36943F08053E361E36903F080530593C6
:10D22800059B07F0A9F863690B4843F40023636181
:10D23800636903F400234FF40052069307A9069B81
:10D24800079206F041FA0CB070BD00BF0010024012
:10D2580000140048000400480008004870B5002485
:10D2680086B07B4D7B48059422462021CDE90144B8
:10D27800CDE9034406F018FB2B78092B00F0B580A4
:10D288002B78052B00F0D7802B78192B00F0A18084
:10D2980070480122402106F007FB4FF41872012361
:10D2A800CDE901236B480323002201A9CDE903231B
:10D2B80006F00AFA2B78012B16D02B78022B13D004
:10D2C8002B78032B10D02B78062B0DD02B78072B1F
:10D2D8000AD02B780A2B07D02B780C2B04D02B786C
:10D2E800102B01D02B7883B95A480821002206F068
:10D2F800DBFA08210123CDE9011300220323554855
:10D3080001A9CDE9032306F0DFF92B78152B72D09C
:10D3180000225048022106F0C7FA022501A94D480B
:10D32800019506F0D1F9002229464FF0904006F009
:10D33800BBFA01A94FF09040019506F0C5F980238A
:10D3480000240326019301A905234FF09040CDE95D
:10D358000254CDE9046306F0B7F94FF480730193E2
:10D3680001A906234FF090400593CDE90254049695
:10D37800012506F0A9F9224610214FF09040CDE989
:10D388000254CDE9044406F08FFA102301A94FF0A6
:10D398009040019306F098F9082301A901934FF0F2
:10D3A80090404FF404130293039506F08DF922463A
:10D3B8002146092006F04AF8092006F085F8224699
:10D3C8003146172006F042F8172006F07DF806B01F
:10D3D80070BD22461F48402106F066FA1D482246C5
:10D3E8004FF4007106F060FA57E71A4822464021C8
:10D3F80006F05AFA51E7174801224FF4804106F027
:10D4080053FA144800224FF4805106F04DFA11489F
:10D418004FF40051002206F047FA4FF4E040012192
:10D42800CDE90101002203230A4801A9CDE903231C
:10D4380006F04AF96CE7224606484FF4007106F0F8
:10D4480033FA04480122402106F02EFA25E700BFEE
:10D45800384B002000040048134B1449DA6930B5F2
:10D4680042F00202DA61DB69114C83B003F0020377
:10D47800019300254FF47A73019825613F222046D5
:10D48800C4E90012C4E9025308F032FA2A4602211C
:10D498001D2005F0DBFF1D2006F016F8204603B01E
:10D4A800BDE8304008F03EB80010024000040040DB
:10D4B8009C4D002030B5002489B0CDE90144CDE968
:10D4C8000344CDE90544174B07949A69164D42F475
:10D4D80000629A619B696C6103F4006301460093E2
:10D4E8002846124B009A2B60C5E90314C5E901448C
:10D4F80008F030FA2246602301A928460193CDE9B5
:10D508000244CDE90444CDE9064408F095FA2146E1
:10D51800284608F0D5F82A68536C43F4004353644E
:10D5280009B030BD00100240044D0020002C01401D
:10D5380030B5002489B0CDE90144CDE90344CDE9F3
:10D548000544144B0794DA69134D42F00102DA617D
:10D55800DB696C6003F0010300934FF0804240F6F2
:10D56800FF132846C5E9024300992A602C6108F098
:10D57800F1F96023224601A92846CDE90134039434
:10D58800059408F059FA2146284608F099F809B098
:10D5980030BD00BF00100240504D0020F0B50024FF
:10D5A80089B0CDE90244CDE90444CDE906441A4BDB
:10D5B8001A4D5A6942F080525A615B692C8303F014
:10D5C800805301934FF0A0432B604FF400330126A2
:10D5D80007466B6028460423019AEE61C5E90443B7
:10D5E800C5E9024485F82040AE6285F830406C6396
:10D5F80004F0CCFE052302A92846CDE90363CDE952
:10D6080005440297079405F0AFF92146284605F02E
:10D6180061F909B0F0BD00BF00100240644B002062
:10D62800014B01221A707047464B0020014805F053
:10D63800E5BD00BFB44B0020014805F0DFBD00BFC9
:10D64800B44B0020044B4FF090416FF0A0504FF0C6
:10D65800FF3208601A60FEE70004004830B5082869
:10D6680089B014D0402801D009B030BD384B1B78A0
:10D678000A2BF9D104F08AFD364A1368C31A012B24
:10D68800F2D9354910600B6801330B60ECE7304B79
:10D698001A780B2A12D01A78052A31D01B780A2B4F
:10D6A800E2D104F073FD2D4A1368C31A012BDBD9AC
:10D6B8002B4910600B6801330B60D5E704F066FD59
:10D6C800284A1368C31A012BCED9002301249521B7
:10D6D800106025488DF80040CDE904330291069486
:10D6E8008DF81C3005F0BEFCB8B101AB6A461E4887
:10D6F80002A905F039FC1D4A136801331360B3E72A
:10D7080004F044FD1A4A1368C31A012BACD919490D
:10D7180010600B6801330B60A6E721461248124DD2
:10D7280005F07AFC0221104805F076FC0E48042129
:10D7380005F072FC4FF47A7401E0002CD5D028462D
:10D7480005F090FC013CA4B20028F6D0CDE700BF5C
:10D75800384B0020D0000020984C0020D400002036
:10D76800204E0020D8000020B44B0020344E00206A
:10D77800CC000020584B0020082006F0A5B800BFB8
:10D78800402006F0A1B800BF04F0F4BC014807F03F
:10D79800A1BF00BF9C4D0020374B02689A4200D0C1
:10D7A80070472DE9F041354C354B227821782278A5
:10D7B80022781B7815290CBF4FF480510821152AAF
:10D7C8000CBF4FF48047402703F0FF0683B92D4D67
:10D7D8002B685BB1DFF8B8802B4898F800300BBB9A
:10D7E800012206F061F8012388F80030BDE8F081D5
:10D7F800244B25480025394601221D6006F054F8BF
:10D80800224B1B6803B15D632378092B2DD0237845
:10D81800052BEBD1BDE8F0411B4800224FF4007105
:10D8280006F042B8324606F03FF888F8006072B653
:10D838002B68013B2B6062B62B68002BD6D12B6876
:10D84800002BD3D12378072BD0D02378062BCDD02B
:10D8580023780A2BCAD02378102BC7D039460A4818
:10D86800BDE8F041012206F01FB807480022402118
:10D8780006F01AF8CBE700BF00040040384B002040
:10D88800B04E0020AC4E002000040048044D00209B
:10D89800A84E00202DE9F843244C254B25786178C3
:10D8A800A2781B78EDB2CEB2D7B273B1FF23214A6A
:10D8B800237000236370A37013702378AB4226D0C3
:10D8C8001D4B01221A70BDE8F883DFF8689099F8BB
:10D8D800003033B104F05AFC184B1B68C01A0028FA
:10D8E800EBDB4FF0000889F8008004F04FFC144B84
:10D8F8001B68C01A40F2DB5398420FD8FF2384F804
:10D90800008084F80180A3702378AB42D8D1637873
:10D91800B342D5D1A378BB42D2D1D4E7FF2384F850
:10D928000080637084F80280C7E700BF2C4E002097
:10D93800B04E0020244E0020B54E0020284E002076
:10D94800484B002038B51A4807F0CAFC012802D015
:10D958000024204638BD174A174B184D0446507806
:10D968001178927800EB400003EB000C185A2880DD
:10D9780001EB41019CF80200A870581802EB420222
:10D98800595AA5F80310817869719818995AE9804D
:10D9980083782B726422002105F1090009F066F9E9
:10D9A8006D222946024807F0B1FB204638BD00BF6A
:10D9B800A04C00202C4E002078700108DC000020CC
:10D9C80070B582B072B6824D824A0024022304EBFD
:10D9D800440C05EB0C000721467815F80CE090F88C
:10D9E80002C0F6B25FFA8EFE5FFA8CFC46FA01F0CE
:10D9F800C007936119D500BF00BF00BF00BF00BFBB
:10DA080000BF00BF00BF00BF00BF00BF00BF00BF16
:10DA180000BF00BF00BF00BF00BF00BF00BF00BF06
:10DA280000BF00BF00BF00BF00BF00BF00BF00BFF6
:10DA380000BF00BF00BF00BF00BF00BF00BF00BFE6
:10DA480000BF00BF00BF00BF00BF00BF00BF00BFD6
:10DA580000BF936200BF00BF00BF00BF00BF00BF90
:10DA680000BF00BF00BF00BF00BF00BF00BF00BFB6
:10DA780000BF00BF00BF00BF00BF00BF00BF00BFA6
:10DA880000BF00BF00BF00BF00BF00BF00BF00BF96
:10DA980000BF00BF00BF00BF00BF00BF00BF00BF86
:10DAA80000BF00BF00BF00BF00BF00BF00BF00BF76
:10DAB80000BF00BF00BF00BF013997D207214EFA4F
:10DAC80001F0C607936119D500BF00BF00BF00BFB2
:10DAD80000BF00BF00BF00BF00BF00BF00BF00BF46
:10DAE80000BF00BF00BF00BF00BF00BF00BF00BF36
:10DAF80000BF00BF00BF00BF00BF00BF00BF00BF26
:10DB080000BF00BF00BF00BF00BF00BF00BF00BF15
:10DB180000BF00BF00BF00BF00BF00BF00BF00BF05
:10DB280000BF00BF936200BF00BF00BF00BF00BFBF
:10DB380000BF00BF00BF00BF00BF00BF00BF00BFE5
:10DB480000BF00BF00BF00BF00BF00BF00BF00BFD5
:10DB580000BF00BF00BF00BF00BF00BF00BF00BFC5
:10DB680000BF00BF00BF00BF00BF00BF00BF00BFB5
:10DB780000BF00BF00BF00BF00BF00BF00BF00BFA5
:10DB880000BF00BF00BF00BF00BF013997D2072107
:10DB98004CFA01F0C00793611ED500BF00BF00BF5B
:10DBA80000BF00BF00BF00BF00BF00BF00BF00BF75
:10DBB80000BF00BF00BF00BF00BF00BF00BF00BF65
:10DBC80000BF00BF00BF00BF00BF00BF00BF03E031
:10DBD800604E00200004004800BF00BF00BF00BF27
:10DBE80000BF00BF00BF00BF00BF00BF00BF00BF35
:10DBF80000BF00BF00BF00BF00BF00BF00BF00BF25
:10DC0800936200BF00BF00BF00BF00BF00BF00BFDE
:10DC180000BF00BF00BF00BF00BF00BF00BF00BF04
:10DC280000BF00BF00BF00BF00BF00BF00BF00BFF4
:10DC380000BF00BF00BF00BF00BF00BF00BF00BFE4
:10DC480000BF00BF00BF00BF00BF00BF00BF00BFD4
:10DC580000BF00BF00BF00BF00BF00BF00BF00BFC4
:10DC680000BF00BF00BF013992D20134082C7FF4F5
:10DC7800AEAE62B600230193019BB3F57A6F06D26C
:10DC8800019B01330193019BB3F57A6FF8D302B07E
:10DC980070BD00BF014805F0CDBC00BFDC4B0020C3
:10DCA80008B500F0B1F80649332002F0B3FD00B121
:10DCB80008BDBDE808400349014802F09DBE00BF09
:10DCC800A4010020AC1A002010B5114C0123332008
:10DCD800237002F0A7FD002817DB0E49332002F05D
:10DCE800D1FD002811DB0C490A4803F039FAF2EE9D
:10DCF800000A70EE600A094A9FED090A06490548BC
:10DD080003F092FA0223237010BDFF23237010BD85
:10DD18002414002028140020AC1A00202408002015
:10DD28003333733F014B1878704700BF2414002029
:10DD38002F2800B58E4614D80D4A02EB401C00234C
:10DD4800ACF1020C01313CF8022F120A0EF8132034
:10DD5800BCF8002001F813200133102BF3D15DF833
:10DD680004FB704620225DF804EB002108F07EBF1A
:10DD7800281400202F2810B50C4635D81E4BDFED8F
:10DD88001F6A9FED1F7A9FED1F6A03EB801E00221A
:10DD980001310DE0FDEEE77A17EE903AC3F3072C58
:10DDA800DBB204F812C001F812300132102A1AD07E
:10DDB800FEEC017A67EEA67AFF23F4EEC77AF1EE5D
:10DDC80010FA4FF07F0CECDCF4EEC67AF1EE10FAA4
:10DDD800E0D500234FF0800C04F812C001F812308F
:10DDE8000132102AE4D110BD20462022BDE810409F
:10DDF800002108F03BBF00BF240800200000C842F3
:10DE080000FEFF46000000C7704700BF10B5FEF7D0
:10DE1800FDFB0020FEF7AAFC20B9FEF753FC4FF0EB
:10DE2800FF3010BD0620FEF7A1FC0446FEF74AFCB1
:10DE3800B4FA84F04009404210BD00BF2DE9F0411A
:10DE480045000C4617461E46FEF7E0FB05F0FE00AF
:10DE5800FEF78CFC28B9FEF735FC4FF0FF30BDE823
:10DE6800F081200AFEF782FC0028F4D0E0B2FEF729
:10DE78007DFC0028EFD0FEF7C9FB45F00100C0B2D9
:10DE8800FEF774FC0028E6D0A7B107F1FF38023E80
:10DE980000240120FEF71CFD0546B4EB080018BF5E
:10DEA8000120FEF715FD013440EA0520A74226F8B7
:10DEB800020FEED1FEF706FC0020BDE8F08100BF9E
:10DEC80070B504460E461546FEF7A0FB600000F04C
:10DED800FE00FEF74BFC20B9FEF7F4FB4FF0FF30D5
:10DEE80070BD300AFEF742FC0028F5D0F0B2FEF70C
:10DEF8003DFC0028F0D0280AFEF738FC0028EBD0BB
:10DF0800E8B2FEF733FC0446FEF7DCFBB4FA84F013
:10DF18004009404270BD00BF08B500F0B1F806499D
:10DF28003320FAF78FFA00B108BDBDE8084003496D
:10DF38000148FBF7FFBE00BF282D002090380020C5
:10DF480010B5114C012333202370FAF7AFFA0028DB
:10DF580017DB0E493320FAF71DFB002811DB0C49AB
:10DF68000A48FAF7BBFCF2EE000A70EE600A094AAA
:10DF78009FED090A06490548FAF724FD0223237094
:10DF880010BDFF23237010BDA8360020AC3600203A
:10DF980090380020A83300203333733F014B1878A2
:10DFA800704700BFA83600200B2800B58E4614D84D
:10DFB8000D4A02EB401C0023ACF1020C01313CF885
:10DFC800022F120A0EF81320BCF8002001F81320C3
:10DFD8000133102BF3D15DF804FB704620225DF865
:10DFE80004EB002108F042BEAC3600200B2810B527
:10DFF8000C4635D81E4BDFED1F6A9FED1F7A9FED4B
:10E008001F6A03EB801E002201310DE0FDEEE77A66
:10E0180017EE903AC3F3072CDBB204F812C001F8EC
:10E0280012300132102A1AD0FEEC017A67EEA67A75
:10E03800FF23F4EEC77AF1EE10FA4FF07F0CECDC18
:10E04800F4EEC67AF1EE10FAE0D500234FF0800C1A
:10E0580004F812C001F812300132102AE4D110BDC0
:10E0680020462022BDE81040002108F0FFBD00BF77
:10E07800A83300200000C84200FEFF46000000C789
:10E08800704700BF10B5FEF7C1FA0020FEF76EFB1F
:10E0980020B9FEF717FB4FF0FF3010BD0620FEF742
:10E0A80065FB0446FEF70EFBB4FA84F040094042D3
:10E0B80010BD00BF2DE9F04145000C4617461E462D
:10E0C800FEF7A4FA05F0FE00FEF750FB28B9FEF7AC
:10E0D800F9FA4FF0FF30BDE8F081200AFEF746FB61
:10E0E8000028F4D0E0B2FEF741FB0028EFD0FEF79D
:10E0F8008DFA45F00100C0B2FEF738FB0028E6D0E3
:10E10800A7B107F1FF38023E00240120FEF7E0FB2B
:10E118000546B4EB080018BF0120FEF7D9FB01340F
:10E1280040EA0520A74226F8020FEED1FEF7CAFA08
:10E138000020BDE8F08100BFF0B5054683B00E466B
:10E148001446FEF763FA680000F0FE00FEF70EFBC7
:10E1580028B9FEF7B7FA4FF0FF3003B0F0BD300A28
:10E16800FEF704FB0028F4D0F0B2FEF7FFFA00280F
:10E17800EFD0200AFEF7FAFA0028EAD0E0B2FEF75C
:10E18800F5FA0746FEF79EFA7FB10DF10603012264
:10E1980031462846FFF78EFF38B9BDF80630A3424E
:10E1A80018BF6FF0010003B0F0BD4FF0FF30D4E7A7
:10E1B80008B54FF40061662003F040FB002805DB3A
:10E1C800BDE808400021662003F072BB08BD00BF0F
:10E1D80010B5084C01236620237003F0B5FB002816
:10E1E80005DB662003F0CCFB002800DB10BDFF2315
:10E1F800237010BD283F002038B50D4D2C78012C18
:10E2080001D0204638BD662003F08CFB00280CDBCB
:10E218000128F6D1074B084A0849662003F0C6FBD7
:10E22800002802DB02242C70EBE7FF242C70E8E7BF
:10E23800283F00202C3F002030450020003F0020D0
:10E248002F2800B58E4614D80D4A02EB401C002337
:10E25800ACF1020C01313CF8022F120A0EF813201F
:10E26800BCF8002001F813200133102BF3D15DF81E
:10E2780004FB704620225DF804EB002108F0F6BC90
:10E28800304500202F2830B50D462AD8184A02EB11
:10E29800401E0023AEF1020E01310DE012F5004FD1
:10E2A8001BDBC2F307245FFA82FC05F8134001F870
:10E2B80013C00133102B0FD03EF9022F5200B2F5D4
:10E2C800004F4FF0FF0CE9DB7F2405F8134001F8FD
:10E2D80013C00133102BEFD130BD4FF0000C802458
:10E2E800E3E728462022BDE83040002108F0BEBC04
:10E2F8002C3F00202DE9F04145000C4617461E46EC
:10E30800FEF784F905F0FE00FEF730FA28B9FEF7AB
:10E31800D9F94FF0FF30BDE8F081200AFEF726FA60
:10E328000028F4D0E0B2FEF721FA0028EFD0FEF77B
:10E338006DF945F00100C0B2FEF718FA0028E6D0E2
:10E34800A7B107F1FF38023E00240120FEF7C0FA0A
:10E358000546B4EB080018BF0120FEF7B9FA0134EE
:10E3680040EA0520A74226F8020FEED1FEF7AAF9E7
:10E378000020BDE8F08100BF70B5054614460E4682
:10E38800FEF744F9680000F0FE00FEF7EFF9CCB1A3
:10E3980098B1621E741E56FA82F600E068B114F84D
:10E3A800010FFEF7E3F9B4420546F7D1B5FA85F552
:10E3B8006D09FEF787F9684270BDFEF783F94FF0E3
:10E3C800FF3070BD0546F1E703F0E6BE70B582B0D8
:10E3D800322405460E460B46024600940948782129
:10E3E80005F01CFC58B1074805F0FEFBFEF7A0FD40
:10E3F8000448009433462A46782105F00FFC02B001
:10E4080070BD00BF204C0020094B1A7802B9704734
:10E4180000B583B003460022022101A88DF804202C
:10E428008DF80530FFF7D2FF03B05DF804FB00BF9D
:10E43800070000200D4B1B7803B101B9704710B5D8
:10E44800802928BF8021A2B00C46402301462246DD
:10E458000DF105008DF8043008F0FAFB611C89B253
:10E4680001A8FFF7B3FF22B010BD00BF07000020CE
:10E478000E4B1B7803B9704700B583B001F00F034A
:10E488000A09503804214FF0000C10328DF80500AD
:10E498000DEB01008DF804C08DF806308DF80720CB
:10E4A800FFF794FF03B05DF804FB00BF07000020EE
:10E4B800104B30B55A6942F400325A615B6987B033
:10E4C80003F4003300934FF4C06004231221CDE914
:10E4D800010103220DEB03014FF090400124CDE927
:10E4E80003420593009D05F0EFF8FEF721FD07B004
:10E4F80030BD00BF0010024070B582B0FFF7D8FFF2
:10E50800322003F049FE0523A348A44C02227821B7
:10E5180005F06CFE051E0CBF01230023237001D0FB
:10E5280002B070BDAE23022101A88DF805308DF828
:10E538000450FFF74BFF2378002BF1D0D52302219D
:10E5480001A88DF805308DF80450FFF73FFF2378B8
:10E55800002BE5D08023022101A88DF805308DF825
:10E568000450FFF733FF2378002BD9D0A8230221CA
:10E5780001A88DF805308DF80450FFF727FF2378A0
:10E58800002BCDD03F23022101A88DF805308DF84E
:10E598000450FFF71BFF2378002BC1D0D32302219F
:10E5A80001A88DF805308DF80450FFF70FFF237888
:10E5B800002BB5D0022101A88DF804508DF8055024
:10E5C800FFF704FF2378002BAAD04023022101A8DB
:10E5D8008DF805308DF80450FFF7F8FE2378002BEE
:10E5E8009ED08D23022101A88DF805308DF80450A6
:10E5F800FFF7ECFE2378002B92D01423002502218C
:10E6080001A88DF805308DF80450FFF7DFFE237858
:10E61800002B85D02023022101A88DF805308DF824
:10E628000450FFF7D3FE2378002B3FF479AF02267E
:10E63800314601A88DF804508DF80560FFF7C6FE35
:10E648002378002B3FF46CAFA123314601A88DF845
:10E6580005308DF80450FFF7B9FE2378002B3FF4FE
:10E668005FAFC823314601A88DF805308DF80450F6
:10E67800FFF7ACFE2378002B3FF452AFDA23314684
:10E6880001A88DF805308DF80450FFF79FFE237818
:10E69800002B3FF445AF1223314601A88DF8053011
:10E6A8008DF80450FFF792FE2378002B3FF438AF23
:10E6B8008123314601A88DF805308DF80450FFF705
:10E6C80085FE2378002B3FF42BAFCF23314601A8DA
:10E6D8008DF805308DF80450FFF778FE2378002B6D
:10E6E8003FF41EAFD923314601A88DF805308DF8C7
:10E6F8000450FFF76BFE2378002B3FF411AFF12392
:10E70800314601A88DF805308DF80450FFF75EFEFC
:10E718002378002B3FF404AFDB23314601A88DF8A2
:10E7280005308DF80450FFF751FE2378002B3FF495
:10E73800F7AE4023314601A88DF805308DF8045016
:10E74800FFF744FE2378002B3FF4EAAEA4233146BA
:10E7580001A88DF805308DF80450FFF737FE2378AF
:10E76800002B3FF4DDAEA623314601A88DF8053015
:10E778008DF80450FFF72AFE2378002B3FF4D0AE23
:10E78800AF23314601A88DF804508DF80530FFF706
:10E798001DFE02B070BD00BF204C00200700002005
:10E7A800411E00F1200C002011F8013F08225840BA
:10E7B800430010F0800F83F0070314BFD8B2400065
:10E7C80002F1FF3308BFC0B213F0FF02F0D1614578
:10E7D800EAD17047F0B500258BB0474C222201A939
:10E7E80028462570FEF7D0FA18B1444B019A9A4290
:10E7F80001D00BB0F0BD9DF80830072BF9D10DF111
:10E8080003000DF1240C294610F8013F0822594055
:10E818004B0011F0800F83F0070314BFD9B24900F1
:10E8280002F1FF3308BFC9B213F0FF02F0D18445EB
:10E83800EAD19DF825308B42DBD1314F01AE354608
:10E848000FCD654507F1100706F1100647F8100CC3
:10E8580047F80C1C47F8082C47F8043CEFD13388DC
:10E868003B80284E0123237001AC25460FCD65451A
:10E8780006F1100604F1100446F8100C46F80C1CBA
:10E8880046F8082C46F8043CEFD11F4B21889DF828
:10E89800140018709DF8152031809DF817505A7093
:10E8A8009DF818409DF816209DF8190017499A7090
:10E8B800002202EB42030132CD540B44082A5C705B
:10E8C8009870F6D1124C134B9DF81B5025701248C6
:10E8D8009DF81D401C70114A9DF81E4004709DF85B
:10E8E8001F4014700E490F4BDDF821209DF82000C1
:10E8F80008701A607DE700BF604B002043545255F2
:10E90800384E0020F04D00202C4E0020604E002094
:10E91800314E00205E4B00205F4B00204E4B002004
:10E928002F4E0020A44E0020F0B58BB022220021EB
:10E9380001A808F09BF972B67A4C7B4922782378B3
:10E94800019107208DF808008DF80920002B40F070
:10E95800A280764B1B889BB22278ADF80A300A2A2F
:10E9680004BF724B1B8822780CBF9BB20023052A78
:10E97800ADF80C3004BF6E4B1B7822780CBFDBB2AD
:10E988000023052A8DF80E3000F0C180002023787E
:10E998008DF80F00092B04BF664B1B7822780CBF3B
:10E9A800DBB20023092A8DF8103000F0A680002081
:10E9B80023788DF811000A2B04BF5F4B1B7822784F
:10E9C8000CBFDBB200230A2A8DF8123008BF5B4B5C
:10E9D8005B4A08BF19785B4B147850788DF815009E
:10E9E8000CBFC9B200218DF8131091781A788DF8F0
:10E9F800161058788DF8172099781A788DF81440E1
:10EA08008DF818008DF8191012B95A78002A44D0D8
:10EA180001238DF81A304C494C484D4A4D4B097822
:10EA2800007812781B788DF81B108DF81D208DF852
:10EA38001E304949494A4A4B097812781B688DF8B3
:10EA48001C008DF81F108DF82020CDF8213062B6FB
:10EA580000230DF1030109AD11F8012F08245340DB
:10EA68005A0013F0800F08BF5B0082F0070204F120
:10EA7800FF3414BFD3B2DBB214F0FF04F0D1A942C3
:10EA8800EAD138498DF82530212201A808F0D0F8BC
:10EA980040B90BB0F0BD00235EE79B78003B18BF80
:10EAA8000123B6E7304F03F071FB3B6840F6B732FD
:10EAB800C31A93420646ECD92046222201A9FEF742
:10EAC80031F90028E5D0DFF89CC001ACA646BEE8C5
:10EAD8000F00AE450CF1100C04F110044CF8100CAA
:10EAE8004CF80C1C4CF8082C4CF8043CEED123884C
:10EAF800ACF800303E600BB0F0BD1C48402104F07B
:10EB0800CDFEA0F10100B0FA80F0400950E71021D5
:10EB18004FF0904004F0C2FEA0F10100B0FA80F07E
:10EB2800400934E7384B002043545255B24E002078
:10EB38005C4B0020EC4D0020184E0020904C00202B
:10EB48002C4E0020604E0020314E0020B04E002098
:10EB58005E4B00205F4B00204E4B00202F4E0020C4
:10EB6800A44E0020F04D0020304B00200004004847
:10EB78002DE9F041152ADFF884E084B0064628BF65
:10EB880015220025AEFB0103DB0803EB8304A1EB90
:10EB9800440405F110008C46303468442F46E4B232
:10EBA8000135BCF1090F00F80C4CEDB21946E9D853
:10EBB800AA421CD9521B02F0FF08424620213046C7
:10EBC80008F054F84246ADB11544E8B2174402E0E3
:10EBD80011F80C4C1A46531CDBB2F91A04AD9842D2
:10EBE800B45455FA81F1F3D104B0BDE8F0810022A4
:10EBF800002DE9D1104604B0BDE8F081CDCCCCCCD5
:10EC08002DE9F0411446A0B0FFF732FC2378002B21
:10EC18003AD068460021A646C4F101051C4E844638
:10EC28000C4619E0D3B2A3F1200202EB820292B2A1
:10EC3800931992591B798CF80430CCF8002005EB15
:10EC48000E021EF8013F8CF805400CF1060C063147
:10EC5800D2B28BB17E2912D0A3F16107A3F12002B1
:10EC6800192F5FFA82F8DDD9B8F13F0FDDD9CCF85A
:10EC780000408CF80440E2E702EB42025100FFF743
:10EC8800D9FB20B0BDE8F08119466846F7E700BF18
:10EC9800386F010808B50021FFF7EAFBBDE8084016
:10ECA80001488021FFF7C6BBF89001082DE9F0471D
:10ECB800642B28BF6423802A154628BF80250C06AC
:10ECC800A0B002D44C19802C3BDC244E05FB03F386
:10ECD800A6FB0336C6F34716002A3DD06F4600232D
:10ECE800BC469E464FF07E086C1E4FF0420A4FF01D
:10ECF8005E090EE0A34210D0013376455FFA83FE29
:10ED08002CBF8CF800908CF800A075450CF1010C14
:10ED18000ED92246002BEDD11A46803201336A44BF
:10ED28005FFA83FE754502F8808C0CF1010CF0D86F
:10ED3800FFF79EFB29463846FFF77CFB20B0BDE86D
:10ED4800F087C1F18005054EEDB215FB03F3A6FB74
:10ED58000336C6F34716C1E76F46E9E71F85EB514F
:10ED6800F0B5154F154E3B78192828BF002003EB46
:10ED7800800306EB431384000FCB85B06D4685E80E
:10ED88000F006C210520FFF773FB28461021FFF7C1
:10ED980051FB3878204406EB401010300FC885E846
:10EDA8000F006C210620FFF763FB10212846FFF7B0
:10EDB80041FB05B0F0BD00BF3A4B00207884010844
:10EDC80070B588B003F0E2F9A04B1B68C01AC728D9
:10EDD80025D89F4B93E803006C4684E80300002184
:10EDE80008469C4DFFF744FB08212046FFF722FB0D
:10EDF8002B78102B00F2DA81DFE813F01302690098
:10EE080069002202ED01F50116001600DA01E5019C
:10EE1800FD012A020B02D801D801D80116006C4660
:10EE2800002300936360DAE78B4B8C4A19688C4B9C
:10EE3800002918BF1A460A210020FFF7E1FE2C78A6
:10EE4800E4B20B2C0DD8DFE814F086010C000C009E
:10EE58000C005A012F010C000C00D400A000740013
:10EE68004A0000257F4A53242B46013520336B4442
:10EE7800EDB203F8184C545D2B46002CF5D1764BB7
:10EE880079491A6802AE8A4298BF19687019052232
:10EE9800FFF76EFE0544EDB22022A918734800233F
:10EEA800694401340B44E4B203F8182C025D23468C
:10EEB800002AF6D1254408AB53FA85F505F8182C35
:10EEC800324600210120FFF79BFE08B070BD624B5F
:10EED800624A1968664B002918BF1A46ABE7002535
:10EEE800644A48242B46013520336B44EDB203F8BD
:10EEF800184C545D2B46002CF5D15F4B5A491A68C3
:10EF080002AE8A4298BF196870190522FFF730FED1
:10EF18000544EDB22022A918584800236944013459
:10EF28000B44E4B203F8182C025D2346002AF6D1FC
:10EF3800C0E70025524A48242B46013520336B444C
:10EF4800EDB203F8184C545D2B46002CF5D14D4B0F
:10EF5800198802AE032289B27019FFF709FE054429
:10EF6800EDB22023EA1848490DEB0200621C044464
:10EF780004F8183CD4B20B5D002BF7D1254408AA3D
:10EF880052FA85F505F8183C9AE700253F494C24C4
:10EF98002B466A1C20336B44D5B203F8184C4C5DE1
:10EFA8002B46002CF5D13A4B3A4A1B7803EB8303E6
:10EFB80003EB83018900A2FB013102AEC9090322D8
:10EFC8007019FFF7D5FD0544EDB22023EA18324940
:10EFD8000DEB0200621C044404F8183CD4B20B5D2B
:10EFE800002BF7D1254408AA52FA85F505F8183CF4
:10EFF80066E70025294A53242B46013520336B4404
:10F00800EDB203F8184C545D2B46002CF5D1244B77
:10F01800198802AE042289B27019FFF7A9FD0544C8
:10F02800EDB22023E9181F4A0DEB0100611C0444CE
:10F0380004F8183CCCB2135D002BF7D1254408AA7C
:10F0480052FA85F505F8183C3AE700BF484B00200E
:10F058009C6C0108384B0020AC4E002078730108E6
:10F0680058740108F47401089F860100FC740108B3
:10F07800C8730108EC740108344E0020DC730108E1
:10F08800B47401084C4B0020C0740108A074010836
:10F09800EC4D002081808080AC740108E074010888
:10F0A800444B0020D87401080025704A52242B468E
:10F0B800013520336B44EDB203F8184C545D2B46F0
:10F0C800002CF5D16A4B02AE196805227019FFF7BA
:10F0D8004FFD0544EDB22023EA1866490DEB020006
:10F0E800621C044404F8183CD4B20B5D002BF7D121
:10F0F800254408AA52FA85F505F8183CE0E60025EB
:10F108005D4A56242B46013520336B44EDB203F893
:10F11800184C545D2B46002CF5D1584B198802AE7B
:10F128000422701989B2FFF723FD0544EDB22023AC
:10F13800EA180DEB0200524A611C044404F8183C1A
:10F14800CCB2135D002BF7D1254408AA52FA85F5F5
:10F1580005F8183CB4E64B4A542500230134203303
:10F168006B44E4B203F8185C155D2346002DF5D115
:10F17800454B198802AE032289B23019FFF7F8FC13
:10F188000444E4B22023E21840490DEB02006A1C53
:10F19800054405F8183CD5B24B5D002BF7D12C443B
:10F1A80008AA52FA84F404F8183C89E6384A42E678
:10F1B800384B1A78022A57D01978354A364B012924
:10F1C80008BF1A4637E6354B314A1978344B0029BF
:10F1D80018BF1A462FE6334B334A1978334B0029A8
:10F1E80008BF1A4627E6324B324A1978324B0029B3
:10F1F80008BF1A461FE6314A13889BB2002B29D054
:10F20800214B198813888AB29BB29A4222D22C4A7F
:10F2180011E62C4B2C4A19682C4B002918BF1A46AA
:10F2280009E626490B889BB2E3B1174B264A188892
:10F238000B88234C81B29BB2994238BF2246FAE52B
:10F24800204B214A1968224B002918BF1A46F2E5BB
:10F25800204AF0E51B4B1C4A19681F4B002918BFB0
:10F268001A46E8E5184AE6E51C4AE4E58C74010804
:10F27800504B002094740108CC7401089C4E002067
:10F28800D8740108787401084C4B00208074010878
:10F29800487401083B4B0020F8730108EC4D00202E
:10F2A800987301089E4E0020E8730108B87301089E
:10F2B8005C4B002028740108D8730108B24E002066
:10F2C80088730108AC4E002078730108A873010800
:10F2D8001874010808740108687401083874010872
:10F2E80070B5234EA0B005460024E0B20021FFF718
:10F2F800BFF8013480213046FFF79CF8082CF4D180
:10F3080080221C49684607F0A3FC00210846FFF745
:10F31800AFF880216846FFF78DF8802216496846C5
:10F3280007F096FC00210120FFF7A2F8802168462B
:10F33800FFF780F8042D114B28BF002505EB850544
:10F3480003EBC515022480222946684607F080FC95
:10F35800204600210134FFF78BF8E4B2802168468B
:10F36800FFF768F8072C05F18005ECD120B070BDD7
:10F37800F8900108A46C0108246D0108787A010846
:10F3880008B5144A144B002111701B78134ADBB2DC
:10F3980013701378012B11D013780F2B4FF0AE0098
:10F3A80008D0FFF731F88120FFF72EF8CF20FFF7BC
:10F3B8002BF8AF20BDE80840FFF726B8AF20FFF7CD
:10F3C80023F88120FFF720F8BDE808400F20FFF759
:10F3D8001BB800BF304E0020324E0020314E0020B6
:10F3E8002DE9F041AC4D2B78192BA0B048D0FFF790
:10F3F800E7FCAA4B1B7803F0FF04002B40F0B78210
:10F408002B78182B1FD8DFE813F01900DD037404DC
:10F418006D0466045F0458045104E30343041304B1
:10F428000D0407040104FB03F503EF03E9032E04AD
:10F438002704200419043C0435044A04984A10217E
:10F448000220FFF7DDFB974A00210320FFF7D8FBD6
:10F458002E78F6B2102E00F2AD80DFE816F0AF007D
:10F4680063006300630062030D03630063004A02E4
:10F47800C7024B011D026300AB00AB00AB00630089
:10F488006D4680228849894E284607F0E1FB002115
:10F498000846FEF7EDFF80212846FEF7CBFF8022C5
:10F4A8008349284607F0D4FB00210120FEF7E0FF3E
:10F4B80080212846FEF7BEFF0224204600210134A1
:10F4C800FEF7D6FFE4B280213046FEF7B3FF082CE2
:10F4D800F3D1DFF81882774F022498F8003013F040
:10F4E800010FE6B24FF0800207EBC411284614D191
:10F4F80007F0AEFB00213046FEF7BAFF0134802149
:10F508002846FEF797FF072CE7D16B4A04212046CF
:10F5180020B0BDE8F041FFF773BB8022002107F05F
:10F52800A5FBE7E772B6654A654B1768D3F8008014
:10F5380062B6002F00F036846249634BB94228BF97
:10F54800394653260022013480326A44E4B202F874
:10F55800806C1E5D2246002EF5D105220DEB0400BD
:10F56800FFF706FB20AB204453FA80F3052103F88C
:10F57800806C6A460846FFF743FBB8F1000F0FD0CE
:10F58800642433464246A7FB0401FBF779F9652852
:10F5980071F10002034628BF2346C3F16403DEB2BB
:10F5A8003346552205210720FFF780FB2878FFF70F
:10F5B800D7FB6EE0454A0A210520A9E7444A13888B
:10F5C8009BB2B3F57A7F38BF1788424A34BFBFB2BF
:10F5D80040F2E73754240023013680336B44F6B2F7
:10F5E80003F8804C945D3346002CF5D1DFF8008198
:10F5F800B8F800106D4689B20322A819FFF7B8FAC7
:10F608000644F6B206F180033946771C0DEB030673
:10F61800FFB22F2306F8803CE8190322FFF7A8FA67
:10F628000744FFB207F180032B4820260DEB0301A6
:10F63800631C0A19DCB202F8806C065D002EF7D153
:10F6480020AB3C4453FA84F4052108462A4604F8C2
:10F65800806CFFF7D5FA214B214A1978214B0620F7
:10F66800002908BF1A460521FFF7CAFAB8F8003082
:10F678001D4A64219BB201FB03F3A2FB032307206D
:10F68800C3F3072355220521FFF710FB3046FFF788
:10F6980067FB20B0BDE8F081384B0020B04E002059
:10F6A800A075010830770108A46D0108F8900108D9
:10F6B800246E0108F876010864750108AC4E002034
:10F6C8000C0000209F8601004C770108E8770108AC
:10F6D800B24E002078740108487701085D4B00207D
:10F6E8000875010818750108C5B3A2913A4B0020A6
:10F6F8004C4B0020A44A13889BB2B3F57A7F38BFDD
:10F708001788A24A34BFBFB240F2E7374E2600231B
:10F71800013480336B44E4B203F8806C165D2346F1
:10F72800002EF5D19A4B19886D4689B20322281903
:10F73800FFF71EFA0444E4B204F180036B44013479
:10F74800E4B22F2003F8800C394603222819FFF76A
:10F758000FFA0444E4B204F1800320AA013452FAF7
:10F7680084F46B444322052103F8802C08462A467A
:10F7780004F8806CFFF744FA864A4C2406F18003AB
:10F7880001366B44F6B203F8804C945D002CF5D139
:10F79800814B824A1B78824F03EB830303EB83037D
:10F7A8009900A2FB0131C9090322A819FFF7E0F962
:10F7B8000644F6B206F180036B44252203F8802C38
:10F7C8000136784BF6B219680422A819FFF7D0F968
:10F7D8003044C3B203F1800252260DEB0201621CD1
:10F7E8000C4404F8806CD4B23E5D002EF7D123445B
:10F7F80020AA52FA83F305212A4603F8806C0620D2
:10F80800FFF7FEF9684A482406F18001731C0DEBE6
:10F81800010606F8804CDEB2945D002CF4D1634BEF
:10F828001B7803EB830303EB83015C4B8900A3FB89
:10F838000131C9090322A819FFF79AF93044C6B261
:10F848005B4A06F180036B4401361168F6B2252243
:10F8580003F8802CA8190422FFF78AF90644F6B2A7
:10F8680006F1800252230DEB0201621C0C4404F8DD
:10F87800803CD4B23B5D002BF7D120AA344452FA25
:10F8880084F405212A46072004F8803CFFF7B8F9DC
:10F898000A20FFF765FAFCE60521464A0846FFF705
:10F8A800AFF9454949220023013480336B44E4B25F
:10F8B80003F8802C0A5D2346002AF5D13F4B4049C6
:10F8C8001A686D468A4298BF196828190522FFF7F9
:10F8D8004FF920AB044453FA84F400232A46052147
:10F8E800072004F8803CFFF78BF90B20FFF738FA64
:10F8F800CFE6344B1A78012A00F052821978324A3E
:10F90800324B022918BF1A4605210846FFF778F935
:10F918002F4B304A1878304B0521002808BF1A466B
:10F928000620FFF76DF92D4A502500230134803356
:10F938006B44E4B203F8805C155D2346002DF5D1D5
:10F94800274B19880DEB0400042289B2FFF710F940
:10F9580020AB044453FA84F46A460521072004F8CE
:10F96800805CFFF74DF90820FFF7FAF991E61D4A88
:10F978000A210220FFF744F91B4A0A21032020B07C
:10F98800BDE8F041FFF73CB9B24E0020A47701086A
:10F998004C4B0020AC770108184E002081808080F5
:10F9A800B4770108144E0020B8770108904C002065
:10F9B8008C4C0020CC770108DC770108344E0020FD
:10F9C8009F8601003B4B00203875010848750108E7
:10F9D8005D4B00200875010818750108C0770108FB
:10F9E800444B0020787501088C750108C44A5025DD
:10F9F8000023013480336B44E4B203F8805C155D66
:10FA08002346002DF5D1BF4E0DEB040031780322BB
:10FA1800FFF7AEF80444E4B220AA04F180030134ED
:10FA28006B4452FA84F40521252703F8807C6A4642
:10FA3800084604F8805CFFF7E3F8B34BB34A18783C
:10FA4800B34B0521002808BF1A460620FFF7D8F84F
:10FA58003378B04A03EB830303EB83039B00A2FBD9
:10FA68000323C3F3C713552205210720FFF71EF907
:10FA78000920FFF775F90CE6A74A5226002301343E
:10FA880080336B44E4B203F8806C165D2346002E85
:10FA9800F5D1A24B6D46196805222819FFF768F8B9
:10FAA80020AB044453FA84F4052108462A4604F896
:10FAB800806CFFF7A5F8944B944A1978944B06206C
:10FAC800002908BF1A460521FFF79AF894495324DC
:10FAD8003346721C80336B44D6B203F8804C8C5D7D
:10FAE8003346002CF5D18F4B03221978A819FFF75C
:10FAF8003FF88219D2B202F180030DEB0301013203
:10FB080020AB53FA82F3252001F8800C2A46052100
:10FB1800072003F8804CFFF773F80520FFF720F95A
:10FB2800B7E5814B56260022013480326A44E4B29C
:10FB380002F8806C1E5D2246002EF5D17B4B198899
:10FB48006D46032289B22819FFF712F820AB044446
:10FB580053FA84F4052108462A4604F8806CFFF716
:10FB68004FF873494F2306F1800201366A44F6B212
:10FB780002F8803C8B5D002BF5D16E4A6E491278F5
:10FB8800002A6E4A06F180000ABF11464F24462417
:10FB98001A46684401330244DBB202F8804CCC5C5C
:10FBA8001A46002CF6D120AA334452FA83F30521D1
:10FBB8002A46072003F8804CFFF722F80420FFF7B5
:10FBC800CFF866E55E4A10210220FFF719F83AE4FB
:10FBD8005C4A10210220FFF713F834E45A4A102136
:10FBE8000220FFF70DF82EE4584A10210220FFF7F3
:10FBF80007F828E4564A10210220FFF701F822E40A
:10FC0800544A10210220FEF7FBFF1CE4524A10213F
:10FC18000220FEF7F5FF16E4504A10210220FEF7F5
:10FC2800EFFF10E44E4A10210220FEF7E9FF0AE434
:10FC38004C4A10210220FEF7E3FF04E44A4A10214F
:10FC48000220FEF7DDFFFFF7FEBB484A1021022025
:10FC5800FEF7D6FFFFF7F7BB454A10210220FEF753
:10FC6800CFFFFFF7F0BB434A10210220FEF7C8FF81
:10FC7800FFF7E9BB404A10210220FEF7C1FFFFF75A
:10FC8800E2BB3E4A10210220FEF7BAFFFFF7DBBBBA
:10FC98003B4A10210220FEF7B3FFFFF7D4BB394AD5
:10FCA80010210220FEF7ACFFFFF7CDBB364A10212A
:10FCB8000220FEF7A5FFFFF7C6BB344A1021022039
:10FCC800FEF79EFFFFF7BFBB314A10210220FEF767
:10FCD80097FFFFF7B8BB2F4A10210220FEF790FFCD
:10FCE800FFF7B1BB2C4A10210220FEF789FFFFF76E
:10FCF800AABB2A4A10210220FEF782FFFFF7A3BB06
:10FD080098770108EC4D00205D4B0020087501082C
:10FD1800187501088180808080770108504B002089
:10FD28008C7701085C4B0020687701089C4E002006
:10FD3800787701089E4E0020587501085C75010807
:10FD4800B075010840760108B076010820760108F0
:10FD5800A0760108907601088076010830760108BF
:10FD68007076010860760108F0760108E0760108EF
:10FD7800D0760108C07601081077010800770108DD
:10FD880050760108207701081076010800760108EE
:10FD9800F0750108E0750108D0750108C075010803
:10FDA800074AB1E505210846064AFEF729FF6423FC
:10FDB800552205210720FEF779FFFFF7F7BB00BFA3
:10FDC80028750108587701080B4B1B78052B11D1B2
:10FDD80072B60A4A00211368116062B6084A4FF4E5
:10FDE800C87101FB03F31360116842F20F73994263
:10FDF80088BF1360704700BF384B0020584B002065
:10FE0800504B00200A4B1B780A2B10D172B6094AB6
:10FE180000211368116062B6074AC82101FB03F389
:10FE28001360116842F20F73994288BF13607047DC
:10FE3800384B0020204E0020144E00200E4B1B781B
:10FE4800092B04D110B50D4C23780BB910BD7047A0
:10FE580002F09CF90A4B1B68C01AFA28F6D9094B1C
:10FE680009481B680022227040215A6303F01CFDD8
:10FE7800064B01221A7010BD384B0020EC4D0020B3
:10FE8800E84D0020044D002000040048B04E00203A
:10FE98000F4B1B78052B04D110B50E4C23780BB9EA
:10FEA80010BD704702F072F90B4B1B68C01AFA2894
:10FEB800F6D90A4B0A481B68002222704FF40071D9
:10FEC8005A6303F0F1FC074B01221A7010BD00BF02
:10FED800384B00205C4B0020544B0020044D002080
:10FEE80000040048B04E00200C4B1A781AB11B7859
:10FEF800132B00D0704710B5094C23889BB203B967
:10FF080010BD02F043F9074B1B68C01AFA28F7D94D
:10FF1800054B0021012221801A7010BD384B0020AA
:10FF2800B24E0020A04E0020B04E00200B4B1B7894
:10FF38000A2B05D110B50A4C23889BB20BB910BD0A
:10FF4800704702F023F9074B1B68C01AFA28F6D944
:10FF5800054B0021012221801A7010BD384B00206A
:10FF6800B24E00209C4C0020B04E00200D4B1B7858
:10FF78000A2B04D110B50C4C23780BB910BD70476F
:10FF880002F004F9094B1B68C01AB0F57A7FF5D95D
:10FF9800074B084A18680121002323704363117036
:10FFA80010BD00BF384B0020184E00201C4E00200A
:10FFB800044D0020B04E00200C4B1B78122B04D1AE
:10FFC80010B50B4C23780BB910BD704702F0DEF862
:10FFD800084B1B68C01AFA28F6D9074B074A186855
:10FFE8000121002323704363117010BD384B00209A
:08FFF800B64E0020B84E0020B7
:020000040801F1
:10000000044D0020B04E00200D4B1B78132B04D163
:1000100010B50C4C23780BB910BD704702F0BAF83C
:10002000094B1B68C01AB0F57A7FF5D9074B084A0F
:1000300018680121002323704363117010BD00BFB5
:10004000384B0020844C0020884C0020044D0020B8
:10005000B04E00200A4B1B780A2B10D172B6094A09
:1000600000211368116062B6074AC82101FB03F33F
:100070001360116842F20F73994288BF1360704792
:10008000384B0020984C00208C4C002008B50E4BBB
:100090001B780A2B12D10D4B1B780A2B0FD90C4B56
:1000A0001B6863B902F076F80A4A126840F6B83362
:1000B000801A984202D9084B01221A7008BD02F03A
:1000C00069F8044B186008BD384B0020904C0020A4
:1000D0008C4C0020344B0020B04E0020000000006B
:1000E0002DE9F04F2DED088BB0F84030ADF6045DF2
:1000F000064604468946180B03F00F01C3F3031BA1
:10010000C3F30323059336F8423F06931E3004F1F0
:100110004E0508AA36F8023F103203F00F0742F8E6
:10012000107CC3F3031742F80C7CB542C3F30327DA
:100130004FEA133342F8087C42F8043CEAD11FAE80
:1001400007AB0796049353F8042F072AC4BF103A4D
:100150001A609E42F7D104F15E0620AA35F8023FEC
:10016000103203F00F0742F8107CC3F3031742F874
:100170000C7CAE42C3F303274FEA133342F8087CEA
:1001800042F8043CEAD11FAB3FAD53F8042F072AD5
:10019000C4BF103A1A609D42F7D104F17E03039365
:1001A00001238B4007EE903AF8EEE78AF9F7AAFFB1
:1001B0009FED75AB00239FED7CBA029341EC190BC8
:1001C00009F580570DF5807A049A039E52F8043F92
:1001D0000492059A03FA02F8069B9844029B40AAEF
:1001E00002EB830520AC36F8023FB0EE491AF0EE80
:1001F000691AC3F3051307EE903AB0EE4A0AF0EE1F
:100200006A0A54F8043BF8EEE77A03FA0BF3434426
:10021000B3EE0F7AF4EEC77A07EE103AF1EE10FA69
:10022000C8BF77EECB7AB8EEC78AC5ED007AA8EEE4
:10023000A78A05F09DFCD7ED956A97ED947AD9EDE4
:10024000067A37EE267A18EE100A8DED000B27EEAF
:10025000C78AF9F779FFDDE90023FAF7F7F8FAF72B
:10026000C3FA07EE100AF6EE007AA8EE277A17EE28
:10027000100AF9F769FF02460B4645A1D1E90001D2
:10028000FAF7E4F8FAF7B0FAA24545F8040BAAD158
:10029000039B079A40330393029B20330293049BF2
:1002A000934291D1DDF8008141AC08EE108A0DF542
:1002B00050652346F3EC017AF4EE487AF1EE10FA39
:1002C000C8BFB0EE678A9D42F4D118EE100AF9F764
:1002D0003BFF31A3D3E90023FAF700FA00284FD0FF
:1002E0002DA7D7E900674FF0000A38EE088A0AF117
:1002F000010A18EE100AF9F727FF32463B465FFA6B
:100300008AFAFAF7EBF90028EFD15046F9F7FAFE2E
:1003100041EC180B9FED1C9B244FCDF8009009F188
:10032000480B002601E054F8048BB0EE481AF0EEBA
:10033000681AB0EE490AF0EE690A05F019FC404669
:1003400059EC108BF9F700FF42464B46F9F754FF82
:10035000FAF74AFAF9F7F8FE32463B46F9F796FD06
:10036000FAF722FAA5422BF8020FDCD1DDF8009053
:1003700089F84AA60DF6045DBDEC088BBDE8F08F48
:100380009FED078B8246C5E700000000000000409B
:100390008DEDB5A0F7C6B03E9A999999D9FFDF4087
:1003A0000000000000000000000080420000E03F6C
:1003B0002DE9F04F2DED088BB0F86E20ADF61C4DF9
:1003C0000746130A8DF81530B7F87030B0F86C0096
:1003D0008DF8172003F00F02C3F303138DF81600F6
:1003E00003F108000123934007EE903A97F96D203E
:1003F0008DF814200392B8EEE7BA0291F9F782FE65
:100400009FED77AB06AB41EC190B039A01930DF10D
:100410001408F2EE00BABE374FF00009019EA7F1B2
:10042000400509F10104F0EE088A02E018F9032002
:10043000013435F8023FB0EE491AF0EE691AC3F301
:10044000420307EE903AB0EE4A0AF0EE6A0AF8EE7E
:10045000E77A07EE102AF4EEE87AF1EE10FAC8BF58
:1004600077EEEB7AB8EEC78AC6ED007AABEE278A54
:1004700005F07EFB5BEC10AB18EE100AF9F764FE9A
:1004800052465B46F9F7E2FFFAF7AEF9C4F34012C1
:1004900004F00103AF4246F8040B03EB4203C5D15D
:1004A000019B09F120098033B9F5407F07F140072E
:1004B000019308D009F00102C9F3401302EB430392
:1004C00018F90320AAE7DDF8188007EE908A07AC38
:1004D000B0EEE78A0DF618452346F3EC017AF0EE0C
:1004E000E77AF4EE487AF1EE10FAC8BFB0EE678A08
:1004F0009D42F2D118EE100AF9F726FE3DA3D3E98A
:100500000023FAF7EBF8002864D03AA7D7E9006790
:100510004FF0000A38EE088A0AF1010A18EE100AB4
:10052000F9F712FE32463B465FFA8AFAFAF7D6F836
:100530000028EFD15046F9F7E5FD41EC180B029B7E
:100540002B4F9FED279B03F64B4B002640460EE0BA
:10055000F9F7FAFD32463B46F9F798FCFAF7FCF852
:10056000A54240B20BF8010F2BD054F8040BB0EEAB
:10057000481AF0EE681AB0EE490AF0EE690A0190E6
:1005800005F0F6FA59EC108B0198F9F7DDFD4246BB
:100590004B46F9F731FEFAF727F907EE900AF5EE28
:1005A000C07AF1EE10FAD3D5F9F7CEFD32463B46CC
:1005B000F9F76AFCFAF7D0F8A54240B20BF8010F40
:1005C000D3D1029B83F84CAF0DF61C4DBDEC088BCC
:1005D000BDE8F08F9FED048B8246B0E7AFF300805B
:1005E00000000000000000400000000000000000CB
:1005F0000000E03F3333333333B34F40000000009B
:100600002DE9F04F2DED048BB0F86830B0F8700094
:10061000ADF61C4D4FEA133BB3F5004FC3F3032275
:1006200005AF28BFABF1100B1C0548BF103A8A4636
:10063000BA701906C3F3031248BF103A7A7003F078
:100640000F021B0748BF103A4FFA8BFB87F800B028
:10065000FA70C0F30320F9F755FD9FED699B41EC5B
:10066000180B26AE0DF698494FF00008A6F180054C
:1006700008F1010402E017F903B00134B0EE481AA2
:10068000F0EE681AB0EE490AF0EE690A05F070FA69
:1006900007EE90BAF8EEE77A8DED000B17EE900AB0
:1006A000F9F752FDDDE90023F9F7D0FEFAF79CF8DF
:1006B00045F8040BC4F3401204F00103AE4203EB0F
:1006C0004203D8D18036B14508F1200808D0C8F3DC
:1006D000401308F0010202EB430317F903B0C5E72A
:1006E000DDF8188007EE908A07ACB0EEE78A0DF6C9
:1006F00018452346F3EC017AF0EEE77AF4EE487AF7
:10070000F1EE10FAC8BFB0EE678A9D42F2D118EE42
:10071000100AF9F719FD3FA3D3E90023F9F7DEFF2B
:100720000090002867D03BA7D7E9006700239946CF
:1007300038EE088A09F1010918EE100AF9F704FDEC
:1007400032463B465FFA89F9F9F7C8FF0028EFD136
:100750004846CDF80C90F9F7D5FC41EC180B9FED0D
:10076000289B2B4F0AF64C7B002640460EE0F9F7FB
:10077000EBFC32463B46F9F789FBF9F7EDFFA54262
:1007800040B20BF8010F2BD054F8040BB0EE481A0E
:10079000F0EE681AB0EE490AF0EE690A009005F032
:1007A000E7F959EC108B0098F9F7CEFC42464B461E
:1007B000F9F722FDFAF718F807EE900AF5EEC07A7D
:1007C000F1EE10FAD3D5F9F7BFFC32463B46F9F704
:1007D0005BFBF9F7C1FFA54240B20BF8010FD3D183
:1007E000039B0AF5805A8AF84D320DF61C4DBDEC7C
:1007F000048BBDE8F08F9FED048B0390AFE700BF43
:1008000000000000000000400000000000000000A8
:100810000000E03F3333333333B34F400B464FF4E4
:1008200050724FF41051FDF70DBB00BF10B582B0F0
:100830000DF10603012248F20D010446FDF702FB0B
:1008400008B102B010BDBDF8062048F20D0142F417
:1008500000422046ADF80620FDF736FB0028F0D117
:10086000FDF7D8FA0028ECD10DF10603012248F279
:100870000D012046FDF7E6FA0028E2D1BDF9063069
:10088000002BB8BF6FF00800DBE700BF70B505466E
:10089000A2B00E4644F620640DF1060301224FF487
:1008A00000412846FDF7CEFA013CA4B2A0B9BDF83C
:1008B00006301A0712D530224FF400412846FDF7C2
:1008C00003FB431C08D033464FF440724FF4806161
:1008D0002846FDF7B7FA38B122B070BD002CDBD145
:1008E0006FF0090022B070BD02AB40224FF4E0610E
:1008F0002846FDF7A7FA0028EED101AB01222846D1
:1009000048F20D01FDF79EFABDF80640BDF804302F
:10091000A6F8803604F00104A6F882460028DBD150
:10092000BDF8082047F6FF70824250D00DF1160343
:100930000BAD33F8021F814249D0AB42F9D1BDF86B
:100940003030834243D0BDF8323083423FD0BDF8CF
:10095000343083423BD00DF1360312AD47F6FF70C1
:1009600033F8021F814232D0AB42F9D10DF1560368
:100970001BAD47F6FF7033F8021F814227D09D421E
:10098000F9D1BDF87030834221D0BDF87230834276
:100990001DD0BDF87430834219D00DF176030DF1EE
:1009A000860547F6FF7033F8021F81420FD09D4243
:1009B000F9D106F2FE510DF10A0322A801E033F845
:1009C000022B21F8022F8342F9D1B6F88246002388
:1009D00047F6FF7001E0182B0DD09901DAB2715A79
:1009E000814203F10103F6D102F00102A242F2D1E9
:1009F0006FF0070070E720466EE700BF00000000C0
:100A00002DE9F04FB0F86630DFEDE56A63F0FF02E4
:100A1000520143F30723A2F500525B012DED028B37
:100A20004A800B80B0F864309A0A07EE902AF8EEFC
:100A3000E77AB3EE0F7AF4EEC77AF1EE10FAC8BF98
:100A40009FEDDF7AC3F30903C8BF77EEC77A07EEDD
:100A5000103AB8EEC78A9FEDD37AB4EEC78A05463E
:100A6000F1EE10FA008CC8BF9FEDCF7AB5F8626046
:100A7000BFB000F470400C4667EEA68AC8BF38EEDF
:100A8000478AF9F74FFBC94B0022F9F7B5FBC84B72
:100A90000022F9F7FBF9F9F7A7FEA681B5F8603057
:100AA000A38295F97820B5F8783006EE902AB5F84B
:100AB0007020B4EE007A43F3072328EE078A07EE8E
:100AC000103AC2F3013384F824304FF6D873B5F8E6
:100AD0007E202364B5F87E30C4ED018AC3F303138E
:100AE000C2F30132A4F8443002EB8202B5F87E1062
:100AF00084ED028A520013FB02F39BB2C1F303217F
:100B0000A4F8443001FB02334FF4C872A4F8463015
:100B1000A4F84820B5F87E3095F97A10B5F87A2017
:100B20002061FAEEED6A03F00F03C4ED066A06EEEB
:100B3000901A03F1080101238B4007EE903AF8EE7A
:100B4000E66AF8EEE77ABAEEE97AC6EEA75A42F319
:100B50000722B5F87C3043F3072384ED0A7A07EEC9
:100B6000102AB8EEC77AC4ED0B5AC7EE276A914A2D
:100B7000B5F84000000B1B3007EE103A95F97C30B9
:100B8000C4ED0C6AB8EEC77A87EE276A07EE103A12
:100B9000B5F97430E263B8EEC77AC3F30907B5F864
:100BA000742084ED0E6A9B05C7EE276A48BFA7F53F
:100BB00080674FEA92234ABFBEB2BEB23FB2B2F5DF
:100BC000004F24BF403B9BB233441EB2B5F8723095
:100BD000C3F3090307EE103ADFED727AC4ED0D6A34
:100BE000B8EEC78AB4EEE78AF1EE10FAC4BFDFEDC3
:100BF0006E7A38EE678AF9F785FA9FED670B41EC5C
:100C0000110B04F0B5FF59EC108B18EE100AF9F730
:100C10009BFA42464B46F9F719FCF9F7E5FDB5F8A2
:100C200072309B0A07EE903AF8EEE77AB3EE0F7A4D
:100C300008EE900A95F97600F4EEC77AF1EE10FA14
:100C400006EE900AC8BF9FED5E7AF8EEE66AC8BF6E
:100C500077EEC77A9FED587A16EE900AB7EE008AC3
:100C6000A7EE878AF9F770FA8046B5F87000C0F3EE
:100C7000031008308946F9F745FA9FED470B41EC20
:100C8000110B04F075FF404653EC102B4946F9F761
:100C9000DDFBF9F7A9FD206295F9770007EE900AD0
:100CA000F8EEE77A17EE900AF9F74EFA8046B5F8B3
:100CB0007000C0F303208946F9F724FA9FED360B44
:100CC00041EC110B04F054FF494653EC102B404605
:100CD000F9F7BCFBF9F788FD28EE888A04F5805304
:100CE000E0612146A3F85872C3ED948A83ED958A9A
:100CF000A3F85A6228460393FFF7F2F9288C294695
:100D000000F00F03019331F8229FC0F30313029305
:100D1000C0F3032005F12E0706AA31F8023F103276
:100D200003F00F0642F8106CC3F3031642F80C6C84
:100D30008F42C3F303264FEA133342F8086C42F89C
:100D4000043CEAD105AA1DA9134653F8046F072EE7
:100D5000C4BF103E1E609942F7D105F13E0C1EAE95
:100D6000964637F8023F103603F00F0246F8102C73
:100D7000C3F3031246F80C2CBC45C3F303224FEA1D
:100D8000133346F8082C46F8043CEAD172461DABF2
:100D90003DAF19E0AFF3008000000000000000400C
:100DA000000080390080FF43000080440000103FB5
:100DB0000000204017B751B90000003C0000803D02
:100DC000000080420000004253F8046F072EC4BFA9
:100DD000103E1E609F42F7D105F17E0A3EABCDE981
:100DE000043A04F24A6ED44652F8043F83404B441E
:100DF0009BB276461EAFE046009338F802AF019BE7
:100E00004FEA9A2BBAF5004F0FFA8BFA24BFABF1D9
:100E1000400B0FFA8BFA0AFA03FBA6F802A0029B1A
:100E200057F804AB0AFA03FA009B9A44049BDA448D
:100E3000BB4226F802AFE0D191420CF1400C0EF11A
:100E4000400ED1D128462146DDF814A0FFF7B0FAB4
:100E500021462846FFF7D4FBB5F86A305FED296AD2
:100E6000AA8A03F03F0107EE901AF8EEE77AB3EE94
:100E70000F7AF4EEC77AF1EE10FAC8BF1FED307AA0
:100E8000C3F38411C8BF77EEC77A07EE101AB8EE25
:100E9000C77AB2EE0E6AB4EEC67AF1EE10FA67EED9
:100EA000A66AC8BF5FED397A4FEAD323C8BF37EED1
:100EB000677A07EE903AF8EEE77AB2EE0E6AF4EE51
:100EC000C67AF1EE10FAC8BF1FED426A039BC8BF95
:100ED00077EEC67AF6EE005AB4EE006A41F2682167
:100EE00027EE257A67EE867A6FEA1212661802F00C
:100EF000800284F825200025C3ED976A83ED987A57
:100F0000C3ED997A4FF0FF3363502A467360B360A4
:100F1000F36033612B460BE024F8173082B20133C3
:100F20009BB2B3F5407F19D0052A77D0052D7CD030
:100F30003AF8021F02F63417501C0029ECD011F0C9
:100F4000010F05F63811EAD004EB410101354B8061
:100F500001339BB2B3F5407FADB2E5D1052A5DD038
:100F6000052D62D05319042B00F39C80002A63D016
:100F700002F1010904F593581FFA89F908F10608EE
:100F80004FF0010E724571461ADD38F81E704FEAB7
:100F9000571C07F01F0736F811304FEA531AACEB15
:100FA0005310A3EB4A1301309BB2FB1A022801F144
:100FB000010103F1010301D8022B70D98A42EADC56
:100FC0000EF1010EF145DDD1BDBB04F593510C4688
:100FD000531E9BB20A31123401EB430104EB450C62
:100FE000BDB1308827464FEA501E00F01F0037F889
:100FF000022B5309A2EB4313AEEB52129BB2013208
:10100000C31A022A03F1010301D8022B47D967450D
:10101000EDD10236B142E3D1002001E06FF00200D1
:101020003FB0BDEC028BBDE8F08F6FF003003FB026
:10103000BDEC028BBDE8F08FBDB305F1010904F5ED
:10104000935804F5935E1FFA89F908F110080EF120
:10105000120E0127BD4239461BDD38F817C04FEA92
:101060005C1A0CF01F0C3EF811304FEA531BAAEB30
:101070005310A3EB4B1301309BB2ACEB03030228DC
:1010800001F1010103F1010301D8022B07D98D42BF
:10109000E9DC0137B945DDD1002A96D1BCE76FF014
:1010A0000500BDE76FF00400BAE72846B8E700BFC7
:1010B000F8B52DED028BB0F88066054691F8240056
:1010C0009FED258B0C46F9F71DF8B0EE480AF0EEBF
:1010D000680A41EC110B04F04BFDC6F38126304643
:1010E00057EC106BF9F70EF8B0EE480AF0EE680A0C
:1010F00041EC110B04F03CFDB5F9541653EC102BE8
:1011000008EE101A30463946F9F7A0F9F9F76CFBEA
:10111000B4F9023007EE903A06EE900AB4F90030C6
:10112000B8EEC88AF8EEE77A07EE103AD8EE267ADB
:10113000B8EEC77AC7EE877A17EE900AF9F704F887
:1011400007A3D3E90023F8F7A1FEF9F74DFBBDECA7
:10115000028B00EE100AF8BD000000000000004005
:101160006666666666660A402DE9F84305460C46E3
:10117000FFF79EFFB5F9403694ED046ADFED2A6A69
:1011800007EE103AB5F9003607EE903AB8EEC77A96
:10119000F8EEE77A10EE105AE7EE067A87EE276A45
:1011A00066EE267A17EE900AF8F7CEFF06466068DC
:1011B0000F46F8F7C9FF804628468946F8F7C4FF6E
:1011C00017A3D3E90023F8F75FFE02460B4640461B
:1011D0004946F9F711F8154B0022F8F757FE024679
:1011E0000B4630463946F9F731F90646A0890F46D5
:1011F000F8F798FF02460B4630463946F8F744FEAA
:10120000F9F7F2FA94ED027A06EE900A86EE870A72
:10121000F3EE097A30EE270ABDE8F883AFF30080D9
:101220006666666666660A40000080480000F03F19
:101230002DE9F04F2DED108B8DB0B0F8823608936C
:101240008B4610EE905A044617460390F0EE409AF3
:10125000FFF72EFF20465946A04610EE104AFFF732
:1012600083FF10EE100AB0EE409AF8F76DFF94A3DA
:10127000D3E90023F8F70AFEF9F7B6FA08EE100AE8
:101280002846F8F761FF8EA3D3E90023F8F7FEFDA7
:10129000F9F7AAFA08EE900A68EEA88A28EE088AFA
:1012A00068EEA88A9BF84C0FB0EE687AA8EE487AF0
:1012B0000BF58056B7EE00CAC7EE297AB0EE4C8A1D
:1012C00078EEE78AF8F71EFF9FED770B41EC110BE4
:1012D00004F04EFC51EC100BF9F786FA0AEE100AF6
:1012E00096F84D020996F8F70DFF9FED6F0B41EC54
:1012F000110B04F03DFC51EC100BF9F775FA0AEEF6
:10130000900A9BF84A06F8F7FDFE9FED670B41EC4B
:10131000110B04F02DFC51EC100BF9F765FADBED25
:101320000B5A9FED657ABBF914209BED0C6ADBED3F
:101330000D6AB8F88066F0EE4C7AE5EE877A0346DF
:101340007609B3EE097A39EE479A9BED087AA7EE53
:10135000098A2046444607EE102AB8F91426CCEE36
:1013600027BA07EE902AB8EEC77AF8EEE77ABBF90B
:10137000442087EE27BA07EE902A0DEE903ABBF98B
:101380004630F8EEE77A9B1AF0EE4CCAE6EE27CA32
:10139000B8F9502607EE903AF8EEE77AA6EEA7CA1B
:1013A00007EE902AF8EEE77A2CEE8CCA27EE8BDA5D
:1013B000F8F7CAFE06F0800207923DA3D3E90023A6
:1013C000F8F762FD80468946DBF81C00F8F7BCFEA2
:1013D00042464B46F8F710FF0022384BF8F756FD0F
:1013E00049EC1F8B8946B4F9101607EE901AF8EEF7
:1013F000E77A804667EE8B7A17EE900AF8F7A4FE3C
:10140000099BB3F9583207EE903AF8EEE77A0446B2
:1014100067EE887A0D4617EE900AF8F795FE424679
:101420004B46F8F7E9FE02460B4620462946F8F7F8
:101430002BFDF9F7D9F99BF82530079A0A909342CA
:101440001DEE100A00F0E781F8F77EFE099B93ED90
:10145000977AB3F95A3207EE903AF8EEE77A0446F3
:1014600077EE877A0D4667EE887A4FF0000A17EE1E
:10147000900AF8F769FE42464B46F8F7BDFE0B4668
:10148000024629462046F8F7FFFCF9F7ADF973B29A
:1014900001970BF64C460BF14A070B900693029608
:1014A00000971FE0AFF30080000000000000004044
:1014B0006666666666660A40000020420000F03FED
:1014C0006666666666127140019B04330193009B59
:1014D00002330093029BBAF5407F03F101030293AC
:1014E00000F09481069A002A039ACAF34018D14664
:1014F0004346B2F88226BCBF09F0010388EA030321
:101500009A4254460AF1010ADED1029B93F9002067
:1015100093F9013307EE902AF8EEE77AB7EE008AE6
:1015200087EE8A7AA9EE078A07EE103A039B33F911
:10153000193007EE903AF8EEE77AB8EEC77A67EE20
:101540008B7A87EE2ADA17EE900AF8F7FDFD009BFA
:10155000B3F9023607EE903AF8EEE77A41EC1E0B4B
:1015600067EE887A17EE900AF8F7EEFD06461DEE54
:10157000100A0F46F8F7E8FD53EC1F2BF8F73CFE76
:10158000AF4B0022F8F782FC02460B463046394644
:10159000F8F732FE02460B4651EC1E0BF8F774FCCE
:1015A000F9F722F99BF82530079A934207EE900A43
:1015B00007EE100A2FD0099B4FEA4808D3ED995A3D
:1015C000D3ED986A08F1FF3306EE103AE21C04F1FD
:1015D000020348BFA21DB8EEC66A9B10B9F1000F06
:1015E000A3EBA203E5EE867A03EBAA03B8BF09F1E9
:1015F0000309A3EBA909C8F1010819FB08F84FFA80
:1016000088F8B0EE677A07EE908AF8EEE77AF1EEA6
:10161000666AA6EEA77A089B0CAA02EB8303DBEDB1
:10162000066A53ED027AA6EEE77A1DEE900A87EE7F
:1016300029DAF8F789FD7EA3D3E90023F8F7DCFD6A
:10164000009B044618880D46F8F76CFD02460B46D1
:1016500020462946F8F7FAFEF9F7C6F8B7EE008AF1
:101660009BED0A7AF0EE487AE9EE077A07EE100A67
:1016700027EE878AB0EE4D7AA8EE887A68EE087A6F
:1016800067EE887A67EE877A17EE900AF8F75CFDC6
:1016900041EC100B04F0E4FA04F0E2FADBF830005D
:1016A0008DED040BF8F750FD04461DEE100A0D46B3
:1016B000F8F74AFD60A3D3E9002380468946204617
:1016C0002946F8F799FD02460B4600205C49F8F7D9
:1016D000DBFB064618EE100A0F46F8F735FD02460A
:1016E0000B4630463946F8F787FD22462B4606461C
:1016F0000F46DDE90401F8F77FFDF9F775F8F8F713
:1017000023FD02460B4630463946F8F7BFFB02463A
:101710000B4640464946F8F799FE044618EE900AF3
:101720000D46F8F711FD02460B4620462946F8F70C
:10173000ADFB41EC100B04F093FA04F091FA3EA3D8
:10174000D3E9002351EC100BF8F79EFBF9F74CF8A6
:10175000BBF9423007EE103A07EE900AB8EEC77AAE
:10176000B4EEE77AF1EE10FA2EDDBBF9403007EE69
:10177000103A28EE2B8AB8EEC77A00230BEB8303CE
:10178000D3ED0B6A77EEC77AB7EE007AA6EEA77AAA
:1017900027EE088ACDEE087A77EEA87A17EE900A3F
:1017A000F8F7D2FC41EC100B04F05AFA04F058FAA6
:1017B00021A3D3E9002351EC100BF8F765FBF9F7EF
:1017C00013F8019B18607FE6BBF9443006EE903AAF
:1017D000F8EEE66AF4EEE76AF1EE10FA10DCBBF917
:1017E000463007EE103AB8EEC77AB4EEE77AF1EE7B
:1017F00010FA07DD28EE2C8AB0EE667A0223BDE7E8
:101800000123BBE728EE0C8A0323B7E70DB0BDEC3C
:10181000108BBDE8F08FF8F797FC099BB3F95A32AB
:1018200007EE903A0446F8EEE77A0D461BE600BF55
:101830008DEDB5A0F7C6B03E66666666661271406D
:101840000000F03F70B521F4006384B023B16FF065
:101850000105284604B070BD0C460DF106030122B7
:1018600041F2F4110646FCF749FD051EF1DBBDF817
:10187000061021F400610C432E22A4B28DF8092039
:101880001121F422230A8DF80A108DF80B2002A9E9
:1018900006223A2530468DF808508DF80C30ADF808
:1018A00006408DF80D40FCF76BFD05460F20FCF758
:1018B0008FFD284604B070BD70B521F4807384B0EC
:1018C00023B16FF00105284604B070BD0C460DF140
:1018D0000603012241F2F4110646FCF70FFD051E36
:1018E000F1DBBDF8061021F480710C432E22A4B266
:1018F0008DF809201121F422230A8DF80A108DF8A1
:101900000B2002A906223A2530468DF808508DF8A2
:101910000C30ADF806408DF80D40FCF731FD054662
:101920000F20FCF755FD284604B070BD00B583B00C
:101930000DF10603012243F61441FCF7DFFC0028F9
:10194000A4BFBDF80600C0F3002003B05DF804FB9F
:1019500010B582B001AB012243F22C410446FCF7E2
:10196000CDFC00280DDB0DF10603012243F61441E6
:101970002046FCF7C3FC0028A4BFBDF80600C0F356
:10198000002002B010BD00BF00B583B004220021CA
:1019900001234FF0800C8DF806100DEB02018DF83D
:1019A00004308DF805C08DF80730FCF7E9FC03B072
:1019B0005DF804FB70B51E4615460B46142242F630
:1019C00002610446FCF79AFC002813DB2B464FF417
:1019D000407242F62A612046FCF790FC002809DBA1
:1019E0003346204640F20132BDE8704043F22C41BC
:1019F000FCF784BC70BD00BF2DE9F04F2DED028BCC
:101A00008C4B8D4A8D4E9A60B1B000F0A5FBFBF770
:101A10007FFBFBF7B3FBFCF74FFDFBF7CFF9FBF7C1
:101A200021FCFBF70FFBFBF71BFDFBF7ABFAFBF70A
:101A3000DBFA327800230321CDE9083306930A93B9
:101A400007917AB13378042B02D033780A2B09D16D
:101A500001237B48069306A901F03AFE0B20FBF711
:101A6000A1FD09E001244FF0904006A9069401F081
:101A70002FFE2046FBF796FD33780A2B00F00A83F1
:101A80003378052B08D03378092B05D03378122B07
:101A900002D03378132B03D140F67F40FBF70EFDC5
:101AA0000BAB08EE903A13AC0DF1400A33780B2BD8
:101AB00000F0E1823378012B22D03378022B1FD043
:101AC0003378032B1CD03378062B19D03378072BAF
:101AD00016D033780A2B13D033780C2B10D03378F0
:101AE000102B0DD033785BB10023CDE91333119364
:101AF00008220123524810925146129301F0E8FD4A
:101B0000504A514C514D0323C4E90023204640F272
:101B1000E733A36002F002FCFCF7F2FC204602F07F
:101B200029FCFCF75BFE204602F024FCFAF786FF56
:101B30002B78062B464B00F089822A78062A00F083
:101B40008C822A78062A00F08F823F4802F012FC2D
:101B50002B78032B00F074822B78042B00F070821A
:101B6000FBF7A0F83848DFF8EC90DFF8DC8002F0F3
:101B700001FC0020FDF7B8FB012500271DE06307ED
:101B800039D0FEF75FF9FEF787F9FEF7F3F9FEF7B4
:101B90007DFAFEF715FAFEF737FAFEF7A9F9FEF718
:101BA000C9F9FAF79FFBFAF75DFC642000F0F8FA38
:101BB000322D51D001350137EDB24046FCB202F072
:101BC000D9FB002FDBD1FEF73DF9FEF765F9FEF7F3
:101BD000D1F9FEF75BFAFEF7F3F9FEF715FAFEF717
:101BE00087F9FEF7A7F9FAF77DFBFAF73BFC6420CB
:101BF00000F0D6FADEE7C4F3C10404EB840409EB79
:101C0000C4144FF0020B80222146504605F024F800
:101C1000584600210BF1010BFCF72EFC5FFA8BFB01
:101C200080215046FCF70AFCBBF1070F04F1800449
:101C3000E9D1A6E700ED00E000800008384B002065
:101C40000004004800300040744C00205E4B00202F
:101C50002F4E0020787A0108A24B00241C70E0B2BD
:101C60000134FDF71BF8082CF9D10027CDE90177E5
:101C70009D4DDFF8B082DFF8B092DFF8B0B208EE29
:101C800010AA3C46BA46484602F074FB974B1B78B4
:101C9000002B4ED100F07EFA019BC01A944B1B78AA
:101CA000002B14BF64234FF4FA73984280F0FA803B
:101CB00000F070FAC01B132800F2DA8000F06AFA14
:101CC000A0EB0A00B0F5FA7F80F0CC8000F062FA59
:101CD000029BC01A95286ED8864B1B78002B67D1C3
:101CE000FBF7DCFD844B1B78002B59D13378082B94
:101CF00025D098F80030002BC5D000F04BFA7F4B70
:101D00001B68C01A0028BEDB88F80040002202EBE6
:101D100042030132EC542B44082A5C709C70F6D1CB
:101D2000FBF752FE484602F025FB704B1B78002B58
:101D3000B0D06E4B58461C7001F0E8F8AAE7704B23
:101D40001B78002BD5D06E4B1C706E4B198889B256
:101D5000012938BF0121B1F5FA7F28BF4FF4FA718C
:101D60000022694B187802EB4203C0B2E85467487E
:101D700000782B44C0B25870654800780132C0B278
:101D8000082A9870EDD10391FBF71EFE00F002FACD
:101D900003995A4B08441860012388F80030A8E7DB
:101DA000FBF7D4FD08B1544B1C70FBF70DFE9DE70B
:101DB000FDF7EAFA94E700F0EDF90290FAF73CFA41
:101DC000FAF76CFAFEF704F8FEF720F8FEF742F98E
:101DD000504A13780133DBB2022B06D94D4B4E4AE1
:101DE0001C701378013303F003031370FDF7FCFA42
:101DF00033788DF85440CDE91244002B5CD0337811
:101E0000132B59D033780A2B00F092803378042BAF
:101E100000F0BE803378112B00F0D3803378052B8F
:101E200000F0DB803378092B00F0F1803378082B49
:101E30007FF452AF394B1B788DF8143040F25513B4
:101E4000109358460123149301F010F900283FF431
:101E500043AF18EE903A18EE101A05AA584601F052
:101E600087F839E700F096F98246FCF761FD2DE727
:101E700000F090F90746FAF735FAFAF7F3FAFDF7AA
:101E8000E1FFFEF709F8FEF775F8FEF7FFF8FEF739
:101E900097F8FEF7B9F8FEF72BF8FEF74BF8FAF7CC
:101EA000ADF90BE700F076F94FF4004101904FF0E7
:101EB000904001F003FDFBE6194A1388C3F30723A2
:101EC0008DF8143013888DF8153040F235131093C7
:101ED00058460223149301F0C9F800283FF4FCAEE1
:101EE000B7E700BF08000020604E0020464B0020EE
:101EF000B04E0020304E0020B54E0020404B002058
:101F0000B44E0020444B00205C4E00205B4E00206D
:101F10005A4E0020394B00203A4B00205D4B0020E8
:101F20004C4B00203C4B0020744C0020B44B002054
:101F30006D4A1388C3F307238DF8143013888DF886
:101F4000153040F27513109358460223149301F094
:101F50008DF800286BD1654A13681B0A8DF8143080
:101F600013688DF8153040F277131093584602230A
:101F7000149301F07BF8002850D15D4A13681B0AC6
:101F80008DF8143013688DF8153040F279139EE700
:101F9000584A1388C3F307238DF8143013888DF83B
:101FA0001530554B1B788DF8163040F245131093C1
:101FB00058460323149301F059F800283FF48CAEDF
:101FC00047E74C4A1388C3F307238DF8143013886E
:101FD0008DF8153040F2432379E740F24713109310
:101FE0000323149372B6454B1B6862B68DF8153007
:101FF000C3F307238DF81430414B58461B788DF8F6
:10200000163001F033F800283FF466AE21E73C4B70
:102010001B788DF8143040F2651311E718EE903AF2
:1020200018EE101A05AA584600F0A2FFA5E718EE10
:10203000903A18EE101A05AA584600F099FF8AE760
:10204000304901221420FAF739FD89E51A78012A6E
:102050007FF473ADFBF728FE77E51A78022A7FF448
:1020600070ADFBF75DFF70E51B78032B7FF46DAD62
:10207000FCF7A2F869E500231393082263604FF48C
:102080000413CDE91023204801235146129301F097
:102090001FFB35E50BAB40F6FF101C4608EE903AEF
:1020A000FBF70CFA202321460B9313AC02230025E7
:1020B00001274FF090400C930DF1400A03230E933B
:1020C0000D950F9701F004FBFBF736FA13954FF4CB
:1020D00004136560514640254FF09040CDE9105300
:1020E000129701F0F5FAE1E44C4B0020144E002069
:1020F0008C4C00209C4E00209E4E0020504B002017
:102100005D4B00202F4E002000040048704700BFA8
:1021100038B50E4A0E4B12781B6805464FF47A709C
:10212000B0FBF2F0B3FBF0F001F0E0F908B90F2DCD
:1021300001D9012038BD0446024629464FF0FF3040
:1021400001F088F9034B20461D6038BD10000020C7
:102150000000002014000020074A08B5136843F06F
:1021600010031360032001F063F90F20FFF7D0FF85
:10217000FFF7CCFF002008BD00200240034A044BBB
:1021800011681B780B441360704700BFC44E0020D9
:1021900010000020014B1868704700BFC44E00209B
:1021A00038B50446FFF7F6FF631C054602D0044B22
:1021B0001B781C44FFF7EEFF431BA342FAD338BD44
:1021C00010000020704700BF026838B5936803F024
:1021D0000303012B01D0002038BD1168CC07FAD5CC
:1021E000916801F00D010129044609D0026C42F00A
:1021F000100222641846636C43F00103636438BD27
:102200009368032143F0020393601160FFF7C2FF5C
:1022100023689B68D907054603D4DCE79B68DB0786
:10222000D9D5FFF7B7FF401B02282368F6D99A6873
:10223000D207F3D5236C43F010032364636C0120B1
:102240000343636438BD00BF03689A6812F00C0F43
:1022500001D100207047DA6870B59601044604D5B4
:10226000008B40F2011290421CD060299A6844D041
:10227000560706D59A68900703D49A6842F0100270
:102280009A600C291DD09A68120706D59A6896079D
:1022900003D49A6842F020029A606C2914BF042586
:1022A0000C250FE01A68500606D41E4A01E0013AD8
:1022B00018D019684906FAD540221A609A68520760
:1022C00026D40425FFF766FF236806469B681D4257
:1022D00011D0FFF75FFF831B0B2B2368F6D99A6899
:1022E0002A42F3D0236C43F010032364636C012073
:1022F0000343636470BD002070BD110706D59A6862
:10230000920703D49A6842F020029A600825D9E720
:102310009A689007D5D49A6842F0100204259A6012
:10232000D0E700BF00940900026838B5936803F055
:102330000303012B044625D09168154B194208D0A0
:10234000236C43F010032364636C01200343636434
:1023500038BD936843F001039360FFF71BFF2368C8
:1023600005461B68D9070BD4FFF714FF431B022B4C
:102370002368F6D91A68D207E2D51B68D907F3D5C6
:10238000002038BD1368D807D6D50020F9E700BF74
:102390003F00008030B597B000230193002800F083
:1023A0009B80036C13F01003044618D1056C002DBC
:1023B00000F0958022689168CD0040F1818091689D
:1023C00088007DD4216CC90600D463B1236C23F04E
:1023D0001203012043F01003236417B030BD036CD7
:1023E000D806F3D42268906810F00400EED1216C76
:1023F000824B21F4817141F00201B2F1A04F2164BE
:102400007CD09A4278D07E4B9A4200F094807D49ED
:102410008A4200F09180936803F00303012B00F0DF
:10242000E58079498B68656823F440332B438B60E2
:10243000636BE168657E012BA36843EA010394F8AE
:10244000201018BF4FF4805043EA4533012943EA76
:10245000000300F0A580A16A012909D068488242E2
:102460005DD000F58070824259D0E06A03430B438F
:10247000916811F00C0F0CD1D16821F4804121F04A
:102480000201D16094F83010207E490041EA803189
:102490000B43D0685D49014020690B430128D3609C
:1024A00000F08680136B23F00F0313630020606439
:1024B000236C23F0030343F00103236417B030BD02
:1024C000236C23F0120343F010032364636C43F086
:1024D00001036364236C79E7012017B030BDC0E9C4
:1024E0001255456480F83C50FFF76CFE22689368F3
:1024F000D90024D52B465EE74FF0A0434449029310
:10250000936803F00303012B5AD0029DAB6803F0DC
:102510000303012B86D12B68DD0789D482E7B1F54F
:10252000307F60D0B1F5807F65D0B1F5E07F08BF26
:102530004FF4807199E7334B33490293E0E720462B
:10254000FFF742FE226CD20603463FF533AF002868
:102550007FF430AF216C226821F4885121F0020110
:1025600041F00201216490682A4920F040509060B7
:102570009068096840F0805090602748A0FB0101F6
:10258000890C01EB810149000191019900293FF477
:1025900012AF01990139019101990029F9D10AE796
:1025A000B5B9616A013943EA414343F4803352E7E4
:1025B000116BE36921F00F01013B0B43136375E7D6
:1025C0001368DB073FF534AF029D002D9ED129E74C
:1025D000216C21F0220141F020012164616C41F065
:1025E0000101616437E74FF4E0713EE71368DB07F0
:1025F0003FF51EAF15E74FF4307136E7000100508C
:1026000000040050000500500007005007C0F0FF14
:10261000000300500000002083DE1B4338B5036830
:102620009D6815F004052CD190F83C30012B044630
:1026300027D0012380F83C30FFF776FEF0B9226CFA
:10264000236822F4706222F0010242F48072B3F136
:10265000A04F226417D03A4A934268D002F5C06274
:102660009268D50611D037498B420ED0226C42F4C5
:1026700080122264CA68920114D50DE084F83C509F
:1026800038BD022038BD304A9268226C22F4801294
:102690002264DA68910105D5226C22F4405242F49A
:1026A00080522264226C12F480521CBF626C22F0B1
:1026B0000602626400211C22B3F1A04F84F83C1092
:1026C0001A601AD01E4A934222D0D2F80816CD06BC
:1026D00002F5C0620CD0916801F01F01052907D0F6
:1026E000926802F01F02092A02D0164A9342C7D10B
:1026F0009A6842F004029A6038BD134A9168CC0689
:10270000F6D0916801F01F010529F1D09268EFE73A
:102710000D4A9168C906EBD0916801F01F010529A7
:10272000E6D0926802F01F02092AE1D038BD064ABD
:102730009268D206A9D0226C4FF0A04197E700BF63
:1027400000010050000400500003005090F83C309D
:10275000012B1DD0012310B56C2180F83C300446BC
:10276000FFF772FD18B1002384F83C3010BD2046FD
:10277000FFF72AFD0028F6D1236C23F4885323F0B9
:10278000010343F001032364002384F83C3010BDAF
:10279000022070472DE9F04144690368082C064681
:1027A0000D4610D0B3F1A04F5DD046484649474A88
:1027B000834218BF11468A6812F01F023AD1D968C5
:1027C000C9076ED40C24B3F1A04F41D03D4A9342C7
:1027D00050D002F5C0629268D20646D1DF68FFF79A
:1027E000D9FC3268804601E06B1C17D11368234284
:1027F000FAD0336C43F400733364D36807F40051A8
:1028000003F440630B4302D11368180739D417F45B
:1028100080400CBF14600020BDE8F081DDB9136872
:102820002340E3D1326C86F83C3042F0040232643B
:102830000320F1E78A6812F4404FC3D0336C0022C2
:1028400043F0200386F83C2033640120BDE8F0818A
:102850001D4A9268C2E7FFF79DFCA0EB0800A84262
:102860003268C3D9DBE71849A5E7194A9342B5D0C6
:10287000D768B4E7144A9268D206AFD04FF0A042AE
:10288000F6E7936813F0040F336C13D123F48073CD
:102890003364336CD904BAD4336C43F0010333642A
:1028A000B5E7336C86F83C2043F020033364012005
:1028B000BDE8F08143F020033364736C43F00103FF
:1028C0007364A4E7000100500003005000070050AB
:1028D000000400500368186C704700BFF8B590F80A
:1028E0003C30012B40D0012780F83C7004460D4657
:1028F000FFF76AFC0646002831D1236827649A68EE
:10290000BD4222F080429A6003D19A6842F0804230
:102910009A609A6842F000429A60FFF73BFC236895
:1029200005469B68002B14DAFFF734FC431B0A2B87
:102930002368F6D99A68002AF3DA236C002223F080
:10294000120343F01003012684F83C202364304630
:10295000F8BD236C23F0030343F001032364002339
:1029600084F83C303046F8BD02263046F8BD00BF42
:10297000F0B590F83C20CC6897B00346012A4FF0A0
:102980000000019000F0F5801A68012083F83C00F7
:1029900095686F073AD44868042800F2888000EBF5
:1029A0004000166B0D6840004FF01F0C0CFA00FC45
:1029B00026EA0C0C05FA00F04CEA0000106390685F
:1029C00010F00C0F34D1092D00F2888050698E6808
:1029D00005EB450E4FF0070C0CFA0EFC06FA0EF64E
:1029E00020EA0C0030435061D0680E694F69C0F393
:1029F000C1004000013E07FA00F0032E00F26081A2
:102A0000DFE816F00D000B010101F7001A6C42F02F
:102A100020021A64002283F83C2017B0F0BD176E24
:102A20009F4E3E4046EA8566304340F000401066C7
:102A3000906800F00300012800F09680012C00F05F
:102A40009B80D2F8B0100120A84021EA0001C2F812
:102A5000B010B2F1A04F63D092498A4260D0102DDD
:102A6000914960D0112D40F09C808868C0015DD4F0
:102A7000B2F1A04F8B485DD0824200F0E8808B48D5
:102A8000824255D08A4CA24254D0906800F0030094
:102A9000012800F0FD80102D48D0112D46D0122DB8
:102AA00044D18A6842F4800200208A60B2E7092893
:102AB00025D90E2800EB40004FEA400000F28B8041
:102AC000966B0D683C384FF01F0C0CFA00FC26EAA0
:102AD0000C0605FA00F03043906370E78F68906948
:102AE00005EB45061E3E4FF0070E07FA06FC0EFAF0
:102AF00006F620EA060040EA0C00906174E700EB5D
:102B000040004000566B0D681E384FF01F0C0CFA49
:102B100000FC26EA0C0605FA00F0304350634EE74D
:102B2000102D64499ED188680402A1D5002071E768
:102B300000F580700290906800F00300012876D0C4
:102B4000029CA06800F00300012877D0102D00F04F
:102B50008280112DA3D1B2F1A04FE7D18A6842F053
:102B6000807200208A6055E71068C6077FF566AF5F
:102B7000DCE7022017B0F0BDD2F8B000AC4004434F
:102B8000092DC2F8B04012D905EB45048E68906952
:102B90001B3C0721A140A64020EA0101314391617D
:102BA00057E7122DC2D188684702BFD460E76C1C7A
:102BB0008E68506904EB44040721A140A64020EA36
:102BC00001013143B2F1A04F5161AFD035498A4282
:102BD0007FF445AFAAE7D66B0D685A384FF01F0C4B
:102BE0000CFA00FC26EA0C0605FA00F03043D0632C
:102BF000E5E6D76E2A4E3E4046EA8566304340F011
:102C00000040D06614E7976E254E3E4046EA856642
:102C1000304340F0004090660AE7576E204E3E4039
:102C200046EA8566304340F00040506600E7106891
:102C3000C60706D4029C002C83D187E72068C4070E
:102C400084D51A6C42F0200201201A64E2E64FF0AB
:102C5000A04002906FE7B2F1A04F7FF467AF164A31
:102C6000164C12688868A4FB0242920C02EB8202A6
:102C7000520040F4000088600192019A002A3FF45B
:102C800055AF019A013A0192019A002AF9D14DE714
:102C90001068C007D5D4102D7FF45BAF46E700BFA6
:102CA00000F0FF83000100500007005000040050B6
:102CB00000050050000300500000002083DE1B438D
:102CC000106E00F0F840B0EB856F4FEA856614D0C7
:102CD000506E00F0F840864214D0906E00F0F8403C
:102CE000864214D0D06E00F0F84086427FF4A0AE49
:102CF000D06E20F00040D0669AE6106E20F00040C2
:102D00001066E5E7506E20F000405066E5E7906EF3
:102D100020F000409066E5E7704700BF00287BD0B8
:102D200038B590F820300446002B72D02268136822
:102D300043F001031360FFF72DFA054604E0FFF7A7
:102D400029FA431B0A2B5BD823685A68D107F6D5AA
:102D50001A6822F002021A60FFF71CFA054604E026
:102D6000FFF718FA401B0A284AD823685A689207C6
:102D7000F6D4227E012A1A680CBF42F0800222F0AB
:102D800080021A60627E012A1A680CBF42F040027B
:102D900022F040021A60A27E012A1A680CBF42F09B
:102DA000200222F020021A60E27E012A1A680CBF7B
:102DB00022F0100242F010021A60227F012A1A68E3
:102DC0000CBF42F0080222F008021A60627F012A5A
:102DD0001A680CBF42F0040222F004021A60D4E91F
:102DE0000220216902430A43606961680243013994
:102DF0000A4300200121DA61606284F8201038BDA6
:102E0000636A052243F40033636284F820200120C2
:102E100038BDFFF781FF89E70120704790F8202037
:102E2000013A012A034605D9426A42F48022012070
:102E30005A6270470368486970B4D3F8004244F09E
:102E40000104C3F80042D3F81C42012500F01F0220
:102E500005FA02F2CD6924EA0204C3F81C42D44305
:102E6000002D3DD1D3F80C52CE682540C3F80C524A
:102E70008D8803EBC00045EA0645C0F840528E68D5
:102E80000D8845EA0645C0F84452886910BBD3F85E
:102E900004022040C3F804020869A8B9D3F8140258
:102EA0000440C3F81442096A012904D1D3F81C1262
:102EB0000A43C3F81C22D3F8002222F001020020AA
:102EC00070BCC3F800227047D3F814021043C3F853
:102ED0001402E8E7D3F804021043C3F80402DBE766
:102EE000012DD2D1D3F80C520E681543C3F80C5201
:102EF0008D8803EBC00045EA0645C0F840528E6855
:102F00008D8945EA0645C0F84452BEE770B590F891
:102F10002030012B044606D0436A012643F40023E7
:102F20004362304670BD0268DEB2022380F8203072
:102F3000136823F001031360FFF72CF9054604E042
:102F4000FFF728F9431B0A2B08D823685B6813F0A6
:102F50000103F5D11E466362304670BD636A0522E7
:102F600043F40033636284F82020304670BD00BF14
:102F700030B4844690F82000DCF800500138012875
:102F8000AC683BD814F0E05F08D1DCF8243043F49F
:102F90000013012030BCCCF824307047C4F3016426
:102FA0000120A04018608B688BB3C8680343486851
:102FB00043EAC00304F1180000012B5005EB041C88
:102FC0000B69CCF88431097D01294FEA041305D13E
:102FD000DCF8841141F48071CCF884112B445168E1
:102FE000C3F88C111268C3F88821DCF8803143F0F3
:102FF0000103002030BCCCF880317047DCF824306D
:1030000043F48023012030BCCCF824307047CB68D7
:10301000086843EA405004F118031B01E850CDE76B
:1030200090F82020013A012A034605D9426A42F469
:10303000802201205A627047C80704D51868826848
:1030400042F0800282608A0704D51868826842F4E0
:103050000042826011F0040106D01A68936843F4BC
:1030600000030020936070470846704790F82030B6
:10307000013B012B01D900207047036898689A68CA
:103080009B681201C0F3806048BF0130DB00F3D5BC
:103090000130704770B590F820E00EF1FF3EBEF1B0
:1030A000010F844673D8006851B9C468A4070AD1D7
:1030B000DCF8243043F400130120CCF8243070BD38
:1030C0000469A607F4D000EB011E0C01DEF8B05134
:1030D00005F004059560002D60D0DEF8B051ED08D4
:1030E0005560DEF8B05105F00205D560DEF8B45148
:1030F0002D0758BFDEF8B451DEF8B46154BF05F0B7
:103100000F05082515612044DEF8B451C6F30726E3
:1031100096612D0CD0F8B86155611E70DCF8002066
:103120002244D2F8B821120A5A70DCF80020224456
:10313000D2F8B821120C9A70DCF800202244D2F8A0
:10314000B821120EDA70DCF800202244D2F8BC213B
:103150001A71DCF800202244D2F8BC21120A5A71FC
:10316000DCF800202244D2F8BC21120C9A71DCF861
:1031700000202244D2F8BC21120EDA71DCF80020C3
:1031800089B9D36843F020030846D36070BD436A11
:1031900043F480230120CCF8243070BDDEF8B05118
:1031A0006D0D15609DE7136943F020030020136146
:1031B00070BD00BF90F82020013A012A034605D9CE
:1031C000426A42F4802201205A62704702685369C1
:1031D0001943002051617047704700BF704700BF1E
:1031E000704700BF704700BF704700BF704700BF07
:1031F000704700BF704700BF704700BF704700BFF7
:10320000704700BF2DE9F84F03685C69D3F804806C
:103210009F68D3F80CB0D3F810A0D3F8189014F02E
:103220000106054620D017F001060DD001229A6054
:10323000BB0700F1C4807E0700F1E38017F00806A9
:1032400000F0E8804FF48056F8050BD52B684FF45A
:103250008072B9059A6000F1AE807A0540F1CC80A9
:1032600046F40056F80365D4270702D51BF0100F6B
:103270006BD1600703D51BF0080F40F08D80A107CC
:1032800004D52B68DB689A0740F08280630602D57C
:103290001AF0100F48D1A70602D51AF0080F62D114
:1032A000E00603D52B681B6999077CD1A20302D5E0
:1032B00018F0100F5ED1E30302D518F0080F60D1AB
:1032C000270405D518F0040F06D12B6804225A6094
:1032D000002E40D1BDE8F88FE00504D519F0010FAC
:1032E00018BF46F00106A10504D519F0020F18BF5A
:1032F00046F00206620504D519F0040F18BF46F027
:1033000004062305E1D519F07009DED0B9F1400FAC
:1033100000F08B8057D8B9F1200F78D0B9F1300F79
:103320005FD146F0200656E02B68102246F48066F6
:103330001A61B0E72B684FF48032B9039A6036D433
:103340007A0354D546F400468EE72B68102246F4E3
:103350000076DA608DE76B6A1E4328466E62FAF7E4
:1033600063F9BDE8F88F2B6808221A612846FFF739
:1033700043FF95E72B6810225A602846FFF73EFF6F
:1033800099E72B6808225A602846FFF739FF97E72C
:103390002846F7F739FD79E72B680822DA602846D6
:1033A000FFF726FF6BE72846FFF724FF7EE7284656
:1033B000FFF716FF58E72846FFF710FF52E7FFF721
:1033C0000BFF002640E7B9F1500F1DD0B9F1600F97
:1033D00008BF46F480762B689A6922F070029A61E1
:1033E00074E7B9F1100FF6D146F00806F3E73B0396
:1033F00017D546F4803637E73B050ED546F48046B0
:1034000030E74FF400661FE746F08006E3E746F03A
:103410001006E0E7FFF7E6FE16E72846FFF7E4FEB2
:1034200020E72846FFF7E2FE1EE746F04006D2E717
:103430000749CA6803024FF6FF0003F4E063024045
:10344000134343F0BF6343F40033CB60704700BFC6
:1034500000ED00E01C4BDB68C3F3022300B5C3F1B1
:10346000070EBEF1040F03F1040C28BF4FF0040E49
:10347000BCF1060F1BD9033B4FF0FF3C0CFA03FCD9
:1034800022EA0C024FF0FF3C0CFA0EFC21EA0C0180
:103490009940002841EA02010CDB00F1604009017B
:1034A00000F56140C9B280F800135DF804FB00220A
:1034B0001346E7E7054B00F00F0009010344C9B2CA
:1034C00019765DF804FB00BF00ED00E0FCEC00E0C5
:1034D000002808DB044A4109012300F01F0003FA19
:1034E00000F042F82100704700E100E00138B0F13F
:1034F000807F10D210B44FF0E023084C58614FF099
:10350000F00C84F823C00022072110469A615DF870
:10351000044B196170470120704700BF00ED00E0C7
:1035200000283BD0D0E9013210B4C46801681343CD
:10353000026923431343D0E90542234313434FF069
:10354000020CC26980F821C013430A68144C22F4AB
:103550007F5222F030021343A1420B6012D9114B6B
:10356000114A0B44A2FB03231B09104A9B00C0E92C
:103570000F234FF480720023028483635DF8044BB1
:10358000184670470A4B084A0B44A2FB03231B0949
:10359000084A03FA0CF3C0E90F23EAE70120704759
:1035A00007040240F8FBFDBFCDCCCCCC00040240A8
:1035B000F8FFFDBF0000024070B490F82040012CDD
:1035C00039D090F821C00124A44580F8204005D0CE
:1035D000002380F8203070BC02207047022580F85C
:1035E00021500468C66B00258563256825F0010518
:1035F0002560056C0CFA05F5756063604368102B57
:10360000C36A0BBFA260A160E160E26053B12368AE
:1036100043F00E032360236843F00103002023607E
:1036200070BC7047236843F00A032360236823F0CB
:1036300004032360EFE7022070BC704770B4C66BD0
:10364000026C31680468042393400B4225680ED055
:1036500015F0040F0BD02268920603D4226822F0E2
:1036600004022260C26A7360CAB170BC10470223B0
:1036700093400B4215D015F0020F12D0226892062B
:1036800006D4226822F00A022260012280F821205A
:10369000826A7360002180F82010002AE5D170BC96
:1036A0007047082393400B42F9D02B07F7D52368C6
:1036B000016B23F00E032360012303FA02F24FF49F
:1036C00080747260048483630029E8D070BC08476A
:1036D0002DE9F04F0C6885B0002C7ED04FF0000C27
:1036E000DFF8BCA163464FF0010B89460BFA03F5E6
:1036F00015EA04086BD0D9F8047007F00302511ED4
:1037000001296DD9032A40F0AC8002FA0CF2D143B2
:10371000056829400A4317F4403F026057D0DAF8A1
:10372000182042F00102CAF81820DAF8182002F036
:1037300001020392039A23F0030202F1804202F590
:10374000803203F00301956889000F2606FA01FE16
:10375000B0F1904F25EA0E0515D04C4EB04200F066
:103760008B804B4EB04200F08B804A4EB0427DD0F1
:10377000494EB0420BBF4FF0040E05260EFA01F180
:1037800006FA01F10D439560444A444992686FEA94
:103790000805FE0254BF2A4048EA02028A60CA684D
:1037A000B9023E4954BF2A4048EA0202CA60496849
:1037B0003A4ABE0354BF294048EA010151601268E9
:1037C000F903364954BF2A4048EA02020A6001332D
:1037D00034FA03F20CF1020C88D105B0BDE8F08F89
:1037E0008168D9F80C604FF0030E0EFA0CFE21EA46
:1037F0000E0106FA0CF6314381606FEA0E01D0F833
:1038000004E02EEA050EC7F300159D4045EA0E05BB
:103810004560C56805EA010ED9F8085005FA0CF5AF
:1038200045EA0E05022AC56002FA0CF27FF470AF79
:10383000DD0800EB850501952E6AD9F81050009639
:1038400003F0070E4FEA8E0E0F2605FA0EF506FA64
:103850000EFE009E26EA0E0E019E45EA0E0535621A
:1038600056E7032101FA0CF1C943D2E74FF0030EEA
:103870000EFA01F10D4386E70BFA01F10D4382E7E1
:103880004FF0020E0EFA01F10D437CE700040048F0
:1038900000080048000C00480010004800040140E7
:1038A000001002400369194214BF01200020704734
:1038B0000AB1816170478162704700BF436901EAC4
:1038C000030221EA030141EA02418161704700BF1E
:1038D000044A5169014200D1704708B55061F9F7B7
:1038E000C1FE08BD00040140F8B503689D6915F0EC
:1038F0001005064640D0174610220C46DA619A6938
:10390000950604D4621C4DD19A699706FCD52022F5
:10391000DA6100259A69D40545F004054FF00100ED
:103920002ED4510539D54FF48061D96145F0080591
:10393000970504D54FF4007245F00205DA619A69E3
:10394000910744BF00229A629A69D20703D49A6908
:1039500042F001029A615A6826490A405A60736C23
:1039600000221D432023756486F8402086F84130EC
:1039700086F842200120F8BD9A69D4052846D0D5A2
:103980004FF480715005D96145F00105D0D54FF451
:103990008061D96145F00805CAE79405CAD40028BA
:1039A000CDD1F8BDFEF7F6FBC01BA042336801D8AD
:1039B000002CA4D1586896F8422099690D04D2B21F
:1039C0000BD5410409D4202A07D05A6842F480421A
:1039D0005A60FEF7DFFB3368074699698A068ED482
:1039E000FEF7D8FBC31B192B3368F6D99A6920253B
:1039F00090E700BF00E800FE70B5036804460D467E
:103A0000164605E0FFF770FF50B96A1C0AD123681B
:103A10009B699B07324629462046F3D5002070BD9E
:103A2000012070BDFEF7B6FB801BA842236801D8B9
:103A3000002DEDD19A6912F00202E9D1636C84F88D
:103A4000402020210B43636484F8411084F8422015
:103A5000012070BD2DE9F041DDF818801D460446B7
:103A600003680F46164605E0FFF73EFF80B96B1C62
:103A700011D123689B6937EA03030CBF012300239C
:103A8000B342424629462046EED00020BDE8F081F0
:103A90000120BDE8F081FEF77DFBA0EB0800A84205
:103AA000236801D8002DE5D19A6937EA02020CBFDC
:103AB00001220022B242DDD1636C002243F02003D8
:103AC0002021636484F8402084F84110012084F8A8
:103AD0004220DBE703689B699B0629D470B5054645
:103AE0000C4616460DE0FEF755FB801BA0422968E8
:103AF00000D81CB98B6913F020030DD08B699B068D
:103B000008D4324621462846FFF7EEFE0028EAD0C8
:103B1000012070BD002070BD6A6C85F84030202106
:103B20000A436A6485F8411085F84230012070BD6F
:103B300000207047704700BF002854D010B590F89F
:103B40004130044603F0FF02002B47D023682422B3
:103B500084F841201968626821F0010122F0706246
:103B600019601A619A68E16822F4004201299A609A
:103B7000A26809D042F4044202299A6007D15A6827
:103B800042F400625A6006E042F400429A605A68C9
:103B900022F400625A605968226941F0007141F4D0
:103BA000004159606169D8680A43A16920F4004066
:103BB00042EA0122E169D860206ADA6001431960B3
:103BC000196841F00101196000222023626484F821
:103BD0004130226384F84220104610BD80F8402016
:103BE000FFF7A8FFB2E70120704700BF704700BF92
:103BF000B0B10268242310B580F84130136823F077
:103C0000010304461360FFF7F1FF0023636484F8A7
:103C1000403084F84130236384F84230184610BDA8
:103C2000012070472DE9F047994690F8413082B065
:103C3000202B0A9E40F0958090F84030012B0446DE
:103C400000F08F804FF0010A80F840A088461746A8
:103C5000FEF7A0FA52460546009019234FF40041A2
:103C60002046FFF7F7FE002877D1212384F8413062
:103C7000102384F842306064A4F82A90638D676250
:103C80009BB2FF2B606370D8638D9BB22385002BA2
:103C900040F09B802168514A4B681A40C8F30903E1
:103CA000134343F0007343F400534B60C8F3090718
:103CB000638D9BB2002B3CD0DFF82881DFF8289180
:103CC00003E0638D9BB2002B33D02A463146204659
:103CD000FFF792FE002840D1616A236811F8012B9A
:103CE0009A62638D228D6162013B9BB26385638D15
:103CF000013A92B29BB22285002BE2D0002AE0D199
:103D00000095334680212046FFF7A4FE28BB638D33
:103D10009BB2FF2B4AD92268FF232385536803EA0D
:103D200008033B4343EA09035360638D9BB2002BB6
:103D3000CBD12A4631462046FFF7CCFE68B923682E
:103D4000274D2021D9615A682A405A6084F84110D1
:103D500084F8400084F8420000E0012002B0BDE891
:103D6000F087022002B0BDE8F087FF2323854FF4DF
:103D70007F0EFE214FF0807C206817F8013B8362A4
:103D8000628D6762013A92B262854368134A218567
:103D90001A40C8F3090343EA0E03134343EA0C0332
:103DA00043F400534360C8F3090781E7638D21683A
:103DB0009BB24A682385DBB247EA034302EA080262
:103DC000134343F000734B607BE7013B99B24B1CFC
:103DD000DBB24FEA034E4FF0007CCDE7009800FCC9
:103DE00000E800FE009C00FC0000FF012DE9F04F00
:103DF000994690F8413083B0202BBDF834A00E9F37
:103E000026D10C9B0446E3B1BAF1000F19D090F80B
:103E10004030012B1CD04FF0010B80F840B00D4614
:103E20009046FEF7B7F95A460646009019234FF41C
:103E300000412046FFF70EFE70B1012003B0BDE83F
:103E4000F08F4FF400736364012003B0BDE8F08F7E
:103E5000022003B0BDE8F08F0C9B6362212384F83D
:103E6000413022685D496063402384F842306064D9
:103E7000A4F82AA053680B405FFA89F143EA014392
:103E8000C5F309052B4343F0807343F4005353609B
:103E9000394632462046FFF7AFFD002868D1B9F118
:103EA000010F5AD123685FFA88F29A628021009646
:103EB0003B4600222046FFF7CDFD002858D1638DF8
:103EC0009BB2FF2B58D8638D216845484A689BB246
:103ED0002385DBB245EA03430240134343F00073FA
:103EE0004B60DFF8FC80DFF8009103E0638D9BB24C
:103EF000002B5DD0324639462046FFF77DFD002875
:103F00009BD1636A226813F8011B91626362638D1F
:103F1000228D013B9BB26385638D013A92B29BB2C5
:103F20002285002BE2D0002AE0D100963B4680217A
:103F30002046FFF78FFD00287FF47FAF638D9BB293
:103F4000FF2B26D92268FF232385536803EA080341
:103F50002B4343EA09035360C8E723684FEA18225A
:103F60009A62394632462046FFF746FD002899D02E
:103F7000002384F8403060E722681949FF23238535
:103F800053680B402B4343F0FF7343F4803353607B
:103F9000A7E7638D21689BB24A682385DBB245EAB7
:103FA000034302EA0802134343F000734B609DE7AA
:103FB000324639462046FFF78DFD00287FF43DAF9D
:103FC0002368084D2021D9615A682A405A6084F834
:103FD000411084F8400084F8420036E7009800FC65
:103FE000009C00FC00E800FE0000FF012DE9F04FFE
:103FF000994690F8413083B0202BBDF834A00E9F35
:1040000026D10C9B0446E3B1BAF1000F19D090F809
:104010004030012B1CD04FF0010B80F840B00D4612
:104020009046FEF7B7F85A460646009019234FF41B
:1040300000412046FFF70EFD70B1012003B0BDE83E
:10404000F08F4FF400736364012003B0BDE8F08F7C
:10405000022003B0BDE8F08F0C9B6362222384F83A
:10406000413022685F496063402384F842306064D5
:10407000A4F82AA053680B405FFA89F143EA014390
:10408000C5F309052B4343F40053536039463246C8
:104090002046FFF7B1FC00286DD1B9F1010F5FD1C7
:1040A00023685FFA88F29A62402100963B4600221C
:1040B0002046FFF7CFFC00285DD1638D9BB2FF2B1C
:1040C0005DD8638D216847484A689BB22385DBB27F
:1040D00045EA03430240134343F0007343F4105393
:1040E0004B60DFF80881DFF8089103E0638D9BB235
:1040F000002B60D03B460096002204212046FFF7AB
:10410000A9FC002899D123685A6A636A1A70636A05
:10411000228D01336362638D013B9BB26385638DA6
:10412000013A92B29BB22285002BDFD0002ADDD16A
:1041300000963B4680212046FFF78CFC00287FF448
:104140007CAF638D9BB2FF2B26D922680123238588
:10415000536803EA08032B4343EA09035360C5E7A6
:1041600023684FEA18229A62394632462046FFF702
:1041700043FC002894D0002384F840305DE7226897
:1041800018490123238553680B402B4343F0807368
:1041900043F492335360A4E7638D21689BB24A686D
:1041A0002385DBB245EA034302EA0802134343F0E6
:1041B00000734B609AE7324639462046FFF78AFC87
:1041C00000287FF43AAF2368074D2021D9615A684F
:1041D0002A405A6084F8411084F8400084F8420074
:1041E00033E700BF009800FC00E800FE009C00FCE4
:1041F000000001012DE9F04F85B004460020039036
:1042000094F84100202860D19A46236817469A699D
:1042100012F4004259D194F84000012855D0C1F35E
:104220000901012041F00078464684F8400024202E
:1042300084F8410048F42058626446F400564FF078
:104240001009E268012A14BF424632465A60FDF75F
:10425000A1FF054620688269836902F0200203F00D
:104260001003134313D1BAF1FF3F08D0FDF792FFBB
:10427000401B50453CD8BAF1000F39D02068836903
:10428000816903F0200301F010010B43EBD0826938
:1042900012F0100B1DD1009553465A46202120469E
:1042A000FFF7D8FB002831D0636C042B04D12368BE
:1042B0002022DA61C4F844B0039B01330393039BCB
:1042C000039BBB4214D22368BBE7022005B0BDE8C4
:1042D000F08FC0F81C905346009500222021204604
:1042E000FFF7B8FB0028E7D123682022DA61E3E773
:1042F000202384F84130636C002243F02003012026
:10430000636484F8402005B0BDE8F08F2268202364
:10431000D36184F8413084F84000D7E740B338B522
:10432000D0E90031826804464CF6CC40186045F272
:104330005550186059609A60FDF72CFF23680546B8
:10434000DA6851070AD0FDF725FF431B272B2368A6
:10435000F6D9DA685207F3D0032038BDE26819694C
:1043600091420ABF4AF6AA221A611A60002038BD9B
:104370000120704703684AF6AA2200201A6070479D
:10438000024A136843F48073136070470070004062
:10439000002800F081822DE9F047036813F0010541
:1043A00082B004462AD0B0494A6802F00C02042ABE
:1043B00000F044814A6802F00C02082A00F03A81B9
:1043C0006368B3F5803F00F05581002B00F09081C9
:1043D000B3F5A02F00F04B82A34B1A6822F4803271
:1043E0001A601A6822F480221A609F4AA168D36A70
:1043F00023F00F030B43D36247E123689F075AD58D
:10440000994A516811F00C0F35D0516801F00C0138
:1044100008292DD02369002B00F0C081012393FAD5
:10442000A3F3002B00F0B082B3FA83F303F18453BB
:1044300003F584139B0001221A60FDF7ABFE0225F1
:10444000894F95FAA5F50646B5FA85F80AE003FA0C
:1044500008F31A4240F02682FDF79CFE801B0228DA
:1044600000F240813A680123002DF0D10123F0E7EA
:104470005268D603CED47C490222086892FAA2F28E
:10448000002A00F00B82B2FA82F2012101FA02F254
:10449000104203D02269012A40F0E280724D626925
:1044A0002868F82191FAA1F1B1FA81F120F0F80021
:1044B0008A4002432A601D0721D458074ED56A4B13
:1044C000DA69D10040F1AA804FF0000A674D2B68ED
:1044D000DA0540F1F780E368012B00F08781002BBB
:1044E00000F03081052B604B1A6A00F0CD8122F07C
:1044F00001021A621A6A22F004021A627BE1A369BD
:10450000002B65D0012393FAA3F3002B00F0FF8169
:10451000574AB3FA83F31A44920001231360FDF75C
:1045200039FE0225504F95FAA5F50646B5FA85F8ED
:104530000AE003FA08F31A4240F0D880FDF72AFE99
:10454000801B022800F2CE807A6A0123002DF0D170
:104550000123F0E7BAF1000F40F08381E06998B3DE
:10456000414A536803F00C03082B00F069810228CC
:104570004FF0807393FAA3F300F0A381002B00F0B7
:104580000582B3FA83F303F1845303F584139B008C
:1045900000221A60FDF7FEFD4FF00074324E94FACF
:1045A000A4F40546B4FA84F708E0BB401A420BD0E5
:1045B000FDF7F0FD401B022800F2948032680123D1
:1045C000002CF2D10123F1E7002002B0BDE8F08712
:1045D000012393FAA3F3002B00F09B81244AB3FA42
:1045E00083F31A44920000231360FDF7D3FD0225E4
:1045F0001D4F95FAA5F50646B5FA85F808E003FAC9
:1046000008F31A4272D0FDF7C5FD801B022869D855
:104610007A6A0123002DF2D10123F2E7DA6942F030
:104620008052DA61DB6903F080530193019B4FF004
:10463000010A4BE74A68D2037FF5C2AE0A494FF43C
:104640000032096892FAA2F21AB1B2FA82F2012596
:10465000954029423FF4D2AE6268002A7FF4CEAE84
:10466000012002B0BDE8F087001002400070004059
:1046700020819010A84A136843F480331360D36AF2
:10468000A16823F00F030B43D362FDF783FD4FF4C2
:104690000036DFF8848296FAA6F60746B6FA86F95F
:1046A00009E003FA09F31A427FF4A7AEFDF772FDA1
:1046B000C01B642816D8D8F800200123002EF0D1A2
:1046C0002B46F0E72B6843F480732B60FDF762FD07
:1046D00006462B68DB053FF5FEAEFDF75BFD801B54
:1046E0006428F6D9032002B0BDE8F0872368E4E629
:1046F000894E336823F480333360336823F4802396
:104700003360F36AA26823F00F031343F362FDF7EB
:1047100041FD4FF40037804697FAA7F7B7FA87F9BB
:104720000AE003FA09F31A423FF467AEFDF732FDDF
:10473000A0EB08006428D5D832680123002FF0D1FF
:104740002B46F0E7744D2B6A23F001032B622B6A92
:1047500023F004032B62FDF71DFD4FF0020806460F
:1047600098FAA8F7B7FA87F90EE02A6A01239FB1F1
:1047700003FA09F31A423FF4EDAEFDF70BFD41F2E7
:104780008833801B9842ADD898FAA8F3002BECD15F
:104790006A6A0123002FEBD10123EBE7012393FA8F
:1047A000A3F3002B00F0EE80B3FA83F303F18453FC
:1047B00003F584139B0000221A60FDF7EBFC022531
:1047C000554F95FAA5F50646B5FA85F808E003FABF
:1047D00008F31A4264D0FDF7DDFC801B022881D863
:1047E0003A680123002DF2D10123F2E74A4A136A05
:1047F00043F001031362FDF7CDFC4FF00208464D74
:1048000098FAA8F70646B7FA87F90FE02A6A012353
:10481000A7B103FA09F31A427FF49CAEFDF7BAFC84
:1048200041F28833801B98423FF65CAF98FAA8F3B8
:10483000002BEBD16A6A0123002FEAD10123EAE7BA
:1048400001283FF4C2AE5368226A03F480319142DA
:104850007FF406AF606A03F47013181A18BF0120C2
:10486000B3E62D4AD36923F08053D36176E603F192
:104870008043A3F53C331A6842F480221A601A6818
:1048800042F480321A60B0E542F004021A621A6AF9
:1048900042F001021A62AEE7012070470122F7E5FB
:1048A000236808E61C4863690168F82292FAA2F2BC
:1048B000B2FA82F221F0F80193400B4303602368BF
:1048C000F9E5002B64D0B3FA83F303F1845303F5C5
:1048D00084139B0000221A60FDF75CFC4FF000750A
:1048E0000D4F95FAA5F50646B5FA85F809E003FAE5
:1048F00008F31A4214D0FDF74DFC801B02283FF646
:10490000F1AE3A680123002DF1D10123F1E7034A0A
:1049100003E6024A67E600BF00100240000542427B
:104920001D49626A4B68206A23F4741302431A43D8
:104930004A604FF0807393FAA3F35BB3B3FA83F347
:1049400003F1845303F584139B0001221A60FDF7E1
:1049500021FC4FF00074104E94FAA4F40546B4FA0A
:1049600084F709E0BB401A427FF42EAEFDF712FC3B
:10497000401B02283FF6B6AE32680123002CF1D16D
:104980000123F0E7054B16E7044B54E5034BFFE525
:10499000024B9FE7014BD8E70010024080004242E3
:1049A0000E4A536803F00C01082901D00C487047E7
:1049B000C3F3834010B4D26A0A4C0B49205C5DF803
:1049C000044BDB034CBF064B084B02F00F028A5C22
:1049D00048BFB3FBF2F303FB00F070470010024046
:1049E00000127A00789101088891010800093D00C1
:1049F000002800F09180524A136803F007038B42AD
:104A00002DE9F0410D4604460CD2136823F007034C
:104A10000B431360136803F007038B4202D001209D
:104A2000BDE8F0812368990706D54649A0684A6821
:104A300022F0F00202434A6013F0010328D06268BA
:104A40004049012A6AD0022A08685ED0022191FA00
:104A5000A1F119B1B1FA81F101238B401842DED0E6
:104A6000384E736823F0030313437360FDF792FB22
:104A700041F28838074604E0FDF78CFBC01B404537
:104A800059D87368626803F00C03B3EB820FF3D15B
:104A90002B4A136803F00703AB4209D9136823F0CC
:104AA00007032B431360136803F00703AB42B6D12F
:104AB00023685A0706D52349E0684A6822F4E06271
:104AC00002434A601B0707D51E4A2169536823F435
:104AD000605343EAC1035360FFF762FF194B1A4961
:104AE0005B68F02203F0F00392FAA2F2B2FA82F2CB
:104AF000D340164AD35C164A20FA03F308681360C1
:104B0000FDF706FB0020BDE8F0814FF0007191FA3F
:104B1000A1F100299ED1A1E7012070474FF4003395
:104B2000096893FAA3F343B1B3FA83F302FA03F3E8
:104B3000194295D173E7032072E71346F8E700BFE7
:104B4000002002400010024014000020A46E010862
:104B5000000000202DE9F04F03680446D80383B01D
:104B600047D5894BDA69D10040F1C180874D2B6868
:104B7000DA054FF0000640F1CA80834A136A13F445
:104B8000407329D0616801F44070984225D0176ABB
:104B90004FF4803327F4407193FAA3F3002B00F015
:104BA000F0807B4AB3FA83F31A4492000123136026
:104BB0004FF4803393FAA3F3002B00F0E080744AA3
:104BC000B3FA83F31A4492006F4D002317F00107E4
:104BD0001360296240F0AF8061686B4A136A23F466
:104BE00040730B4313621EB1D36923F08053D3612A
:104BF0002368DF0706D56449A0680A6B22F0030228
:104C000002430A639E0706D55F49E0680A6B22F4F7
:104C1000403202430A635D0706D55B4920690A6B8F
:104C200022F4402202430A63980606D55649E069F9
:104C30000A6B22F0100202430A63990306D5524917
:104C4000A06B4A6822F4800202434A605A0606D5E5
:104C50004D49206A0A6B22F0200202430A631F07B3
:104C600006D5494960690A6B22F4401202430A637F
:104C7000DE0606D54449A0690A6B22F440020243CD
:104C80000A639D0506D54049E06A4A6822F400029D
:104C900002434A60180606D53B49606ACA6A22F494
:104CA000F8720243CA62D90506D53749A06ACA6AB2
:104CB00022F478520243CA62DA0406D53249206BE4
:104CC0000A6B22F4807202430A6313F4005303D187
:104CD000184603B0BDE8F08F2B4A616B136B23F4C9
:104CE000007300200B43136303B0BDE8F08FDA6953
:104CF000264D42F08052DA61DB6903F08053019364
:104D0000019B2B68DA054FF001063FF536AF2B68A3
:104D100043F480732B60FDF73DFA07462B68DB05F3
:104D20003FF52BAFFDF736FAC01B6428F6D90320F8
:104D300003B0BDE8F08FFDF72DFA4FF0020A804670
:104D40009AFAAAF9B9FA89FB11E02A6A0123B9F1A2
:104D5000000F12D003FA0BF31A427FF43DAFFDF7B8
:104D600019FA41F28833A0EB08009842DFD89AFA8A
:104D7000AAF3002BE9D16A6AE8E73B46ECE7054A6B
:104D800022E7044A12E700BF001002400070004012
:104D900000819010800442422DE9F04782B01D4608
:104DA0000A9C0F4616468046FDF7F4F92C44A4EB06
:104DB0000009FDF7EFF92B4B1B68C3F3CB3309FB5D
:104DC00003F382460193D8F8003001E06A1C0DD14C
:104DD0009C6837EA04020CBF4FF0010C4FF0000C46
:104DE000B445F3D1002002B0BDE8F087FDF7D2F959
:104DF000A0EB0A00484509D2019B002B019B03F15F
:104E0000FF3308BF4FF000090193DCE7D8E9003118
:104E10005A68B1F5827F22F0E0025A6015D0D8F8C6
:104E20002820B2F5005F07D00122002388F85D201A
:104E300088F85C300320D6E71A6822F400521A6022
:104E40001A6842F400521A60EEE7D8F80820B2F56A
:104E5000004F02D0B2F5806FE1D11A6822F0400213
:104E60001A60DCE7000000202DE9F04F83B01F46F8
:104E700000238DF803300C9C80460D461646FDF746
:104E800089F93C44A4EB0009FDF784F9344BD8F8C8
:104E900000B01B6803EB8303C3EBC3031B0D09FBCB
:104EA00003F3019382465B4601E07A1C12D19C68B1
:104EB00004EA050CB44523D0B5F5C06FF5D1002E3A
:104EC000F3D19BF80C20D2B28DF803209DF803207B
:104ED0007A1CECD0FDF75EF9A0EB0A00484513D22E
:104EE000019B002B019B03F1FF330193D8F80030A5
:104EF0009C6804EA050C08BF4FF00009B445DBD1FB
:104F0000002003B0BDE8F08FD8E900315A68B1F550
:104F1000827F22F0E0025A6015D0D8F82820B2F53E
:104F2000005F07D00122002388F85D2088F85C30FC
:104F30000320E6E71A6822F400521A601A6842F465
:104F400000521A60EEE7D8F80820B2F5004F02D000
:104F5000B2F5806FE1D11A6822F040021A60DCE7F6
:104F60000000002030B585B00B4600920391154635
:104F70004FF4C05100220446FFF776FF039B80B92F
:104F800002460095802120460393FFF705FF039B0F
:104F9000024630B900954FF4C0612046FFF764FF28
:104FA00020B1236E43F020030320236605B030BDFB
:104FB000704700BF002800F0A5802DE9F843456A3E
:104FC0000446002D5CD00023C0E9043394F85D3022
:104FD00003F0FF02002B5ED02268E068022384F811
:104FE0005D301368B0F5E06F23F04003136059D9CA
:104FF000B0F5706F40F08880A66A4FF0000C06F4A0
:10500000005E6368A16803F4827301F404410B43FA
:10501000216901F002010B43616901F001010B43B9
:10502000D4E9061707F0380801F40079276A43EA43
:10503000090307F0800743EA08033B4343EA0E03F2
:10504000B6F5005F136035D0636B00F47060090C37
:1050500003F0080305F0100601F0040143EA00051F
:105060000D43354345EA0C055560D369002023F410
:1050700000630121D361206684F85D10BDE8F883E8
:105080004368B3F5827FA1D0C56194F85D3003F029
:10509000FF02002BA0D184F85C202046FFF788FF98
:1050A000656A99E728D04FF4805C0023A3629E468E
:1050B0001E46A6E7236B4BB9B0F5E06F27D9022354
:1050C0002363136843F40063136001E0022BF8D0FC
:1050D000636B00F4706003F00803090C05F0100620
:1050E00001F0040143EA00050D433543A38D45EA71
:1050F0000C0555601361B8E7A66A4FF4805C06F4AE
:10510000005E7EE7012070474FF0000CCDE70123E1
:105110002363DDE7F8B590F85C30012B6ED090F892
:105120005D3004460120834284F85C00DDB205D086
:105130000225002384F85C302846F8BD0029F8D009
:10514000002AF6D0032384F85D3000232366A2876B
:10515000E287A268A163B2F5004FC4E91333226865
:105160002364A4F84430A4F846303ED0A36AB3F5D3
:10517000005F31D0606D2E4F5368E668C7622D4FD7
:1051800087622D4F076323F480430027B6F5E06F55
:105190004763536003D84369B3F5806F31D0E38F21
:1051A0000C329BB2FEF708FA88B923681A685206D7
:1051B00003D41A6842F040021A605A6842F0200292
:1051C0005A605A6842F0020200255A60B1E7236E25
:1051D00043F010032366ACE7136823F40053136015
:1051E000136843F400531360C4E7136823F04003CB
:1051F0001360136843F480431360B7E70225284621
:10520000F8BDE38F13F0010F536807D123F48043F7
:105210005360E38FC3F34E03E387C0E743F4804357
:105220005360E38FC3F34E030133E387B7E700BF57
:10523000455201087952010855520108704700BFD4
:10524000704700BF08B5406AFFF7FAFF08BD00BF0E
:10525000704700BF406A026808B5536823F0030333
:105260005360036E012143F01003036680F85D1064
:10527000FFF7EEFF08BD00BF30B5054683B0446AB6
:10528000FCF788FF2B681B689B0622D42368024624
:10529000586820F020005860586820F002005860DC
:1052A00064212046FFF75EFE18B1236E43F0200311
:1052B0002366A36833B922680193D3680193936886
:1052C0000193019B01230022E28784F85D30236E65
:1052D00023B92046FFF7B2FF03B030BD2046FFF7E9
:1052E000B7FF03B030BD00BF90F85D00704700BF4E
:1052F000036A026A22F00102026270B444688269A1
:105300000D6822F4803222F073022A438D6823F064
:1053100002032B43134DA8420FD005F50065A842A8
:105320000BD005F54065A84207D005F58065A84279
:1053300003D005F58065A8420DD1CD6823F00803A0
:105340002B43D1E9056524F4407446EA050C23F0AB
:1053500004034CEA040449684460826170BC416300
:1053600003627047002C0140036A026A22F48072D3
:10537000026270B44468C2690D6822F4803222F07F
:1053800073022A438D6823F4007343EA0523154D05
:10539000A84210D005F50065A8420CD005F540657F
:1053A000A8420FD005F58065A8420BD005F58065B1
:1053B000A8420FD106E0CD6823F4006343EA052339
:1053C00023F48063D1E9056524F4405446EA050CD2
:1053D00044EA0C1449684460C26170BCC163036252
:1053E000704700BF002C0140036A026A22F4805219
:1053F000026230B44468C2690D6822F0807222F4FF
:10540000E64242EA05228D6823F4005343EA05335D
:105410000F4DA8420FD005F50065A8420BD005F549
:105420004065A84207D005F58065A84203D005F580
:105430008065A84204D14D6924F4804444EA85146F
:1054400049684460C26130BC01640362704700BFB8
:10545000002C0140036A026A22F48032026230B4F6
:105460004468426D0D6822F4803222F070022A43B3
:105470008D6823F4003343EA05430F4DA8420FD053
:1054800005F50065A8420BD005F54065A84207D098
:1054900005F58065A84203D005F58065A84204D1D2
:1054A0004D6924F4803444EA052449684460426527
:1054B00030BC816503627047002C0140036A026AB8
:1054C00022F48012026230B44468426D0D6822F00A
:1054D000807222F4E04242EA05228D6823F4001330
:1054E00043EA05530F4DA8420FD005F50065A842C9
:1054F0000BD005F54065A84207D005F58065A842A8
:1055000003D005F58065A84204D14D6924F48024B8
:1055100044EA852449684460426530BCC165036241
:10552000704700BF002C0140704700BF90F83D302D
:10553000012B22D103681749022280F83D20DA6846
:105540008B4242F00102DA6019D0B3F1804F16D0DD
:10555000114A934213D002F5806293420FD002F5B4
:10556000963293420BD002F54062934207D01A68FC
:1055700042F0010200201A607047012070479968CC
:10558000064A0A40062A02D0B2F5803FEFD1002039
:10559000704700BF002C01400004004007000100DC
:1055A00000294AD190F83E30012B50D1022380F8D7
:1055B0003E3003680122186A01F01F0102FA01F16E
:1055C00020EA01001862186A3B4A014393421962BB
:1055D00051D002F5006293420BD002F54062934233
:1055E00007D002F58062934203D002F580629342B5
:1055F00003D15A6C42F400425A64B3F1804F0ED08A
:105600002E4A93420BD002F58062934207D002F5F6
:105610009632934203D002F54062934207D19968D3
:10562000274A0A40062A14D0B2F5803F11D01A68E2
:1056300042F0010200201A607047042920D0082996
:1056400026D00C2907D190F84130012B28D0012019
:10565000704700207047102926D090F84330012B66
:10566000F5D1082918D00C291AD0102920D00223EE
:1056700080F843309DE75A6C42F400425A64CEE70A
:1056800090F83F30012BE2D1022380F83F3090E7C1
:1056900090F84030012BDAD1022380F8403088E7BF
:1056A000022380F8413084E790F84230012BCED1BC
:1056B000022380F842307CE7002C014000040040C7
:1056C00007000100704700BFFFF76ABF704700BFC7
:1056D000704700BF704700BF704700BF036870B5D8
:1056E000DE681C69A107054601D5B20754D46207DC
:1056F00001D573073DD4200701D5310727D4E30630
:1057000001D5F00610D4E10701D5F20762D42306D3
:1057100052D5300666D4600601D5710673D4A20650
:1057200001D5B3064DD470BD2B686FF010021A611D
:1057300008222A77DB6913F4407F284674D1FFF7EB
:10574000C5FF2846FFF7C6FF00232B77DBE72B6852
:105750006FF008021A6104222A77DB699A0728464B
:105760005FD1FFF7B3FF2846FFF7B4FF00232B7785
:10577000C5E72B686FF004021A6102222A779B6941
:1057800013F4407F284649D1FFF7A0FF2846FFF7D2
:10579000A1FF00232B77AEE76FF002021A6101220E
:1057A00002779B69990736D1FFF790FF2846FFF7EC
:1057B00091FF00232B779AE7E205ACD533061AD484
:1057C000A9E72B686FF0200228461A61BDE87040F7
:1057D00000F0C6B92B686FF001021A612846F7F78E
:1057E000DFFF94E72B686FF080021A61284600F013
:1057F000B9F9E1058FD52B686FF480721A612846DC
:1058000000F0B2F987E72B686FF040021A61284672
:10581000FFF762FF83E7FFF75BFFCAE7FFF758FF79
:10582000B7E7FFF755FFA1E7FFF752FF8CE700BF8F
:10583000304A0368904230B43CD0B0F1804F20D061
:10584000A2F5943290421CD002F58062904218D0AA
:1058500002F5963290422DD002F5406290423CD043
:1058600002F58062904238D002F58062904234D0D6
:105870004C698D680A68C56223F080032343826205
:105880000FE04A68CC6823F07003134323F440739D
:105890004A69234323F080038C6813430A68C46277
:1058A00082620268012142F00402026030BC416160
:1058B000036070474C68CA6823F07003234323F4E5
:1058C000407313438A684C69C2620A68826223F09B
:1058D000800323430A690263E3E7D1E9025423F416
:1058E00040734A69C562234323F0800313430A6867
:1058F0008262EFE7002C014070B310B590F83D30A4
:10590000044603F0FF0213B32146022384F83D301E
:1059100051F8040BFFF78CFF012384F8483084F81A
:105920003E3084F83F3084F8403084F8413084F8C9
:10593000423084F8433084F8443084F8453084F8A9
:10594000463084F8473084F83D30002010BD80F8A0
:105950003C20FFF7E9FDD7E70120704770B310B591
:1059600090F83D30044603F0FF0213B321460223B2
:1059700084F83D3051F8040BFFF75AFF012384F8F7
:10598000483084F83E3084F83F3084F8403084F862
:10599000413084F8423084F8433084F8443084F84D
:1059A000453084F8463084F8473084F83D30002094
:1059B00010BD80F83C20FFF785FED7E70120704737
:1059C000036A026A22F01002026270B444688269BB
:1059D0000D6822F0807222F4E64242EA05228D68C8
:1059E00023F0200343EA0513144DA84210D005F517
:1059F0000065A8420CD005F54065A8420FD005F51A
:105A00008065A8420BD005F58065A8420FD106E05D
:105A1000CD6823F0800343EA051323F04003D1E966
:105A2000056524F4406446EA050C44EA8C044968A0
:105A30004460826170BC816303627047002C014046
:105A400038B590F83C30012B00F0888001230446E3
:105A50000D4680F83C30142A0CD8DFE802F0230B06
:105A60000B0B350B0B0B480B0B0B5A0B0B0B6D0B6E
:105A70000B0B10000120002384F83C3038BD006877
:105A8000FFF71CFD23682869596D41F400615965D1
:105A9000596D21F4806159655A6D42EA00225A65B8
:105AA0000020E8E70068FFF723FC2368286999696C
:105AB00041F008019961996921F0040199619A699D
:105AC00002439A610020D6E70068FFF779FF236858
:105AD0002869996941F400619961996921F48061AB
:105AE00099619A6942EA00229A610020C3E700683E
:105AF000FFF73AFC23682869D96941F00801D961A8
:105B0000D96921F00401D961DA690243DA61002020
:105B1000B1E70068FFF768FC23682869D96941F498
:105B20000061D961D96921F48061D961DA6942EAF9
:105B30000022DA6100209EE70068FFF78BFC2368F3
:105B40002869596D41F008015965596D21F004012A
:105B500059655A6D02435A6500208CE7022038BD12
:105B6000704700BF704700BF704700BF00000000D3
:105B7000F8B52DED028B55EC114B57EC106B00F086
:105B8000C7F822462B4620462946B0EE408AF0EE62
:105B9000608AF4F7CBFD78B90022002330463946FD
:105BA000F4F792FDF0B10022002320462946F4F7D5
:105BB0008BFD40B19FED288BB0EE480AF0EE680AED
:105BC000BDEC028BF8BD45EC104B00F06BFF0028DC
:105BD000F2D02046294600220023F4F77FFD00285A
:105BE000EAD02EE0B0EE480AF0EE680A00F05AFF64
:105BF000A0B151EC180B00220023F4F765FD00283A
:105C0000DAD047EC106B00F04DFF0028D4D045EC03
:105C1000104B00F047FF0028CED012E047EC106B8D
:105C200000F040FF0028E4D045EC104B00F03AFFB4
:105C30000028DED053EC182B51EC180BF4F776FD4E
:105C400020B900F0CFFF22230360B5E700F0CAFFC0
:105C500021230360B0E700BF000000000000F03F18
:105C600038B52DED028B55EC104B00F00BFE2246A3
:105C70002B4620462946B0EE408AF0EE608AF4F7C3
:105C800055FD30B90022002320462946F4F726FDB1
:105C900030B9B0EE480AF0EE680ABDEC028B38BDB0
:105CA00000F0A0FF002200232121016010461946C8
:105CB000F4F7CCFB41EC180BB0EE480AF0EE680AA2
:105CC000BDEC028B38BD00BF08B52DED028BB0EEE8
:105CD000408A00F0A3FEB4EE488AF1EE10FA06D630
:105CE000DFED098AB4EEE88AF1EE10FA02D4BDECD9
:105CF000028B08BD00F076FF88EEA80ABDEC028B8F
:105D00002123036008BD00BF000000000000000068
:105D10002DE9F04F55EC114B2DED0C8B25F0004A81
:105D20005AEA040157EC106B87B015D1B3197E48BD
:105D300087F400225241994270EB020324D222469A
:105D40002B4630463946F4F7A1F841EC100B07B06A
:105D5000BDEC0C8BBDE8F08F744927F000498945F4
:105D600010EE102AB84616DD08F1404808F58018F4
:105D700058EA0208E3D123196B4985F40022524105
:105D8000984571EB0203DAD39FED650B07B0BDECCC
:105D90000C8BBDE8F08F11EE103AAB4642D0634950
:105DA0008A45E1DC00F09480B8F1000F73DB00213C
:105DB00000917BB95D4B9A4500F08E805C4B9A4513
:105DC00000F0A280BBF1804F00F0C284594B9B458C
:105DD00000F0D78347EC106B029200F059FE029A54
:105DE00062B3009A4FEAD873013B0493134300F067
:105DF0009280514B9A4540F3A58003F104739A4574
:105E00004E4B40F33F84994540F3B484BBF1000FFF
:105E100040F3B484002007B0BDEC0C8BBDE8F04F1C
:105E200000F02CBE002E8AD1B9E747EC106B00922F
:105E300000F02EFE009A002A6DD10092B9F1000FF9
:105E400004D03B4B28F040429A42CAD1BBF1000F2C
:105E500007DA53EC102B36490020F4F7F7FA41EC3F
:105E6000100BB8F1000FBFF672AF009B09F140496B
:105E700009F5801959EA030340F0908453EC102B84
:105E800010461946F4F700F802460B46F4F7DEFA1E
:105E900041EC100B5BE72A498A452FDCA1F15471D4
:105EA0008A450FDD4FEA2A51A1F2FF31142940F350
:105EB0006784C1F1340123FA01F000FA01F199423B
:105EC00000F0A58400210091002B3FF477AF81E71B
:105ED000002B3FF469AF47E709F1404303F5801316
:105EE00013433FF451AF154B994540F38483BBF105
:105EF000000FC0F2618445EC104B28E702210091AD
:105F0000002B3FF457AF65E7BBF1000FC0F21684DA
:105F100047EC106B1BE732463B46B1E7AFF300801E
:105F2000000000000000F03F0000F0FF0000F07FE4
:105F30000000F03F0000E03F0000E041FFFFEF3FC6
:105F4000FFFF3F43E44B08EA0303002253B951EC3F
:105F5000100BE24BF4F750F941EC100B10EE909A55
:105F60006FF034024FEA2953A3F2FF339A18DC4B47
:105F70000592C9F3130949F07F56994546F4401636
:105F800007DDD84B994540F31B8401320592A6F5F5
:105F900080169FEDB96B9FEDBA7B53EC162BB0EEDC
:105FA00047CAF0EE67CA0027B0EE47DAF0EE67DACC
:105FB0005BEC10ABB3465046594643EC1A2BF3F753
:105FC00063FF53EC1A2B8046894650465946F3F737
:105FD0005DFF02460B460020C349F4F737FA41EC57
:105FE0001B0B404653EC1B2B4946F4F705F941ECDB
:105FF000180B0A460146CDE90212002102917610E3
:106000004BEC19AB46F00056DDE902AB06F5002378
:106010000020D91906460F4602460B4650465946FF
:10602000F4F7EAF802460B4640464946F3F72CFFE0
:1060300053EC1A2B8046894630463946F3F724FF45
:1060400002460B4651EC190BF3F71EFF52465B4616
:10605000F4F7D2F802460B4640464946F3F714FFE0
:1060600053EC1B2BF4F7C8F853EC182B41EC1B0B2B
:1060700051EC180BF4F7C0F883A3D3E900230646CC
:106080000F46F4F7B9F882A3D3E90023F3F7FEFE35
:1060900032463B46F4F7B0F87FA3D3E90023F3F789
:1060A000F5FE32463B46F4F7A7F87DA3D3E900237B
:1060B000F3F7ECFE32463B46F4F79EF87AA3D3E9B9
:1060C0000023F3F7E3FE32463B46F4F795F878A356
:1060D000D3E90023F3F7DAFE3246804689463B4691
:1060E00030463946F4F788F802460B4640464946A2
:1060F000F4F782F8524606460F465B4651EC180B01
:10610000F3F7C4FE53EC1B2BF4F776F832463B460C
:10611000F3F7BCFE524641EC1A0B5B46504659461B
:10612000F4F76AF8714B002280468946F3F7AEFE19
:1061300053EC1A2BF3F7AAFE50460F465946DDE9F9
:1061400002AB3B465246F4F757F8684B41EC190B4B
:10615000002250463946F3F797FE42464B46F3F786
:1061600093FE02460B4651EC1A0BF3F78DFE53ECEF
:10617000182BF4F741F852463B4606460F4651ECC1
:106180001B0BF4F739F802460B4630463946F3F755
:106190007DFE8046894642464B4651EC190BF3F78B
:1061A00075FE45A3D3E9002350460F46F4F724F8C3
:1061B00053EC192B41EC190B50463946F3F764FEAA
:1061C00002460B4640464946F3F75EFE3CA3D3E940
:1061D0000023F4F711F802460B461646504639469E
:1061E0001F4639A3D3E90023F4F706F802460B460D
:1061F00030463946F3F74AFE53EC1D2BF3F746FEC3
:10620000804605988946F3F78DFF424682468B46C5
:106210004B4651EC190BF3F739FE53EC1C2BF3F7FB
:1062200035FE52465B46F3F731FE52465B46002090
:1062300006460F46F3F728FE53EC1C2BF3F724FE1B
:1062400053EC192BF3F720FE02460B464046494615
:10625000F3F71AFE009B049A013B134382468B46D8
:1062600040F0C2819FED1A7BB0EE478AF0EE678A5C
:106270003EE000BFAFF30080000000000000F03FF0
:106280000000000000000000EF4E454A287ECA3F93
:1062900065DBC9934A86CD3F01411DA96074D13F9A
:1062A0004D268F515555D53FFFAB6FDBB66DDB3FAC
:1062B000033333333333E33F000000E009C7EE3FDD
:1062C000FD033ADC09C7EE3FF5015B14E02F3EBE4B
:1062D000000000000000F0BF0000F07F000040431D
:1062E0008E98030079B60B000000F03F00000840D4
:1062F0000023CDE900450093DDE9008920464246B0
:106300004B462946F3F7C0FD32463B46F3F774FF90
:1063100022462B4604460D4650465946F3F76CFF7D
:1063200002460B4620462946F3F7B0FD4246044696
:106330000D464B4630463946F3F75EFF26462F465C
:1063400004460D462B46304639462246F3F79EFD5D
:10635000C74B9942804689468A4640F31F8101F126
:106360003F4303F5E003034340F03E82AAA3D3E991
:10637000002330463946F3F789FD02460B46404676
:1063800049469046994622462B46F3F77DFD024644
:106390000B4640464946F4F7BFF9002840F02482F6
:1063A000CAF30A534FF48012A3F2FE3342FA03F306
:1063B0005344B049C3F30A52A2F2FF3241FA02FC3D
:1063C000C3F3130141F48011C2F1140241FA02F245
:1063D000002023EA0C01BAF1000F00920B4602469E
:1063E00002DA00994942009120462946F3F74CFD14
:1063F000009B1B05029302460B4604460D463046A1
:106400003946F3F743FD89464FF0000884A3D3E9EA
:10641000002340464946F3F7EFFE22462B468246CC
:106420008B4640464946F3F72FFD02460B46304661
:106430003946F3F729FD7CA3D3E90023F3F7DCFE0B
:106440007BA3D3E9002304460D4640464946F3F7B3
:10645000D3FE02460B4620462946F3F717FD0646B3
:106460000F4632463B4650465946F3F70FFD52461B
:106470005B4604460D46F3F707FD02460B463046E1
:106480003946F3F701FD2246804689462B462046D1
:106490002946F3F7B1FE68A3D3E9002306460F4669
:1064A000F3F7AAFE66A3D3E90023F3F7EDFC324627
:1064B0003B46F3F7A1FE64A3D3E90023F3F7E6FC20
:1064C00032463B46F3F798FE61A3D3E90023F3F786
:1064D000DBFC32463B46F3F78FFE5FA3D3E9002394
:1064E000F3F7D4FC32463B46F3F786FE02460B46F2
:1064F00020462946F3F7C8FC06460F4632463B467F
:1065000020462946F3F778FE02460B4630463946C8
:1065100016461F4600224FF08043F3F7B5FC0246B3
:106520000B4630463946F3F791FF424606460F4682
:106530004B4620462946F3F75FFE42464B46F3F7AB
:10654000A5FC02460B4630463946F3F79DFC224631
:106550002B46F3F799FC02460B4600204649F3F719
:1065600093FC029A0B461344B3F5801FC0F2478197
:10657000194653EC182BF3F73FFE41EC100BFFF7D5
:10658000E6BBB8F1000FFFF625AC47EC106B07B087
:10659000BDEC0C8BBDE8F04F00F074B9DFF8E0C043
:1065A00021F00043634540F3DD80344B0B4403434B
:1065B0000AD122462B46F3F767FC32463B46F4F7F6
:1065C000A1F800283FF4ECAE51EC180B0022002398
:1065D000F4F784F8003818BF012007B0BDEC0C8B2D
:1065E000BDE8F04F00F040BA9FED1D7BB0EE478A4A
:1065F000F0EE678A7CE6BBF1000F9FED1B0BBFF648
:10660000A6AB05F1004300EE104A00EE903AFFF70A
:106610009EBB00BFAFF30080FE822B654715973C01
:1066200000000000432EE63FEF39FAFE422EE63F1F
:10663000396CA80C615C20BED0A4BE726937663E7E
:10664000F16BD2C541BDBB3E2CDE25AF6A56113F72
:1066500093BDBE166CC1663F3E5555555555C53F59
:10666000000000000000F03F0000000000000000FB
:10667000FFFF8F40FFFF0F000000F03F00346F3F2F
:10668000FFCB9040994575DB7B4B99453FF7BEABFF
:1066900051EC100B784B0022F3F7F6FB66A3D3E91D
:1066A000002306460F46F3F7A7FD65A3D3E90023B1
:1066B00082468B4630463946F3F79EFD6F4B41ECE0
:1066C000180B002230463946F3F796FD02460B467A
:1066D0005DA1D1E90001F3F7D7FB32463B46F3F762
:1066E0008BFD02460B4600206549F3F7CDFB324691
:1066F000804689463B4630463946F3F77DFD0246E3
:106700000B4640464946F3F777FD51A3D3E90023F2
:10671000F3F772FD02460B4651EC180BF3F7B4FB8E
:106720008046894642464B4650465946F3F7AEFBF3
:10673000002052465B4606460F4683E54E49002040
:1067400032463B46F3F782FE41EC100BFFF7FFBAEF
:1067500032463B4630463946F3F74EFD41EC100BCE
:10676000FFF7F5BA464A934262DCDDE90012029176
:10677000009149E6BBF1000FFFF64CAB00202CE77F
:10678000002B7FF452ABC1F114014AFA01F000FA78
:1067900001F1514545D00093FFF710BB009B012B41
:1067A0007FF4D5AA10EE901A10EE102A01F10043E2
:1067B00043EC102BFFF7CBBA9FED270BFFF7C7BABF
:1067C0009FED277BB0EE47CAF0EE67CA9FED267BB0
:1067D000B0EE47DAF0EE67DA9FED257B4FF48027C5
:1067E00053EC172BFFF7E4BB51EC180B00220023EE
:1067F000F3F774FF003818BF0120FFF70CBB41EC22
:10680000100B009800F05CF951EC100BB1E600F0B1
:106810000100C0F102010091002B3FF4CFAAFFF765
:10682000D9BA00F00100C0F102030093FFF7C6BA25
:106830001B15B7E5AFF30080000000604715F73F78
:1068400044DF5DF80BAE543E555555555555D53F73
:10685000FE822B654715F73F000000000000000096
:106860000000004003B8E23F06D0CF43EBFD4C3EB2
:10687000000000000000F83F0000F03F0000D03FA3
:106880000000E03F2DE9F041634A55EC104BAA436C
:1068900000F09F80002D10EE10CA2B4654DD291504
:1068A00063D0C3F31303A1F2FF37C90743F4801386
:1068B00004D45B0003EBDC734FEA4C0C4FEADC7250
:1068C000002602EB43037F104FEA4C0C4FF0160EEC
:1068D00034464FF40012A118994202DC5B1A8C185E
:1068E00016445B00BEF1010E03EBDC734FEA52026B
:1068F0004FEA4C0CEFD1754620204FF000420AE0E1
:1069000044D04FEADC71013801EB43034FEA4C0CF1
:106910004FEA520243D0A34202EB0E01F0DD002900
:1069200001EB020E0ADBA0461B1B614588BF03F189
:10693000FF33ACEB010C15444446E2E7BEF1000F17
:10694000F1DB04F10108EFE725F00042224338D0E3
:10695000002D4ED129464FEADC22153913464FEA65
:106960004C5C002AF7D0D60250D400205B00DD0238
:10697000044600F10100F9D51A4663460CFA00FC02
:10698000C0F12000C340091B13438AE76145B8D812
:10699000002901EB020ED1DB98460023C9E753EA38
:1069A0000C0310D168087110F30701F17F5101F554
:1069B000001148BF40F0004001EB0753024643EC92
:1069C000102BBDE8F0816A1C16BF681C0136400818
:1069D000E9E710EE102A10EE100A2B462946F3F7CD
:1069E0000BFC22462B46F3F751FA41EC100BBDE8A5
:1069F000F08110EE102A20462946F3F745FA0246A8
:106A00000B46F3F723FD41EC100BDAE76346202039
:106A10004FF0FF34B6E700BF0000F07FB1EEC00AD0
:106A2000704700BFD0B506460F46144600F0DAF8AE
:106A30000346394630461C60D0BD00BF30B5144611
:106A400083B01D4608B103F10043CDE90023DDE921
:106A5000002320462946F3F7CFFB222203B0BDE8EE
:106A60003040FFF7DFBF00BF08B500224FF0805372
:106A7000FFF7E4FF41EC100B08BD00BF08B5002292
:106A80004FF0E043FFF7DAFF41EC100B08BD00BF09
:106A900051EC100B10EE102A21F0004343EC102BA8
:106AA000704700BF82B08DED000B019840F00040B0
:106AB00000F58010C00F02B0704700BF000000005A
:106AC00038B553EC102BC3F30A5104469C4689BBDE
:106AD00010EE101A23F0004C5CEA010129D019468F
:106AE00000223D4B3D4D10EE100AF3F785FBAC4202
:106AF00002460B4616DB8C46C1F30A513639214457
:106B000040F2FE70814221DC002947DC11F1350F93
:106B100034DA4CF250318C4218DC002B26A1D1E93A
:106B2000000144DB24A3D3E90023F3F765FB41EC28
:106B3000100B38BD40F2FF708142E0D110EE100A18
:106B40001946F3F7A3F941EC100B38BD002B1CA13B
:106B5000D1E9000107DB1AA3D3E90023F3F74CFBCB
:106B600041EC100B38BD18A1D1E9000114A3D3E901
:106B70000023F3F741FB41EC100BF3E72CF0FF4C43
:106B80002CF4E00C36314CEA015310461946002231
:106B9000134BF3F731FB41EC100B38BD2CF0FF4CDD
:106BA0002CF4E00C4CEA015343EC102B38BD08A147
:106BB000D1E90001B6E700BF59F3F8C21F6EA50185
:106BC0009C7500883CE4377E9C7500883CE437FE69
:106BD00059F3F8C21F6EA58100005043B03CFFFF7F
:106BE0000000903C014B1868704700BF180000205F
:106BF00070B50D4D0D4C641BA4100026A64209D1A2
:106C00000B4D0C4C00F03EF8641BA4100026A6426D
:106C100005D170BD55F8043B98470136EEE755F8AD
:106C2000043B98470136F2E7A0910108A0910108C2
:106C3000A0910108A491010810B5013902449042C5
:106C400001D1002005E0037811F8014FA34201D0E3
:106C5000181B10BD0130F2E70A44914200F1FF33E6
:106C600000D1704710B511F8014B03F8014F914264
:106C7000F9D110BD02440346934200D1704703F896
:106C8000011BF9E7F8B500BFF8BC08BC9E46704789
:0C6C9000F8B500BFF8BC08BC9E46704779
:106C9C00000414D5D51404000000FEFEFE00000014
:106CAC00000000000000FEFEFE000000FEFEFE865E
:106CBC008686868686868686787878000000060624
:106CCC0006060606FEFEFE06060606060600000082
:106CDC00F8F8F80606060606060606060606060078
:106CEC000000E000000000E0E0000010F8F80000F8
:106CFC0000000000000000000000000010F8F80088
:106D0C0000008080808080808000F00808080808DF
:106D1C001000F8080808080000001F1F1F606060C2
:106D2C006060606060601F1F1F0000007F7F7F013C
:106D3C0001010707071919196060600000000000C5
:106D4C00000000007F7F7F000000000000000000BA
:106D5C001F1F1F606060606060606060606060004A
:106D6C000000030408080403030000080F0F0800C8
:106D7C000000000C0C0C000000000000080F0F08B5
:106D8C0000000000000000000000070808080808C8
:106D9C0004000F0808080F000000000000000000AD
:106DAC000000000000000000F80606060600FE8049
:106DBC008080FE00FE8686860600F8060606060023
:106DCC00FE80601806000000000000000606FE06AB
:106DDC000600FE060606F800000000000000000099
:106DEC0006FE0600FE000000FE00FE18E018FE0085
:106DFC00FE8686867800FE8686860600FE86868659
:106E0C0078007886868606000000000000000000EE
:106E1C000000000000000000000000000000000066
:106E2C0000000000000000001F60606060007F0137
:106E3C0001017F007F61616160001F606060600024
:106E4C007F010618600000000000000060607F6099
:106E5C0060007F6060601F00000000000000186090
:106E6C00601F00001F6060601F007F0001007F003A
:106E7C007F01010100007F61616160007F010719E2
:106E8C006000606161611E000000000000000000F5
:106E9C0000000000000000000000000000000000E6
:106EAC000102030406070809740040018200360140
:106EBC0092002C01A4002201B9001801D2000E018D
:106ECC00EF0004011101FA003901F0006801E6003D
:106EDC00A001DC00E201D2003002C8008D02BE002D
:106EEC00FB02B4007D03AA001504A000C5049600A3
:106EFC008F058C00720682006D07780079086E0091
:106F0C008F096400A40A5A00AD0B5000A00C460077
:106F1C00740D3C00250E3200B20E28001D0F1E0011
:106F2C006B0F1400A20F0A00C70F00000000000036
:106F3C000000004F00000700070000147F147F14AE
:106F4C00242A7F2A122313086462364955225000E2
:106F5C0005030000001C2241000041221C00140803
:106F6C003E081408083E080800000000000000005D
:106F7C00000000606000003E5149453E00427F40E9
:106F8C000042615149462141454B311814127F1082
:106F9C0027454545393C4A494930017109050336B5
:106FAC0049494936064949291E0036360000005623
:106FBC003600000814224100141414141400412249
:106FCC0014080201510906324979413E7E11111112
:106FDC007E7F494949363E414141227F4141221C35
:106FEC007F494949417F090909013E4149497A7F55
:106FFC000808087F00417F41002040413F007F0886
:10700C001422417F404040407E020C027E7F0408E7
:10701C00107F3E4141413E7F090909063E41512105
:10702C005E7F09192946464949493101017F010111
:10703C003F4040403F1F2040201F3F4038403F63AF
:10704C0014081463070870080761514945435C3AFA
:10705C002D205B000000000000000000000000007C
:10706C000000000000000040404040409249249243
:10707C0049269249349249369249A49249A692499A
:10708C00B49249B6924D24924D26924D34924D367F
:10709C00924DA4924DA6924DB4924DB69269249203
:1070AC0069269269349269369269A49269A69269AA
:1070BC00B49269B6926D24926D26926D34926D36AF
:1070CC00926DA4926DA6926DB4926DB69349249371
:1070DC0049269349349349369349A49349A6934935
:1070EC00B49349B6934D24934D26934D34934D361A
:1070FC00934DA4934DA6934DB4934DB6936924939D
:10710C0069269369349369369369A49369A6936944
:10711C00B49369B6936D24936D26936D34936D3649
:10712C00936DA4936DA6936DB4936DB69A49249AFE
:10713C0049269A49349A49369A49A49A49A69A49B1
:10714C00B49A49B69A4D249A4D269A4D349A4D3696
:10715C009A4DA49A4DA69A4DB49A4DB69A69249A12
:10716C0069269A69349A69369A69A49A69A69A69C1
:10717C00B49A69B69A6D249A6D269A6D349A6D36C6
:10718C009A6DA49A6DA69A6DB49A6DB69B49249B80
:10719C0049269B49349B49369B49A49B49A69B494C
:1071AC00B49B49B69B4D249B4D269B4D349B4D3631
:1071BC009B4DA49B4DA69B4DB49B4DB69B69249BAC
:1071CC0069269B69349B69369B69A49B69A69B695C
:1071DC00B49B69B69B6D249B6D269B6D349B6D3661
:1071EC009B6DA49B6DA69B6DB49B6DB6D24924D2AE
:1071FC004926D24934D24936D249A4D249A6D249D9
:10720C00B4D249B6D24D24D24D26D24D34D24D36BD
:10721C00D24DA4D24DA6D24DB4D24DB6D26924D201
:10722C006926D26934D26936D269A4D269A6D269E8
:10723C00B4D269B6D26D24D26D26D26D34D26D36ED
:10724C00D26DA4D26DA6D26DB4D26DB6D34924D36F
:10725C004926D34934D34936D349A4D349A6D34973
:10726C00B4D349B6D34D24D34D26D34D34D34D3658
:10727C00D34DA4D34DA6D34DB4D34DB6D36924D39B
:10728C006926D36934D36936D369A4D369A6D36983
:10729C00B4D369B6D36D24D36D26D36D34D36D3688
:1072AC00D36DA4D36DA6D36DB4D36DB6DA4924DAFD
:1072BC004926DA4934DA4936DA49A4DA49A6DA49F0
:1072CC00B4DA49B6DA4D24DA4D26DA4D34DA4D36D5
:1072DC00DA4DA4DA4DA6DA4DB4DA4DB6DA6924DA11
:1072EC006926DA6934DA6936DA69A4DA69A6DA6900
:1072FC00B4DA69B6DA6D24DA6D26DA6D34DA6D3605
:10730C00DA6DA4DA6DA6DA6DB4DA6DB6DB4924DB7E
:10731C004926DB4934DB4936DB49A4DB49A6DB498A
:10732C00B4DB49B6DB4D24DB4D26DB4D34DB4D366F
:10733C00DB4DA4DB4DA6DB4DB4DB4DB6DB6924DBAA
:10734C006926DB6934DB6936DB69A4DB69A6DB699A
:10735C00B4DB69B6DB6D24DB6D26DB6D34DB6D369F
:10736C00DB6DA4DB6DA6DB6DB4DB6DB65245414421
:10737C005920202020202020200000004845415486
:10738C00494E472E2E2E202020000000454E4752FD
:10739C004156494E4720202020000000524F5441B6
:1073AC0054494E47202020202000000053454152D4
:1073BC004348494E472020202000000044495350A8
:1073CC00454E53494E4720202000000049444C456F
:1073DC00202020202020202020000000504152544A
:1073EC00205049434B454420200000004C4947485D
:1073FC0054204F4E202020202000000041524D45AB
:10740C0044202020202020202000000044524956F7
:10741C00494E472020202020200000004452494C97
:10742C004C494E4720202020200000005343414E61
:10743C004E494E4720202020200000005354414E3E
:10744C00444259202020202020000000475249505F
:10745C0050494E4720202020200000005052494E19
:10746C0054494E47202020202000000054454D5008
:10747C003A20000020432020202020202020000043
:10748C0052504D3A200000002020202020202020A7
:10749C00202000004C41534552205057523A2000B6
:1074AC002025202020202000484F54454E443A20CF
:1074BC00000000002043202020202020000000009D
:1074CC0056414355554D3A20000000002020202005
:1074DC00202020005354524F42453A200000000017
:1074EC00484954533A20000053544550533A200015
:1074FC00202020202020202000000000454E445356
:10750C00544F503A2048495420200000454E4453D3
:10751C00544F503A204F50454E2000004C4947489C
:10752C00543A204649584544202000004C494748CD
:10753C00543A205354524F42452000004C4947487E
:10754C00543A204F46462020202000004F4B00008C
:10755C0046494C4C00000000434845434B204944ED
:10756C00204A554D50455253000000005B204352B9
:10757C0049544943414C204552524F52205D000022
:10758C002053595354454D20424C4F434B454420B6
:10759C000000000054313220534F4C4445522049D6
:1075AC00524F4E0050415354452044495350454E80
:1075BC00534552004C495155494420444953504578
:1075CC004E5352005343524557445249564552204C
:1075DC002020200056414355554D205049434B55D2
:1075EC00502020004452494C4C20424C343236300E
:1075FC0020202000475249505045522047494D42C7
:10760C00414C200047524950504552204E454D4167
:10761C002031340056414355554D20475249502096
:10762C004C472000534D54205049434B26504C415D
:10763C0043452000414F4920494E5350454354493E
:10764C004F4E20004C415345522044494F44452055
:10765C00313057003344205052494E54455220206B
:10766C00563420005343414E2050524F4245202067
:10767C0020202000454C454354524F4D41474E4528
:10768C005420200053504F542057454C4445522011
:10769C0020202000434F4E464F524D414C20434F2B
:1076AC0041542000464C59494E472050524F4245B8
:1076BC0020202000555620435552494E472020206B
:1076CC0020202000484F5420414952205245574F0A
:1076DC00524B200050524553532D46495420494E8D
:1076EC00535254004352494D50494E472041435444
:1076FC0055415400544845524D414C20494E53502D
:10770C00454354005041535445204A455454494E26
:10771C0047202000554C545241534F4E494320575B
:10772C00454C44002D2D2D2D2D2D2D2D2D2D2D2D5C
:10773C002D2D2D2D2D2D2D2D000000002043000072
:10774C0053544550532052454D3A20005354415404
:10775C0055533A2052454144590000005641435577
:10776C00554D204144433A20000000004F424A3A14
:10777C00200000005245414C2052504D3A20000050
:10778C00534554504F494E543A200000504F5745E2
:10779C00523A2020202000004E4F5A5A4C453A00B5
:1077AC004C46414E3A00000052504D004846414E66
:1077BC003A000000504552494F443A200000000066
:1077CC005354415455533A2041524D4544200000E6
:1077DC00494D50414354533A202000004255532008
:1077EC0043414E204F4E4C494E45000000000000D6
:1077FC00000000000000000000000000000000007D
:10780C00FCFCFC7C7C7C7C7C7C7C7C7C7C7C7C00A8
:10781C000000FCFCFC7C7C7C7C7C7C7C7C7C80800C
:10782C0080000000FCFCFC7C7C7C7C7C7C7C7C7C7C
:10783C008080800000008080807C7C7C7C7C7C7CD8
:10784C007C7C808080000000FCFCFC7C7C7C7C7C54
:10785C007C7C7C7C808080000000000000000000AC
:10786C00000000000000000000000000000000000C
:10787C0000000000000000000000000000000000FC
:10788C00FFFFFF00000000000000000000000000EF
:10789C000000FFFFFF000000000000000000FFFFE1
:1078AC00FF000000FFFFFF000000000000000000D0
:1078BC00FFFFFF000000FFFFFF00000000000000C2
:1078CC000000FFFFFF000000FFFFFF0000000000B2
:1078DC0000000000FFFFFF0000000000000000009F
:1078EC00000000000000000000000000000000008C
:1078FC00000000000000000000000000000000007C
:10790C00FFFFFF3E3E3E3E3E3E3E3E3E0000000040
:10791C000000FFFFFF3E3E3EFEFEFE3E3E3E0101EE
:10792C0001000000FFFFFF3E3E3EFEFEFE3E3E3EDF
:10793C00010101000000FFFFFF000000000000003B
:10794C000000FFFFFF000000FFFFFF3E3E3EFEFE7B
:10795C00FE3E3E3E01010100000000000000000060
:10796C00000000000000000000000000000000000B
:10797C0000000000000000000000000000000000FB
:10798C00FFFFFF00000000000000000000000000EE
:10799C000000FFFFFF000000070707F8F8F80000E1
:1079AC0000000000FFFFFF000000070707F8F8F8D1
:1079BC00000000000000FFFFFF00000000000000BE
:1079CC000000FFFFFF000000FFFFFF0000000707A3
:1079DC0007F8F8F8000000000000000000000000AC
:1079EC00000000000000000000000000000000008B
:1079FC00000000000000000000000000000000007B
:107A0C001F1F1F1F1F1F1F1F1F1F1F1F1F1F1F0099
:107A1C0000001F1F1F0000000000000000001F1FBF
:107A2C001F0000001F1F1F000000000000000000CE
:107A3C001F1F1F0000000000001F1F1F1F1F1F1F04
:107A4C001F1F0000000000001F1F1F00000000008F
:107A5C00000000001F1F1F000000000000000000BD
:107A6C00000000000000000000000000000000000A
:107A7C000000000000000000000000000000000FEB
:107A8C007F7F0F00000000000000000000000000DD
:107A9C0000000000000000000000000000000000DA
:107AAC0000000000000000000000000000000000CA
:107ABC0000000000000000000000000000000000BA
:107ACC0000000000000000000000000000000000AA
:107ADC00000000000000000000000000000000009A
:107AEC00000000000000000000000000000000008A
:107AFC000000FCFCFC1C1C1C1C1C1C1C1C1C1C1C52
:107B0C001C1C1C1C1C1C1C1C1C1C1C1C1CFCFCFC09
:107B1C000000000000000000000000000000000059
:107B2C000000000000000000000000000000000049
:107B3C000000000000000000000000000000000039
:107B4C000000000000000000000000000000000029
:107B5C000000000000000000000000000000000019
:107B6C000000000000000000000000000000000009
:107B7C000000FFFFFF00007F7F7F7F7F7F7F000083
:107B8C00000000007F7F7F7F7F7F7F0000FFFFFF73
:107B9C00000000000000000000000000F0F0F00009
:107BAC0000000000000000000000000000000000C9
:107BBC0000000000000000000000000000000000B9
:107BCC0000000000000000000000000000000000A9
:107BDC00F0F0F03030F0F0E00000E0F0F03030F099
:107BEC00F0E0003030F0F0F03030300000000000F9
:107BFC000000FFFFFF000000C0C0C0C0C0C0C0C07C
:107C0C00C0C0C0C0C0C0C0C0C0C0000000FFFFFFEB
:107C1C000000000000000000C0C00000FFFFFF00DB
:107C2C00FFFFFF0000FFFFFF00009EDFDF63632309
:107C3C00FFFFFEFFFFFF0203FFFFFE0000FEFFFF42
:107C4C003333BFBFBE00FFFFFF0203FFFFFE000088
:107C5C00FFFFFF1818FFFFE70000FFFFFF0000FF0A
:107C6C00FFFF000000FFFFFF00000000000000000D
:107C7C000000FFFFFFE0E0E0E1E1E1E1E1E1E1E153
:107C8C00E1E1E1E1E1E1E1E1E1E1E0E0E0FFFFFF81
:107C9C0000000000000000000F0F0C0C0F0F07007D
:107CAC00070F0F0C040F0F0F0000070F0F0C0C0425
:107CBC000F0F0F0F0F0F00000F0F0F0000070F0F0C
:107CCC000C0C0F0F07000F0F0F00000F0F0F000011
:107CDC000F0F0F0C0C0F0F070000070F0F0C0C0FE2
:107CEC000F070000000F0F0F000000000000000045
:107CFC000000000000000000000000000F7F7F0F5C
:107D0C000000000000000000000000000000000067
:107D1C000000000000000000000000000000000057
:107D2C000000000000000000000000000000000047
:107D3C000000000000000000000000000000000037
:107D4C000000000000000000000000000000000027
:107D5C000000000000000000000000000000000017
:107D6C000000000000000000000000000000000007
:107D7C000000FCFCFC1C1C1C1C1C1C1C1C1C1C1CCF
:107D8C001C1C1C1C1C1C1C1C1C1C1C1C1CFCFCFC87
:107D9C0000000000000000000000000000000000D7
:107DAC0000000000000000000000000000000000C7
:107DBC0000000000000000000000000000000000B7
:107DCC0000000000000000000000000000000000A7
:107DDC000000000000000000000000000000000097
:107DEC000000000000000000000000000000000087
:107DFC000000FFFFFF00007F7F7F7F7F7F7F000001
:107E0C00000000007F7F7F7F7F7F7F0000FFFFFFF0
:107E1C00000000000000000000000000F0F0F00086
:107E2C000000000000000000000000000000000046
:107E3C000000000000000000000000000000000036
:107E4C000000000000000000000000000000000026
:107E5C00F0F0F03030F0F0E00000E0F0F03030F016
:107E6C00F0E0003030F0F0F0303030000000000076
:107E7C000000FFFFFF000000F0F0F0F0F0F0F0F079
:107E8C00F0F0F0F0F0F0F0F0F0F0000000FFFFFF89
:107E9C000000000000000000C0C00000FFFFFF0059
:107EAC00FFFFFF0000FFFFFF00009EDFDF63632387
:107EBC00FFFFFEFFFFFF0203FFFFFE0000FEFFFFC0
:107ECC003333BFBFBE00FFFFFF0203FFFFFE000006
:107EDC00FFFFFF1818FFFFE70000FFFFFF0000FF88
:107EEC00FFFF000000FFFFFF00000000000000008B
:107EFC000000FFFFFFE0E0E0E3E3E3E3E3E3E3E3C1
:107F0C00E3E3E3E3E3E3E3E3E3E3E0E0E0FFFFFFEA
:107F1C0000000000000000000F0F0C0C0F0F0700FA
:107F2C00070F0F0C040F0F0F0000070F0F0C0C04A2
:107F3C000F0F0F0F0F0F00000F0F0F0000070F0F89
:107F4C000C0C0F0F07000F0F0F00000F0F0F00008E
:107F5C000F0F0F0C0C0F0F070000070F0F0C0C0F5F
:107F6C000F070000000F0F0F0000000000000000C2
:107F7C000000000000000000000000000000000FE6
:107F8C007F7F0F00000000000000000000000000D8
:107F9C0000000000000000000000000000000000D5
:107FAC0000000000000000000000000000000000C5
:107FBC0000000000000000000000000000000000B5
:107FCC0000000000000000000000000000000000A5
:107FDC000000000000000000000000000000000095
:107FEC000000000000000000000000000000000085
:107FFC000000FCFCFC1C1C1C1C1C1C1C1C1C1C1C4D
:10800C001C1C1C1C1C1C1C1C1C1C1C1C1CFCFCFC04
:10801C000000000000000000000000000000000054
:10802C000000000000000000000000000000000044
:10803C000000000000000000000000000000000034
:10804C000000000000000000000000000000000024
:10805C000000000000000000000000000000000014
:10806C000000000000000000000000000000000004
:10807C000000FFFFFF00000C0C0C0C0C0C0C0000A3
:10808C00000000000C0C0C0C0C0C0C0000FFFFFF93
:10809C00000000000000000000000000F0F0F00004
:1080AC0000000000000000000000000000000000C4
:1080BC0000000000000000000000000000000000B4
:1080CC0000000000000000000000000000000000A4
:1080DC00F0F0F03030F0F0E00000E0F0F03030F094
:1080EC00F0E0003030F0F0F03030300000000000F4
:1080FC000000FFFFFF000000C0C0C0C0C0C0C0C077
:10810C00C0C0C0C0C0C0C0C0C0C0000000FFFFFFE6
:10811C000000000000000000C0C00000FFFFFF00D6
:10812C00FFFFFF0000FFFFFF00009EDFDF63632304
:10813C00FFFFFEFFFFFF0203FFFFFE0000FEFFFF3D
:10814C003333BFBFBE00FFFFFF0203FFFFFE000083
:10815C00FFFFFF1818FFFFE70000FFFFFF0000FF05
:10816C00FFFF000000FFFFFF000000000000000008
:10817C000000FFFFFFE0E0E0E1E1E1E1E1E1E1E14E
:10818C00E1E1E1E1E1E1E1E1E1E1E0E0E0FFFFFF7C
:10819C0000000000000000000F0F0C0C0F0F070078
:1081AC00070F0F0C040F0F0F0000070F0F0C0C0420
:1081BC000F0F0F0F0F0F00000F0F0F0000070F0F07
:1081CC000C0C0F0F07000F0F0F00000F0F0F00000C
:1081DC000F0F0F0C0C0F0F070000070F0F0C0C0FDD
:1081EC000F070000000F0F0F000000000000000040
:1081FC000000000000000000000000000000000073
:10820C0000000F7F7F0F0000000000000000000046
:10821C000000000000000000000000000000000052
:10822C000000000000000000000000000000000042
:10823C000000000000000000000000000000000032
:10824C000000000000000000000000000000000022
:10825C000000000000000000000000000000000012
:10826C000000000000000000000000000000000002
:10827C000000FCFCFC1C1C1C1C1C1C1C1C1C1C1CCA
:10828C001C1C1C1C1C1C1C1C1C1C1C1C1CFCFCFC82
:10829C0000000000000000000000000000000000D2
:1082AC0000000000000000000000000000000000C2
:1082BC0000000000000000000000000000000000B2
:1082CC0000000000000000000000000000000000A2
:1082DC000000000000000000000000000000000092
:1082EC000000000000000000000000000000000082
:1082FC000000FFFFFF00007F7F7F7F7F7F7F0000FC
:10830C00000000007F7F7F7F7F7F7F0000FFFFFFEB
:10831C00000000000000000000000000F0F0F00081
:10832C000000000000000000000000000000000041
:10833C000000000000000000000000000000000031
:10834C000000000000000000000000000000000021
:10835C00F0F0F03030F0F0E00000E0F0F03030F011
:10836C00F0E0003030F0F0F0303030000000000071
:10837C000000FFFFFF000000F0F0F0F0F0F0F0F074
:10838C00F0F0F0F0F0F0F0F0F0F0000000FFFFFF84
:10839C000000000000000000C0C00000FFFFFF0054
:1083AC00FFFFFF0000FFFFFF00009EDFDF63632382
:1083BC00FFFFFEFFFFFF0203FFFFFE0000FEFFFFBB
:1083CC003333BFBFBE00FFFFFF0203FFFFFE000001
:1083DC00FFFFFF1818FFFFE70000FFFFFF0000FF83
:1083EC00FFFF000000FFFFFF000000000000000086
:1083FC000000FFFFFFE0E0E0E3E3E3E3E3E3E3E3BC
:10840C00E3E3E3E3E3E3E3E3E3E3E0E0E0FFFFFFE5
:10841C0000000000000000000F0F0C0C0F0F0700F5
:10842C00070F0F0C040F0F0F0000070F0F0C0C049D
:10843C000F0F0F0F0F0F00000F0F0F0000070F0F84
:10844C000C0C0F0F07000F0F0F00000F0F0F000089
:10845C000F0F0F0C0C0F0F070000070F0F0C0C0F5A
:10846C000F070000000F0F0F0000000000000000BD
:10847C0000000080C0E0F0F87C3A1408008060181E
:10848C00040E1F0F07030100000000000000000095
:10849C0000000080C0E0F4FA7D38140800806018F9
:1084AC00040E1F0F07030100000000000000000075
:1084BC0000000080C0E0F4FA7D38110600806018DE
:1084CC00040E1F0F07030100000000000000000055
:1084DC0000000080C0E0F0F87C3A110600806018C3
:1084EC00040E1F0F07030100000000000000000035
:1084FC00F809090F0F0909F800000000000000003E
:10850C000302CEFEFECE02030000000000000000BD
:10851C00F80A0A0E0F0909F800000000000000001C
:10852C0003E2EEFEFECE020300000000000000009D
:10853C00F80A0A0E0E0A0AF80000000000000000FB
:10854C0003E2EEFEFEEEE20300000000000000007D
:10855C00F809090F0E0A0AF80000000000000000DC
:10856C000302CEFEFEEEE20300000000000000005D
:10857C00F809090F0F0909F80000000000000000BD
:10858C0003024EFEFE4E020300000000000000003D
:10859C00F80A0A0E0F0909F800000000000000009C
:1085AC0003028EDEFE4E02030000000000000000FD
:1085BC00F80A0A0E0E0A0AF800000000000000007B
:1085CC0003028EDE9E0E020300000000000000007D
:1085DC00F809090F0E0A0AF800000000000000005C
:1085EC0003024EFE9E0E020300000000000000007D
:1085FC00000080C0E07C22414141221C40A0583C3C
:10860C000E07030100000000000000000000000045
:10861C00000080C0E07C22414141221CA060583CFB
:10862C000E07030100000000000000000000000025
:10863C00000080C0E07C2241C141221CA060685C2B
:10864C000E07030100000000000000000000000005
:10865C00000080C0E07C2241C141221C40A0685C2B
:10866C000E0703010000000000000000000000C025
:10867C00C0C0C0FFFFC0C0C0C000000000000001AF
:10868C000F1F1F1F1F1F1F0F010000000000000005
:10869C00808080FFFF8080800000000000000000D0
:1086AC00031F1F1F1F1F1F030000000000000000FE
:1086BC00000000FFFF0000000000000000000000B0
:1086CC0000071F1F1F1F0700000000000000000014
:1086DC00000000FFFF000000000000000000000090
:1086EC000000001F1F000000000000000000FEC280
:1086FC00C2C2C2C2C242427E0000000000000000A2
:10870C0000000204C8102000000000000000FEC29F
:10871C00C2C2C2C2C242427E000000000000000081
:10872C0000002010C8040200000000000000FEC27F
:10873C00C2C2C2C2C242427E000000000000000061
:10874C0000000204C8102000000000000000FEC25F
:10875C00C2C2C2C2C242427E000000000000000041
:10876C0000002010C80402000000000000C0F01837
:10877C000C04C6C6C6C6040C18F0C00000030F18C3
:10878C003020636363632030180F030100C0F018BE
:10879C000C04C6C6C6C6040C18F0C00000030F18A3
:1087AC0030206363E3632030180F030000C0F0181F
:1087BC000C04C6C6C6C6040C18F0C00001030F1882
:1087CC003020636363632030180F030000C0F0187F
:1087DC000C04C6C7C6C6040C18F0C00000030F1862
:1087EC003020636363632030180F030000C0C0C0E7
:1087FC00C080BFA1A1BF80C0C0C0C00000FFFFFFF0
:10880C00FF000000000000FFFFFFFF00000000C0A1
:10881C00C0C0FFA1A1BF80C0C0C0C000000000FF4D
:10882C00FFFFFF78000000FFFFFFFF00000000C00B
:10883C00C0C0FFA1A1FFC0C0C0000000000000FF2D
:10884C00FFFFFF7878FFFFFFFF00000000C0C0C0F3
:10885C00C080BFA1A1FFC0C0C000000000FFFFFF8F
:10886C00FF00000078FFFFFFFF00000000804024A5
:10887C00289050B0B0509028244080000001020491
:10888C0004090A0D0D0A0904040201008080C224A7
:10889C002890D0F0B05090282440800000010204B1
:1088AC0004090B0F0D0A0904040201008080C22484
:1088BC002890D0F0F0D0902824C2808000010204CF
:1088CC0004090B0F0F0B0904040201000080402463
:1088DC00289050B0F0D0902824C28080000102046F
:1088EC0004090A0D0F0B090404020100000000002A
:1088FC008060100C820C10608000000000000000F2
:10890C0000038458E05884030000000000000000BD
:10891C008060D0ECE20C10608000000000000000D1
:10892C008083455BE05884030000000000000000D9
:10893C008060D0ECE2ECD060800000000000000011
:10894C008083455BE35B45838000000000000000F2
:10895C008060100C82ECD0608000000000000000F1
:10896C0000038458E35B4583800000000000000096
:10897C0000001F7F7F1F0000000000000000028A23
:10898C00AAAAAAAAAAAAAAAA8A02000000008080FF
:10899C0080808080001F0000000000000000028A20
:1089AC00AAAAAAAAAAAAAAAA8A02000000008080DF
:1089BC0080808080809FFFFF9F8000000000028AE3
:1089CC00AAAAAAAAAAAAAAAA8A02000000000000BF
:1089DC0000001F7FFF9FFFFF9F8000000000028AA6
:1089EC00AAAAAAAAAAAAAAAA8A020000808080C05F
:1089FC00201088CFCF881020C08080800101010317
:108A0C00040811F3F3110804030101018080C0B0C4
:108A1C00080884CFCF881020C08080800101030D0E
:108A2C00101021F3F3110804030101018080C0B080
:108A3C00080884CFCF840808B0C080800101030DE2
:108A4C00101021F3F32110100D030101808080C060
:108A5C00201088CFCF840808B0C0808001010103AA
:108A6C00040811F3F32110100D03010100000000A4
:108A7C0000E0E0FFE0E0E000000000000000003853
:108A8C002828282828282828380000000000000062
:108A9C0000C0C0FFC0C0C0000000000000000038D3
:108AAC00282929292929292838000000000000003C
:108ABC00008080FF808080000000000000000038F3
:108ACC00282B2B2B2B2B2B28380000000000000010
:108ADC0000C0C0FFC0C0C000000000000000003893
:108AEC0028292929292929283800000000008080FC
:108AFC0000000000000000000080800000707F7FFC
:108B0C007C1830303030187C7F7F7F0000008080F4
:108B1C0000000000000000000080800000707F7FDB
:108B2C007CF830303030F87C7F7F7F000000808014
:108B3C0000000000000000000080800000707F7FBB
:108B4C007CF830303030F87C7F7F7F0000008080F4
:108B5C0000000000000000000080800000707F7F9B
:108B6C007C1830303030187C7F7F7F000000000193
:108B7C00071C70C0808040701C07010000000000C2
:108B8C000004E77F3F0C040000000000000000011F
:108B9C00071C7040000040701C0701000000000022
:108BAC0000000002080000000000000000000001AE
:108BBC00071C70C0808040701C0701000000000082
:108BCC000004E77F3F0C04000000000000000001DF
:108BDC00071C7040000040701C07010000000000E2
:108BEC00000000020800000000000000000000006F
:108BFC000000CF7FCF8F0000000000000000241E7B
:108C0C00661D133811071A661F22000000000000B1
:108C1C000000CF7FCF8F0000000000000000241E5A
:108C2C00661D133811071A661F2200000000000091
:108C3C000000CF7FCF8F0000800000000000221FBB
:108C4C00661D237021071A651B210000000000001F
:108C5C000000CF7FCF8F0000000000000000241E1A
:108C6C00661D133811071A661F22000030F8F8B081
:108C7C00B0F8F8B0B0F8F8B0B0F8F8B000000000F8
:108C8C00007050505F5050700000000020F0F0A0B9
:108C9C00A0F0F0A0A0F0F0A0A0F0F0A00000000068
:108CAC00007050505F5050700000000030F8F8B069
:108CBC00B0F8F8B0B0F8F8B0B0F8F8B000000000B8
:108CCC00007050505F5050700000000010B8B89009
:108CDC0090B8B89090B8B89090B8B89000000000D8
:108CEC00007050505F5050700000000000000000F9
:108CFC00040E1C3870E0C08000000000000C30C076
:108D0C00300C000000000103070F030000000000FE
:108D1C00040E1C183060E0C080808000000C30C055
:108D2C00300C0000000000010307010000000000EF
:108D3C00040E1C183060E0C080808000000C30C035
:108D4C00300C0000000000010307010000000000CF
:108D5C00040E1C3870E0C08000000000000C30C015
:108D6C00300C000000000103070F0300000000009E
:108D7C000018FCFEFEFC18000000000000000112B0
:108D8C002420013D010120241201000000000000FC
:108D9C000018FCFEFEFC180000000000000102128E
:108DAC002440017D0101402412020100000000005A
:108DBC000018FCFEFEFC180000000000000102126E
:108DCC002440017D0101402412020100000000003A
:108DDC000018FCFEFEFC1800000000000000011250
:108DEC002420013D0101202412010000000000009C
:108DFC00607CFFFFFFFF7C600000000000000000B3
:108E0C00002A140000142A000000000000000000DA
:108E1C00607CFFFFFFFF7C60000000000000000092
:108E2C0000142A00002A14000000000000000000BA
:108E3C00607CFFFFFFFF7C60000000000000000072
:108E4C00002A140000142A0000000000000000009A
:108E5C00607CFFFFFFFF7C60000000000000000052
:108E6C0000142A00002A140000000000000000007A
:108E7C0000FF81818181FF000000000000000000E4
:108E8C00041C7FFF7F3F0C0400000000000000006A
:108E9C0000FF81818181FF000000000000000000C4
:108EAC0008187FFF7F3F180800000000000000003A
:108EBC0000FF81818181FF000000000000000000A4
:108ECC0010307FFF7F3F30100000000000000000DA
:108EDC0000FF81818181FF00000000000000000084
:108EEC0008187FFF7F3F18080000000000030C1CCF
:108EFC003870E0C0C0E070381C0E070000000000A5
:108F0C000000737F0F7F70000000000000030C1C3A
:108F1C003870E0C0C0E070381C0E07000000000084
:108F2C0000707F0F030F7E700000000000030C1C0C
:108F3C003870E0C0C0E070381C0E07000000000064
:108F4C00707E0F0303030E7E7000000000030C1CE8
:108F5C003870E0C0C0E070381C0E07000000000044
:108F6C0000707F0F030F7E70000000000000F010F7
:108F7C0010905050505E9E1E1EFE000000001F10F0
:108F8C001013141514141310101F00000000F0100F
:108F9C0010905050505E9E1E1EFE000000001F10D0
:108FAC001013141414141310101F00000000F010F0
:108FBC0010905050505E9E1E1EFE000000001F10B0
:108FCC001013141514141310101F00000000F010CF
:108FDC0010905050505E9E1E1EFE000000001F1090
:108FEC001013141414141310101F000000000007A9
:108FFC00FFFFFFFFFFFFFFFF070000000000000066
:10900C0000307BFFFF7B30000000000000000007F9
:10901C00FFFFFFFFFFFFFFFF070000000000000045
:10902C000070FBFBFBFB7000000000000000000761
:10903C00FFFFFFFFFFFFFFFF070000000000000025
:10904C000060F3F3F3F36000000000000000000781
:10905C00FFFFFFFFFFFFFFFF070000000000000005
:10906C000060F3F3F3F3600000000000000000C0A8
:10907C00FCFFFFFFFFFFFFFCC000000054545444F2
:10908C00000003030303000044545454000000C0C8
:10909C00FCFFFFFFFFFFFFFCC000000054545444D2
:1090AC00000003030303000044545454000000C0A8
:1090BC00FCFFFFFFFFFFFFFCC000000054545400F6
:1090CC00000003030303000000545454000000C0CC
:1090DC00FCFFFFFFFFFFFFFCC00000005454544492
:1090EC000000030303030000445454540000000028
:1090FC000000000000000000000000000000000064
:10910C000000000000000000000000000000000053
:10911C000000000000000000000000000000000043
:10912C000000000000000000000000000000000033
:10913C000000000000000000000000000000000023
:10914C000000000000000000000000000000000013
:10915C000000000000000000000000000000000003
:10916C0000000000000000000000000002030405E5
:10917C00060708090A0B0C0D0E0F10100102030450
:0C918C0005060708090A0B0C0D0E0F1059
:089198002017FF7F0100000019
:0491A000AD81000895
:0491A40089810008B5
:1091A80000127A008385FF0101FF00000100000022
:1091B80001000000100000001C000020000000005A
:1091C8000000000000000000000000000000000097
:1091D8000000000000000000000000000000000087
:1091E8000000000000000000000000000000000077
:1091F8000000000000000000000000000000000067
:109208000000000000000000000000000000000056
:0C9218000000000000000000000000004A
:040000050800AB8DB7
:00000001FF
