:020000040800F2
:1080000000A00020CDC000081DC10008A10C01087F
:108010001DC100081DC100081DC1000800000000AE
:108020000000000000000000000000001DC100086A
:108030001DC10008000000001DC10008F10D01086D
:108040001DC100081DC100081DC100081DC1000898
:108050001DC100081DC100081DC100081DC1000888
:108060001DC10008E10D01081DC100081DC1000867
:108070001DC10008051301081DC100081DC100082D
:108080001DC100081DC100081DC100081DC1000858
:10809000890C01081DC10008950C0108E90D0108B3
:1080A0001DC100081DC100081DC100081DC1000838
:1080B0001DC10008F50D01081DC100081DC1000803
:1080C0001DC100081DC100081DC100081DC1000818
:1080D0001DC100081DC100081DC100081DC1000808
:1080E0001DC100081DC100081DC100081DC10008F8
:1080F0001DC100081DC100081DC100081DC10008E8
:108100000000000000000000000000001DC1000889
:108110001DC100081DC100081DC100081DC10008C7
:108120001DC100081DC100081DC100081DC10008B7
:108130001DC100081DC10008000000000000000073
:108140001DC100081DC100081DC10008000000007D
:10815000000000000000000000000000000000001F
:1081600000000000000000001DC100081DC1000843
:108170001DC1000800000000000000000000000019
:08818000000000001DC1000811
:108188000348044B834202D0034B03B1184770479E
:108198006800002068000020000000000548064B29
:1081A8001B1AD90F01EBA301491002D0034B03B1ED
:1081B8001847704768000020680000200000000091
:1081C80010B5064C237843B9FFF7DAFF044B13B117
:1081D8000448AFF300800123237010BD680000201D
:1081E800000000002C72010808B5044B1BB10449BB
:1081F8000448AFF30080BDE80840CFE70000000066
:108208006C0000202C7201082DE9F04F99B000F2A3
:108218007E631393002300F11E02129318AB0192A0
:108228000DF15F06C3F1110A019A0DF14F0132F801
:10823800023F019200910846012203EA02040AEB78
:1082480000052C4100F8014F5200864292B2F4D149
:108258009DF950209DF952B09DF95B709DF95CE045
:1082680000919DF951109DF955909DF959C0CDF88F
:1082780010E0CDE90A2182EA0105704687EA0B027F
:108288009DF958E09DF953809DF95640039789EA76
:10829800020271468CEA02029DF957E09DF954707A
:1082A800029742409DF95D0006908EEA0202424024
:1082B8000A989DF95A700C9480EA0800604078404A
:1082C8008BEA000089EA00008CEA000005900B9810
:1082D8000D9180EA0800484078408BEA00008CEA5B
:1082E80000008EEA00000790029860409DF95E4009
:1082F80008946240029C48400C9988EA04044C4067
:108308000D994C406A4003997C40654054409DF962
:108318005F20099285EA01020E92DDE904214A40B4
:108328000F92DDE90621784089EA00008CEA000016
:108338004A4008998EEA000041401091099961402D
:10834800119103998D420DD1DDE904158D4209D1B2
:10835800DDE906158D4205D10899884202D10999AF
:108368008C4213D00F99920002EB41020E990A44F5
:10837800109902EBC102119902EB011292B2A2F11B
:1083880010000F280ED96FF009021292019AC3F358
:108398000A031380139B9A427FF446AF129819B0D0
:1083A800BDE8F08F113A0E2A71D8DFE802F06A644E
:1083B8005E58524D48423C37312C26210800C7F1FF
:1083C80001078DF85A70129B0099002B08BF6FF0B7
:1083D8000803012212931046002311F9012F12FB02
:1083E80000F2440013448E429BB2A0B2F5D1CDE70F
:1083F800CCF101038DF85930E5E70D9BC3F101037A
:108408008DF85830DFE7CEF101038DF85730DAE701
:108418000C9BC3F101038DF85630D4E7C9F1010371
:108428008DF85530CFE7029BC3F101038DF8543026
:10843800C9E7089BC3F1010C8DF85EC0C3E7C8F11A
:1084480001038DF85330BEE7CBF101038DF85230AC
:10845800B9E70B9BC3F101038DF85130B3E7069BD5
:10846800C3F101038DF85D30ADE70A9BC3F1010349
:108478008DF85030A7E7049BC3F101038DF85C30F9
:10848800A1E7039BC3F101038DF85B309BE7099BD0
:10849800C3F101038DF85F3095E700BF10B50B46B7
:1084A8000C464FF450724FF4105109F02FF900B1F7
:1084B80010BD2046BDE81040FFF7A6BE30B53022FB
:1084C80083B04FF40041054609F062F9421C10D010
:1084D80044F620640DF1060301224FF400412846BA
:1084E80009F014F9013CA4B218B9BDF806301B070D
:1084F80001D503B030BD002CECD16FF00B0003B0F8
:1085080030BD00BF10B582B00DF10603012248F25C
:108518000D01044609F0FAF808B102B010BDBDF823
:10852800062048F20D0142F400422046ADF806202C
:1085380009F02EF90028F0D109F0D0F80028ECD184
:108548000DF10603012248F20D01204609F0DEF87C
:108558000028E2D1BDF90630002BB8BF6FF00A0041
:10856800DBE700BF002347F6FF7130F813208A428B
:1085780003F1100303D0C02BF7D1002070476FF030
:1085880007007047038847F6FF718B422BD000F134
:108598000E0300F1240C33F8022F8A4223D06345DE
:1085A800F9D1038D8B421ED0438D8B421BD0838D16
:1085B8008B4218D000F12E0300F1400C47F6FF71F2
:1085C80033F8022F8A420ED09C45F9D100F14E03B0
:1085D80047F6FF715E3033F8022F8A4203D0834298
:1085E800F9D1002070476FF0070070472DE9F0417E
:1085F80007469AB0884644F620650DF10603012225
:108608004FF40041384609F081F8013D0446ADB207
:10861800002840F08480BDF8066032077AD5302201
:108628004FF40041384609F0B3F8431C044676D0AD
:1086380016F0010643464FF0200274D14FF48061D2
:10864800384609F063F80446002868D108F1400369
:1086580020224FF48861384609F058F8044600286B
:108668005DD108F1800320224FF49061384609F06B
:108678004DF80446002852D108F1C00320224FF4D7
:108688009861384609F042F80446002847D108F5B1
:10869800807320224FF4A061384609F037F8044669
:1086A80000283CD108F5A07320224FF4A861384671
:1086B80009F02CF8044690BB02AB30224FF4B061AD
:1086C800384609F023F8044648BB01AB3846012276
:1086D80048F20D0109F01AF8BDF80430A8F8E031A5
:1086E800A8F8E2610446D0B902A8FFF74BFF28B901
:1086F800602202A908F5C07003F01CFC47F6FF735E
:1087080038F814209A4204F110044CD0C02CF7D148
:10871800344604E0002D7FF470AF6FF00B04204660
:108728001AB0BDE8F0814FF48461384608F0EEFFD6
:1087380004460028F3D108F1400320224FF48C614D
:10874800384608F0E3FF04460028E8D108F1800322
:1087580020224FF49461384608F0D8FF04460028D8
:10876800DDD108F1C00320224FF49C61384608F09F
:10877800CDFF04460028D2D108F5807320224FF49B
:10878800A461384608F0C2FF04460028C7D108F59E
:10879800A07320224FF4AC61384608F0B7FF0446B6
:1087A800002889D0BBE76FF00704B8E730B583B07D
:1087B8000C460DF10603012248F20D01054608F0AA
:1087C800A5FF08B103B030BDBDF80620A10222F410
:1087D800406201F4406192B20A43284648F20D0112
:1087E80008F0D6FF03B030BD00B583B00DF1060325
:1087F800012248F20D0108F089FF18B9BDF80600FA
:10880800C0F3812003B05DF804FB00BF30B583B02E
:108818000C460DF10603012248F20D01054608F049
:1088280075FF08B103B030BDBDF80620E10122F4A0
:10883800607201F4607192B20A43284648F20D0151
:1088480008F0A6FF03B030BD00B583B00DF10603F4
:10885800012248F20D0108F059FF18B9BDF80600C9
:10886800C0F3C21003B05DF804FB00BFD0B5B0F888
:10887800D431B0F8E0612DED028B07EE903A1B047D
:10888800B8EE678A48BFDFED287A91F8240048BF20
:1088980038EE678A0C4602F093FD9FED1F0B41EC02
:1088A800110B01F019FBC6F38126304657EC106B0B
:1088B80002F096FD9FED180B41EC110B01F00CFB3B
:1088C800304653EC102B394602F01EFF03F0EAF84D
:1088D800B4F9023007EE903A06EE900AB4F9003087
:1088E800F8EEE77A07EE103AD8EE267AB8EEC77AAD
:1088F800C7EE877A17EE900A02F084FD08A3D3E941
:10890800002302F021FC03F0CDF8BDEC028B00EE51
:10891800100AD0BDAFF30080000000000000004046
:108928006666666666660A40000080472DE9F84379
:1089380005460C46FFF79AFFB5F8C03194ED046A76
:1089480007EE903A1A04B8EE677AB5F8803144BF5A
:10895800DFED2D7A37EE677A07EE903A1B0448BFB1
:10896800DFED296AF8EE677A10EE109A48BF77EEC5
:10897800E67ADFED266AE6EE077A87EE276A66EE84
:10898800267A17EE900A02F03DFD064660680F460B
:1089980002F038FD024648469046894602F032FD0C
:1089A80017A3D3E9002302F0CDFB02460B4640464D
:1089B800494602F07FFD164B002202F0C5FB024635
:1089C8000B463046394602F09FFE0646A0890F4600
:1089D80002F006FD02460B463046394602F0B2FB6D
:1089E80003F060F894ED027A06EE900A86EE870AA4
:1089F800F3EE097A30EE270ABDE8F883AFF300807A
:108A08006666666666660A40000080470000804821
:108A18000000F03F2DE9F04F2DED108B91B00C4682
:108A280010EE909A83461746B0F8E2619FEDB4DAEB
:108A3800B0EE40AAFFF71AFF5846214610EE108AFA
:108A4800FFF774FF10EE100AF0EE409A02F0DAFC1D
:108A5800A3A3D3E9002302F077FB03F023F808EE81
:108A6800100A484602F0CEFC9DA3D3E9002302F089
:108A78006BFB03F017F809EE100A29EE099A28EEA5
:108A8800088A29EE099A94F89E05B0EE497AA8EE6C
:108A9800487A06EB4606ABF1020BB7EE008AC7EE42
:108AA8000A7A04F2DD4539EE679A02F089FC9FEDF7
:108AB8008E0B41EC110B01F00FFA51EC100B02F088
:108AC800F1FF0BEE100A94F85F0602F079FC9FEDB7
:108AD800860B41EC110B01F0FFF951EC100B02F081
:108AE800E1FF0BEE900A94F8DC0102F069FC9FEDBF
:108AF8007E0B41EC110B01F0EFF951EC100B02F079
:108B0800D1FFF7EE007A94ED0C6AB4F9543094ED85
:108B18000B4A94ED0D5AD4ED0F5AB3EE047AF0EEE9
:108B2800676AE6EE076A82460EEE903A87EEA6EA94
:108B3800B4F956300893B4F952301EEE902AF0EE8C
:108B4800674AE4EE074A07EE103AD31AF8EEC7DA96
:108B580007EE103A089AD4ED0E6AB4F9583094ED3D
:108B6800106A0B931EEE901AB8EEC77A521AF0EEFE
:108B780067FAE6EE87FA089907EE102ACEEE24CABD
:108B8800591AB4F95A200D92D31AF0EE674AE5EE55
:108B98002D4AB8EEC77AF0EE676AE5EE876A07EE07
:108BA800101A24EEAF5AB8EEC77A65EE265AF0EEE0
:108BB800676AE6EE076A07EE103A25EEA66AB8EE8F
:108BC800C77AD4ED116ABBF89631CDED094AE6EEC5
:108BD800877A19048DED0A5A66EE277ACDED0C5A7C
:108BE800CDED0F7A07EE903AB4F914308DED0E6A98
:108BF800B8EE677A44BFDFED427A37EE677A07EE60
:108C0800903AF8EEE77ABBF8923187EE87CA1A04F1
:108C180007EE903A48BF9FED3A7AF8EE677A48BF78
:108C280077EEC77A67EE8C7A17EE900A02F0EAFBC5
:108C3800F3EE097A02460B46CDE9002379EEE79A6E
:108C4800B4F96436D4ED087A4046A7EEA98A08EE4E
:108C5800903A02F0D7FB26A3D3E9002302F072FA78
:108C680080468946E069CDE9028902F0CBFB42469D
:108C78004B4602F01FFCF8EEE88A224B002202F075
:108C880063FA68EE887A804617EE900A894602F001
:108C9800B9FB02460B464046494602F00BFC024629
:108CA8000B46DDE9000102F04DFA02F0FBFE034637
:108CB80050460AEE903A02F0A5FB0FA3D3E9002331
:108CC80002F0F8FB04EBC61303F5EE73069304F504
:108CD800ED73CDE90401009704F15A0A07934CE0BB
:108CE800666666666612714000000000000000407B
:108CF8006666666666660A408DEDB5A0F7C6B03E44
:108D0800000080470000F03FB4F94C3094ED0B8A26
:108D180006EE903A6FEEACFAF8EEE66A37EE667A4F
:108D2800F7EE006AE7EE086A66EEAF7A88EEA70A01
:108D380070EE097AF5EE407AF1EE10FA00F17A81D8
:108D4800B1EEE70AB5EE400AF1EE10FA00F16D81D6
:108D5800F1EEC07A17EE900A02F054FBBAA3D3E9F9
:108D6800002302F0EFF902F09DFE009B43F8040B8C
:108D78000093079B534500F047813BF8023F0135BC
:108D880007EE903A1B0495F9C130B8EE677A07EE02
:108D9800903A48BF37EE4D7AF8EEE77AB7EE00FA28
:108DA80087EEAB8A67EE0C7AF0EE4FFA17EE900A70
:108DB80002F028FB95F9003007EE103AB8EEC77AB2
:108DC800069BC7EE0B6A33F9022F069306460F4639
:108DD80008EE902AE9EEA6FA18EE100A02F012FB45
:108DE800DDE9022302F066FBF8EEE88A984B0022E0
:108DF80002F0AAF968EEAF7A804617EE900A894623
:108E080002F000FB02460B464046494602F052FB80
:108E180002460B463046394602F094F902F042FE0B
:108E2800D4ED066A07EE100AA6EEEA7A3AF8020FBF
:108E3800C7EE0A8A02F0D4FA02460B46DDE90401BD
:108E480002F062FC02F02EFED4ED0A6AF0EE4F7AD0
:108E5800E9EEA67A07EE100A67EE87FAF0EE686A7E
:108E6800E9EE2F6A2FEEAF7A27EE2F7A27EE267AD1
:108E7800B5EE407AF1EE10FA00F1D280B1EEC70AF1
:108E8800B5EE400AF1EE10FA00F1D980B1EEC0FA61
:108E980018EE900A02F0B6FA94ED0D8A064618EE1E
:108EA800100A0F4602F0AEFA67A3D3E9002302F0D6
:108EB80001FB02460B460020654902F043F9804653
:108EC8001FEE900A894602F09DFA02460B4640467C
:108ED800494602F0EFFA68EE0F7A804617EE900ADC
:108EE800894602F08FFA02460B464046494602F090
:108EF8002BF902460B463046394602F005FC064679
:108F080019EE100A0F4602F07DFA02460B4630466B
:108F1800394602F019F941EC100B01F077F801F02D
:108F280075F849A3D3E9002351EC100B02F00AF9B4
:108F380002F0B8FDB4F94E3006EE103A07EE100A0A
:108F4800B8EEC66AB4EEC76AF1EE10FA3FF7DCAEC7
:108F5800B4F9503006EE903AF8EEE66AF4EEC76AD5
:108F6800F1EE10FA06DD6FEE8EFA94ED0C8AF0EE53
:108F7800466AD3E6F4EEC7DAF1EE10FA3FF7CEAE62
:108F8800F8EEEE6AF4EEC76AF1EE10FA08DDDDEDF0
:108F9800097A94ED0E8A6FEEA7FAF0EE6D6ABDE6D7
:108FA800DDED087AB8EEE76AB4EEC76AF1EE10FABA
:108FB80006DDDDED0A7A94ED0F8A6FEEA7FAADE6CD
:108FC800DDED0B7AF8EEE75AF4EEC75AF1EE10FA37
:108FD80008DDDDED0C7A94ED108A6FEEA7FAF0EE5D
:108FE800466A9BE6DDED0D7AF8EEE76AF4EEC76AAD
:108FF800F1EE10FA0DDDDDED0E7A94ED118A6FEECB
:10900800A7FAF0EE656A89E611B0BDEC108BBDE8F1
:10901800F08FDDED0F7A94ED128A6FEEA7FA7DE6F8
:10902800B0EE470A00F0D0FF2AE700F0CDFFF0EEDF
:10903800407A8FE6B0EE670A00F0C6FF82E600F0DD
:10904800C3FFB0EE40FA23E76666666666127140B3
:109058000000F03F2DE9F04F2DED0A8B89B08B46CB
:1090680090468246B0F8E291DFED8FBAFFF7FEFB3B
:109078005046594610EE105AFFF758FC9BF89E05CB
:10908800F0EE408A02F09CF99FED830B41EC110B46
:1090980000F022FF51EC100B02F004FD09EE900ADB
:1090A8009BF85F0602F08CF99FED7B0B41EC110BEE
:1090B80000F012FF51EC100B02F0F4FCBAF89431F6
:1090C80007EE903A1904B8EE677ABBF9143044BF3A
:1090D800DFED757A37EE677A07EE903AF8EEE77AC1
:1090E800BAF8903187EE87BA1A0409EB4909AAF150
:1090F800020A07EE903A48BF9FED6B7AF8EE677A5E
:109108000AEE100A48BF77EEC77AF7EE00AA67EEB4
:109118008B7AB0EE6A9A17EE900A02F073F9F3EEC2
:10912800097ABBF9643678EEE78ADBED087A0246FD
:109138002846A7EEA89A14460D4608EE103A02F003
:1091480061F957A3D3E9002301F0FCFF06460F4657
:10915800DBF81C00CDE9046702F054F932463B46BF
:1091680002F0A8F9B8EEC88A504B002201F0ECFFD3
:1091780068EE097A064617EE900A0F4602F042F9A1
:1091880002460B463046394602F094F90B46024631
:109198002946204601F0D6FF02F084FC0BEBC913E8
:1091A800474603F5EE790BF5ED7809EE100ACDF890
:1091B8001C800BF2DD44B8460BF15A050BF5CC6662
:1091C8004F463AF8023F07EE903A0134B8EE677A14
:1091D8001B0494F9C13048BF37EE6B7A07EE903A1A
:1091E80027EE0B7AF8EEE77A17EE100AC7EE8ACA6E
:1091F80002F008F994F90030CDE9000107EE903A41
:10920800F8EEE77A37F9023F87EEA97AB0EE6ACA34
:10921800A8EE87CA08EE103A1CEE900A02F0F2F89F
:10922800DDE9042302F046F9B8EEC88A1F4B002294
:1092380001F08AFF68EE0C7ACDE9020117EE900A78
:1092480002F0E0F802460B46DDE9020102F032F9CD
:109258000B460246DDE9000101F074FF02F022FC32
:1092680035F8023FDBED066A96ED006A07EE103A24
:1092780007EE900AB8EEC77AE6EEC97A079BA6EE23
:10928800C67AAB4267EE877AE8EC017A99D109B0E1
:10929800BDEC0A8BBDE8F08F000000000000004024
:1092A8006666666666660A40000080470000F03F12
:1092B800B0F8E201704700BFBF2813D800F00F03D1
:1092C80001EB80000F2B0ED8DFE803F034270D0DDB
:1092D8000D0D0D0D0D0D0D0D0D0D273776EEA76A31
:1092E800C0ED006A7047D0ED016AD0ED027A10ED4A
:1092F800016A10ED027A76EEE77A36EE477AB0EE3A
:10930800E75AF0EEC75AB4EEE55AF1EE10FAE5DD89
:1093180036EE076A80ED006A704750ED017AD0EDAD
:10932800016A77EEA67AB6EE007A67EE877AC0ED24
:10933800007A704743680360704750F8043C036044
:10934800704700BFB0F94E20B0F84E30B0F94CC0AD
:10935800B2F5806FA8BFA3F50063B0F84C20A8BF92
:109368009BB2BCF5806FA8BFA2F500624FEA431319
:10937800A8BF92B21BB252010B804A80704700BF4F
:10938800B0F85630B0F8502007EE903AB3F5806F39
:10939800F8EE677A28BF9FED167AB0F8543028BFE8
:1093A80077EEC77A9FED137A27EE877A07EE903A21
:1093B800B3F5806FF8EE677AB0F8583024BFDFED68
:1093C8000C6A77EEE67A06EE903AB4EE006AB0F8E8
:1093D800523081ED017AFAEEEC6A67EE867A03EB99
:1093E8004213C1ED027A8B81C1ED046A704700BF58
:1093F8000000004500008039B0F84820B0F84A3035
:1094080003EB42138B827047B0F866309FED0B7AFE
:10941800C3F3080307EE903AF8EEE77AF4EEC77A5A
:10942800F1EE10FAC4BF9FED067A77EEC77A9FED8A
:10943800057A67EE877AC1ED067A704700007F43A8
:10944800000000440000803CB0F8463007EE903A37
:10945800B3F5806FF8EE677A24BF9FED067A77EE52
:10946800C77A9FED057A67EE877A01F5CD61C1ED80
:10947800007A7047000000450000003BB0F86630F5
:10948800C3F3412381F82430704700BFB0F844305B
:1094980007EE903AB3F5806FF8EE677A24BF9FED38
:1094A800057A77EEC77A9FED047A67EE877AC1ED81
:1094B8000A7A7047000000450000003810B43B4CA1
:1094C8009FED3B6ADFED3B5A4FF4A002C1E913421E
:1094D8007823A1F85430B0F87430A1F85630B0F8B9
:1094E8007830A1F85830B0F87C30A1F85A30B0F88C
:1094F8006A30B0F8682007EE903AB0F86C3002EEA7
:10950800903AB0F86E3003EE103AB0F8703003EECF
:10951800903AB0F8723004EE103AB0F8763004EEB3
:10952800903AB0F87A3005EE103AB0F87E3007EE8F
:10953800103A0123934006EE903AF8EE677AF8EE77
:10954800622AB8EE433AF8EE633AB8EE444AF8EEC7
:10955800644AB8EE455AB8EE477AC1ED0B7AC1EDC8
:109568000C2A81ED0D3AC1ED0E3A81ED0F4AC1ED9D
:10957800104A81ED115A81ED127A01F13003F8EEAB
:10958800E66A4C3101E0F3EC017AF4EEC67AF1EECA
:1095980010FAC8BF77EEE57A8B4287EEA67A03ED1C
:1095A800017AF0D15DF8044B704700BFD8FFECFF9B
:1095B80000C07F44000000452DE9F04F83462DEDA3
:1095C800048BBBF83230BBF834209FED7D8AADF5B3
:1095D8004D7D00205D0957095E4603F01F031437CF
:1095E8000446143502F01F02143267F30F04009189
:1095F80065F30F0003F1140136F8363F61F31F409D
:1096080062F31F449FED689B5A09CDE9020403F0F9
:109618001F0306A914321433ADF81020ADF8123028
:1096280002AF0BF1420A8946884636F8020F01F06C
:10963800D7FE044637F8020B0D4601F0C1FEB0EE26
:10964800490AF0EE690A41EC110B00F045FC20468E
:1096580053EC102B294602F057F802F023FA07EED4
:10966800100AC7EE087A5645E9EC017ADDD1009A6E
:1096780002F5CC63D2ED067AD3ED008A4CA7D7E980
:1096880000670CAD414668EEE78A0BF23E29A84612
:1096980001950BF2BE3B0D46B5EC018AA9F14004D9
:1096A800C24634F8023F07EE903AF8EEE77AB0EE99
:1096B800687AA7EE887A17EE100A01F0A3FE024630
:1096C8000B463046394602F01FF802F0EBF9A14587
:1096D8004AF8040BE5D109F14009D94508F1800899
:1096E800DAD1019DDDED0C7A0DABCCACB3EC017A8F
:1096F800B4EE677AF1EE10FAC8BFF0EE477A9C42F2
:10970800F4D19FED307AF4EEC77AF1EE10FA45D530
:109718004FF0000A77EEA77A0AF1010AF4EEC77A49
:10972800F1EE10FA5FFA8AFAF4D4504601F048FED6
:1097380041EC180B009B244F9FED1B9B03F15A092A
:109748000026CB46B0EE481AF0EE681AB0EE490A89
:10975800F0EE690A55F8048B00F0BEFB404659EC60
:10976800108B01F04FFE42464B4601F0A3FE02F07B
:1097780099F901F047FE32463B4601F0E5FC02F05C
:1097880071F9A5422BF8020FDCD1009B83F8DCA10C
:109798000DF54D7DBDEC048BBDE8F08F9FED068B7C
:1097A8004FF0000AC6E700BF0000000000000040BC
:1097B8008DEDB5A0F7C6B03E000000000000000027
:1097C80000E0FF44000000470000E03F038C428CAB
:1097D80010B5B0F824E05B094FF0010C0EEB421E07
:1097E8000CFA03FC1FFA8EFE1FFA8CFC00F17E02B5
:1097F80001F5EE7100F5FF7432F8023F18B2B0F5CA
:10980800806FA4BFA3F500639BB213FB0CE321F8A0
:10981800023FB2F98004B2F88034B0F5806FA4BF7B
:10982800A3F500639BB21CFB03E3A242A1F88031BD
:10983800E2D110BD2DE9F04FB0F92A40438D2DED4E
:10984800068BB4F5806F8346808DADF5437DA4BF4C
:10985800A3F500631CB2C0F3471300F01F00019189
:10986800009301F0ADFD07EE904A9FED638B0DF17B
:109878000808B8EEE7AA41EC190B0BF27E3B0DF590
:109888004279C2463BF8023FB0EE491AF0EE691A37
:10989800B3F5806F4FEA531428BF403CB0EE480A36
:1098A800F0EE680A28BFA4B200F016FB009857EC47
:1098B800106B01F085FDB0EE480AF0EE680A41EC45
:1098C800110B00F009FB20B255EC104B01F088FD9C
:1098D80032463B4601F0EEFD02F0E4F807EE900A4E
:1098E80077EE8A7A17EE900A01F08CFD22462B4615
:1098F80001F00AFF02F0D6F84AF8040BCA45C1D1B4
:109908009DED027A03ABB0EEC77AF3EC017AF0EE84
:10991800E77AF4EE477AF1EE10FAC8BFB0EE677A4C
:109928004B45F2D1DFED387AB4EEE77AF1EE10FA72
:109938005AD54FF0000B37EE077A0BF1010BB4EE56
:10994800E77AF1EE10FA5FFA8BFBF4D4584601F08F
:1099580037FD41EC180B019B2C4D9FED279B03F223
:10996800DD4A00240CE001F04DFD22462B4601F0B3
:10997800EBFB02F04FF8C84540B20AF8010F2AD0B5
:10998800B0EE481AF0EE681AB0EE490AF0EE690A2D
:1099980058F8046B00F0A0FA304657EC106B01F051
:1099A80031FD32463B4601F085FD02F07BF807EEBB
:1099B800900AF5EEC07AF1EE10FAD4D501F022FD46
:1099C80022462B4601F0BEFB02F024F8C84540B2FF
:1099D8000AF8010FD4D1019B83F89EB50DF5437D9C
:1099E800BDEC068BBDE8F08F9FED058B4FF0000BAB
:1099F800B1E700BFAFF300800000000000000040A6
:109A08000000000000000000000080420000E03F6D
:109A18002DE9F04FB0F92E40C38D2DED068BB4F52E
:109A2800806F8346008EADF5437DA4BFA3F5006328
:109A38001CB2C0F3471300F01F000191009301F01E
:109A4800BFFC07EE904A9FED628B0DF10808B8EE57
:109A5800E7AA41EC190B0BF27E3B0DF54279C246A1
:109A68003BF8023FB0EE491AF0EE691A03F01F0402
:109A7800DB0648BF203CB0EE480AF0EE680A48BF53
:109A8800A4B200F029FA009857EC106B01F098FC8A
:109A9800B0EE480AF0EE680A41EC110B00F01CFA2F
:109AA80020B255EC104B01F09BFC32463B4601F0CE
:109AB80001FD01F0F7FF07EE900A77EE8A7A17EEBC
:109AC800900A01F09FFC22462B4601F01DFE01F092
:109AD800E9FF4AF8040BCA45C2D19DED027A03ABEF
:109AE800B0EEC77AF3EC017AF0EEE77AF4EE477A53
:109AF800F1EE10FAC8BFB0EE677A4B45F2D1DFED50
:109B0800387AB4EEE77AF1EE10FA5AD54FF0000B36
:109B180037EE077A0BF1010BB4EEE77AF1EE10FAA3
:109B28005FFA8BFBF4D4584601F04AFC41EC180B61
:109B3800019B2C4D9FED269B03F29E5A00240CE0BE
:109B480001F060FC22462B4601F0FEFA01F062FFAC
:109B5800C84540B20AF8010F2AD0B0EE481AF0EE14
:109B6800681AB0EE490AF0EE690A58F8046B00F07A
:109B7800B3F9304657EC106B01F044FC32463B46D3
:109B880001F098FC01F08EFF07EE900AF5EEC07A1E
:109B9800F1EE10FAD4D501F035FC22462B4601F03F
:109BA800D1FA01F037FFC84540B20AF8010FD4D105
:109BB800019B83F85FB60DF5437DBDEC068BBDE8D0
:109BC800F08F9FED058B4FF0000BB1E7AFF30080EE
:109BD800000000000000004000000000000000003D
:109BE800000080420000E03F2DE9F843B0F85A3009
:109BF800B0F85E20B0F8606007EE903AB3F5806F79
:109C08002DED028BB8EE678A28BFDFED437A044654
:109C180090F85C0028BF38EE678A06EB42160D46BE
:109C280001F0CEFB9FED3A0B41EC110B00F054F91B
:109C380059EC108B18EE100A01F0E4FB42464B4633
:109C480001F062FD01F02EFFB4F8623003F03F022C
:109C580008EE102AB8EEC88AF3EE0F7AB4EEE78A57
:109C6800F1EE10FAC8BFDFED2D7A0746C3F387106F
:109C7800C8BF38EE678A01F0A3FB9FED250B41ECC6
:109C8800110B00F029F959EC108B18EE100A01F0AD
:109C9800B9FB42464B4601F037FD01F003FFB4F82B
:109CA8006430286203F03F0208EE102AB8EEC88A32
:109CB800F3EE0F7AB4EEE78AF1EE10FAC8BFDFEDE3
:109CC800177AC3F38710C8BF38EE678A01F078FBAC
:109CD8009FED0F0B41EC110B00F0FEF859EC108BC7
:109CE80018EE100A01F08EFB4B46424601F00CFDBF
:109CF80001F0D8FEBDEC028B05F5CC6336B2E86105
:109D08001F60A5F86466BDE8F88300BFAFF3008064
:109D180000000000000000400000004500008042F4
:109D280000F5CD6090ED000A704700BF30B54FF6E2
:109D3800FF730022A1F86C367E30134630F8024FCC
:109D480003F1010C44B11FFA8CF3C02BF6D1022A9F
:109D580018BF002019D030BDB0F88041002CF2D1D6
:109D6800B0F80043002CEED1B0F88054E646541CFD
:109D7800002DE8D1A1F86C361FFA8CF3C02BA2B2E3
:109D8800E5D0022A01D00122D8E76FF0020030BDE9
:109D980038B5838A5B0640F18680B0F94E20B0F86A
:109DA8004E300D46B2F5806FB0F94C10B0F84C202B
:109DB800A4BFA3F500639BB2B1F5806FA4BFA2F561
:109DC800006292B25B011BB2520129462B806A8065
:109DD800FFF7D6FAB0F84820B0F84A309FED337A4A
:109DE80003EB4213AB82B0F86630C3F3080207EE08
:109DF800902AF8EEE77AB0F84620F4EEC77AF1EE4A
:109E080010FAC4BF9FED2A7A77EEC77A9FED297AB8
:109E180067EE877A07EE102AB2F5806FC5ED067AED
:109E2800B8EE477A24BFDFED247A37EE677ADFEDA4
:109E3800237A27EE277A05F5CD62C3F3412382ED15
:109E4800007A85F82430B0F8443007EE903AB3F53C
:109E5800806F28BF9FED187AF8EE677A044628BF0E
:109E680077EEC77A9FED167A67EE877AC5ED0A7A9C
:109E7800FFF724FB2946FFF7B7FE29462046FFF7E0
:109E88009BFB29462046FFF7A1FC29462046FFF701
:109E9800D1FC29462046FFF7BBFD29462046BDE8F0
:109EA8003840FFF743BF6FF0060038BD00007F431E
:109EB800000000440000803C000000450000003B1A
:109EC80000000038838A13F0400F0CBF6FF00600C3
:109ED8000020704700000000F8B52DED028B55EC0E
:109EE800114B57EC106B00F0C7F822462B46204662
:109EF8002946B0EE408AF0EE608A01F075FD78B927
:109F0800002200233046394601F03CFDF0B1002222
:109F180000232046294601F035FD40B19FED288BEE
:109F2800B0EE480AF0EE680ABDEC028BF8BD45ECCD
:109F3800104B00F0A1FF0028F2D000220023204699
:109F4800294601F029FD0028EAD02EE0B0EE480AA3
:109F5800F0EE680A00F090FFA0B151EC180B002257
:109F6800002301F00FFD0028DAD047EC106B00F059
:109F780083FF0028D4D045EC104B00F07DFF00286B
:109F8800CED012E047EC106B00F076FF0028E4D04A
:109F980045EC104B00F070FF0028DED053EC182B76
:109FA80051EC180B01F020FD20B901F0BDFF222370
:109FB8000360B5E701F0B8FF21230360B0E700BFF5
:109FC800000000000000F03F08B52DED028BB0EE58
:109FD800408A01F025F8B4EE488AF1EE10FA06D668
:109FE800DFED098AB4EEE88AF1EE10FA02D4BDEC8E
:109FF800028B08BD01F098FF88EEA80ABDEC028B21
:10A008002123036008BD00BF0000000038B52DED16
:10A01800028B55EC104B00F039FE22462B462046A9
:10A028002946B0EE408AF0EE608A01F0DDFC30B9D6
:10A03800002200232046294601F0AEFC30B9B0EEDC
:10A04800480AF0EE680ABDEC028B38BD01F06CFFDF
:10A0580000220023212101601046194601F054FB1B
:10A0680041EC180BB0EE480AF0EE680ABDEC028B22
:10A0780038BD00BF000000002DE9F04F55EC114B32
:10A0880025F0004353EA040057EC106B93B012D14B
:10A09800B3198D4987F4002252419842914120D248
:10A0A80022462B463046394601F04EF841EC100B5B
:10A0B80013B0BDE8F08F854827F0004A8245B846BE
:10A0C800314613D908F1404808F5801858EA0108C4
:10A0D800E6D123197C4985F40022524198459141E3
:10A0E800DED39FED770B13B0BDE8F08FA94622466B
:10A0F80016D08342E6D8504600F0B680B8F1000F7B
:10A1080016DB002A40F0C580DFF8CCC1634540F07B
:10A11800FD83B9F1000FC0F2068547EC106BC7E765
:10A12800002EBDD15345BBD800F024845046E5E746
:10A13800DFF8A8C1634500F2E383DFF898C16345FF
:10A1480042D8002A40F01284B9F1804F33D09346A8
:10A1580047EC106B04910290009300F099FE04996B
:10A16800009B0298002953D04FEAD872013A52EA6C
:10A178000B0100F0A0800BF1FF3B5BEA020B00F043
:10A18800BA839FED4F7B8DED067BB3F1844F40F290
:10A19800A7804F4A93424F4B40F226849A4500F2DB
:10A1A800DA84B9F1000FC0F2DA84002013B0BDE8F8
:10A1B800F04F00F0A1BE32463B463046394601F02A
:10A1C80079F941EC100B73E74FEA235CACF2FF3CE2
:10A1D800BCF1140F40F38C84CCF1340C22FA0CFE41
:10A1E8000EFA0CFC944500F00185002A40F0BE836D
:10A1F800B9F1804F049102900093DCD047EC106BCA
:10A2080000F046FE0499009B0298002953D18B4622
:10A21800314A28F04041914202D0BAF1000FA3D14F
:10A22800B9F1000F07DA53EC102B2B49002001F08D
:10A238006BFA41EC100BB8F1000FBFF639AF0AF119
:10A24800404A0AF5801A5AEA0B0A40F0768453EC21
:10A25800102B1046194600F075FF02460B4601F018
:10A2680053FA41EC100B23E7002C7FF42BAF0AF1D3
:10A27800404303F5801333433FF433AF154B9A45FE
:10A2880040F22884B9F1000FC0F29F8445EC104BCE
:10A298000EE74FF0000B47EC106B0491029000930F
:10A2A80000F0F6FD0499009B02980029B0D04FEA0F
:10A2B800D872013A5FE732463B46CAE7AFF30080FF
:10A2C800000000000000F03F0000F0FF0000F07FF9
:10A2D8000000F043FFFFEF3F0000F03FFFFF3F4368
:10A2E800DB4B08EA0303002253B951EC100BD94B9E
:10A2F80001F0E0F841EC100B10EE900A6FF0340218
:10A308000315A3F2FF339A18D34B0B92C0F3130033
:10A3180040F07F56984246F4401640F3CD83CF4B29
:10A32800984240F322849FEDB47B8DED087B9FED2E
:10A33800B47B8DED047B9FEDB07B8DED107B0132FE
:10A348000B92A6F58016002753EC102B9246504628
:10A35800DDE90423314600F0F5FEB346DDE90423C8
:10A368008046894650463146CDE90CAB00F0ECFEFC
:10A3780002460B460020BA4901F0C6F98C468346CE
:10A3880063465A4640464946CDE90EBC01F092F86C
:10A398000A460146CDE90012CDE9021200210091DA
:10A3A8007610DDE900AB46F0005606F500230020E4
:10A3B800D91906460F4602460B465046594601F043
:10A3C80079F802460B464046494600F0BBFEDDE9F7
:10A3D8000423804689463046394600F0B3FE0246DB
:10A3E8000B46DDE90C0100F0ADFE52465B4601F07C
:10A3F80061F802460B464046494600F0A3FEDDE9F7
:10A408000E2301F057F8DDE90267CDE90401324671
:10A418003B463046394601F04DF87BA3D3E900238B
:10A4280006460F4601F046F879A3D3E9002300F069
:10A438008BFE32463B4601F03DF877A3D3E9002373
:10A4480000F082FE32463B4601F034F874A3D3E9AB
:10A45800002300F079FE32463B4601F02BF872A348
:10A46800D3E9002300F070FE32463B4601F022F8A3
:10A478006FA3D3E9002300F067FE32468046894681
:10A488003B463046394601F015F802460B46404631
:10A49800494601F00FF8524606460F465B46DDE98D
:10A4A800020100F051FEDDE9042301F003F8324611
:10A4B8003B4600F049FE524606460F465B4650466C
:10A4C800594600F0F7FF674B00228046894600F0A6
:10A4D8003BFE32463B46CDE90C6700F035FE0026D0
:10A4E8000F4632463B465046594600F0E3FF5D4B67
:10A4F80082468B4600223046394600F023FE42460B
:10A508004B4600F01FFE02460B46DDE90C0100F049
:10A5180019FEDDE9022300F0CDFF32468046894668
:10A528003B46DDE9040100F0C5FF02460B46404604
:10A53800494600F009FE8046894642464B46504649
:10A54800594600F001FE00263BA3D3E9002330461C
:10A558000F4600F0AFFF52465B4682468B463046B8
:10A56800394600F0EFFD02460B464046494600F0EA
:10A57800E9FD33A3D3E9002300F09CFF02460B4614
:10A588003046394616461F462FA3D3E9002300F06C
:10A5980091FF02460B463046394600F0D5FDDDE90D
:10A5A800102300F0D1FD80460B98894600F018FF73
:10A5B800424606460F464B4650465946CDE902AB41
:10A5C80000F0C2FDDDE9082300F0BEFD32463B463F
:10A5D80000F0BAFD002032463B4682468B4600F02A
:10A5E800B1FDDDE9082300F0ADFDDDE9022300F04F
:10A5F800A9FD39E0AFF30080000000000000000072
:10A60800000000000000F03FEF4E454A287ECA3F98
:10A6180065DBC9934A86CD3F01411DA96074D13FCE
:10A628004D268F515555D53FFFAB6FDBB66DDB3FE0
:10A63800033333333333E33F000000E009C7EE3F11
:10A64800FD033ADC09C7EE3FF5015B14E02F3EBE7F
:10A658000000F07F000040438E98030079B60B009D
:10A668000000F03F0000084002460B4640464946BD
:10A6780000F068FDCDE902010023CDE90045009313
:10A68800DDE900892046424629464B4600F05AFD3E
:10A6980052465B4600F00EFF224606460F462B4602
:10A6A800DDE9020100F006FF02460B463046394656
:10A6B80000F04AFD424604460D464B465046594670
:10A6C800CDE9024500F0F6FE06460F46204629462B
:10A6D8003B46324600F038FDBD4B994204460D46D4
:10A6E800884640F3238101F13F4303F5E003034328
:10A6F80040F05382A2A3D3E90023DDE9020100F070
:10A7080023FD02460B462046294614461D4632467E
:10A718003B4600F017FD02460B462046294601F04D
:10A7280059F9002840F039824FF400734344C3F3C9
:10A738000A52A84CA2F2FF321441C3F3130AC2F121
:10A748001402002004EA03014AF4801A4AFA02FAC1
:10A758000B460246B8F1000F30463946B8BFCAF179
:10A76800000A00F0EFFC02460B4606460F46DDE9FC
:10A77800020100F0E9FC4FEA0A5B0D46002482A3BF
:10A78800D3E900232046294600F094FE324680464D
:10A7980089463B462046294600F0D4FC02460B4633
:10A7A800DDE9020100F0CEFC79A3D3E9002300F033
:10A7B80081FE02460B462046294614461D4676A3CE
:10A7C800D3E9002300F076FE02460B4620462946D0
:10A7D80000F0BAFC06460F4632463B46404649461C
:10A7E80000F0B2FC42464B4604460D4600F0AAFC77
:10A7F80002460B463046394600F0A4FC2246804605
:10A8080089462B462046294600F054FE64A3D3E926
:10A81800002306460F4600F04DFE63A3D3E900234C
:10A8280000F090FC32463B4600F044FE60A3D3E9BA
:10A83800002300F089FC32463B4600F03BFE5EA355
:10A84800D3E9002300F07EFC32463B4600F032FE9E
:10A858005BA3D3E9002300F077FC32463B4600F0C7
:10A8680029FE02460B462046294600F06BFC0646A8
:10A878000F4632463B462046294600F01BFE02465C
:10A888000B463046394616461F4600224FF0804395
:10A8980000F058FC02460B463046394600F034FFBB
:10A8A800424606460F464B462046294600F002FE21
:10A8B80042464B4600F048FC02460B4630463946B5
:10A8C80000F040FC22462B4600F03CFC0B460246BA
:10A8D8004149002000F036FC0B465B44B3F5801F6D
:10A8E800C0F253811946DDE9062300F0E3FD41EC8F
:10A8F800100BFFF7DDBB9FED347B8DED067B44E449
:10A908004FF0020B002A7FF4C6AC21E4B9F1804F66
:10A918003FF451ACDFF8C8C0E1457FF418AC47EC10
:10A92800106B13B0BDE8F04F00F0B0B9DFF8B4C059
:10A9380021F00043634540F2ED80284B0B4403436C
:10A948000AD132463B4600F0FDFBDDE9022301F067
:10A9580037F800283FF4E8AEDDE9060100220023BD
:10A9680001F01AF8003818BF01201FE40491029082
:10A97800009343E4002C7FF493AB7FE4AFF30080B3
:10A98800FE822B654715973C00000000432EE63FEA
:10A99800EF39FAFE422EE63F396CA80C615C20BE06
:10A9A800D0A4BE726937663EF16BD2C541BDBB3ECD
:10A9B8002CDE25AF6A56113F93BDBE166CC1663FAB
:10A9C8003E5555555555C53F000000000000F0BFE5
:10A9D800FFFF8F400000F0FF0000F03F00346F3FA2
:10A9E8000000E03FFFCB90409A45C0F0E080A44BC8
:10A9F8009A454FF0000200F2EC8051EC100BA04B8E
:10AA080000F0A0FB8CA3D3E9002306460F4600F014
:10AA180051FD8BA3D3E90023804689463046394649
:10AA280000F048FD974B82468B4600223046394657
:10AA380000F040FD02460B4683A1D1E9000100F079
:10AA480081FB32463B4600F035FD02460B460020AE
:10AA58008D4900F077FB3246CDE900013B46304690
:10AA6800394600F027FD02460B46DDE9000100F0FB
:10AA780021FD77A3D3E9002300F01CFD02460B4615
:10AA88005046594600F05EFB06460F4632463B46A6
:10AA98004046494600F058FB002042464B46824655
:10AAA8008B4600F04FFB02460B463046394600F015
:10AAB80049FBCDE90201DFE59FED677B8DED087B62
:10AAC8009FED677B8DED047B9DED087B00278DED69
:10AAD800107B39E4B9F1000F9FED5F0BBFF6E8AAD0
:10AAE80005F1004300EE104A00EE903AFFF7E0BA95
:10AAF800002A7FF43BAFCCF1140C43FA0CFE0EFA9B
:10AB08000CFC9C4579D0DFF878C163453FF401AB74
:10AB1800FFF71ABB5C4A934200F28580DDE9002307
:10AB2800934692462AE65649002032463B4600F0B4
:10AB3800EBFD41EC100BFFF7BBBABBF1010F7FF443
:10AB4800B7AA10EE901A10EE102A01F1004343EC58
:10AB5800102BFFF7ADBAB9F1000F7FF726AB002035
:10AB680013B0BDE8F04F00F0D7B99FED3F7B8DEDF6
:10AB7800087B9FED3F7B8DED107B9FED3F7B4FF476
:10AB880080278DED047BFFF7DFBB41EC100B5046AF
:10AB980000F04AFA51EC100BA5E6DDE906010022A7
:10ABA800002300F0F9FE003818BF0120D8E7DDE9DE
:10ABB80006010022002300F0EFFE003818BF012034
:10ABC800B9F1000FBFF6F2AACAE79FED230BFFF712
:10ABD8006FBADDE90601002300F0DEFE003818BF79
:10ABE8000120B9F1000FBBDCFFF7E0BA9AB10EF013
:10ABF800010ECEF1020BFFF74EBB214A93423FF400
:10AC080088AAB9F1804F3FF4D6AA0EF0010ECEF112
:10AC1800020BFFF79DBAB9F1804F3FF4CCAA4FF071
:10AC2800020BFFF795BA1B15A3F2FE334FF48012FF
:10AC380042FA03F37AE500BF000000604715F73FCA
:10AC480044DF5DF80BAE543E555555555555D53F27
:10AC5800FE822B654715F73F00000000000000004A
:10AC6800000000000000F03F0000004003B8E23F91
:10AC780006D0CF43EBFD4C3E000000000000F83F3B
:10AC88000000F03F0000D03F0000E03F2DE9F04712
:10AC9800774855EC104BA84300F0A480002D2146BE
:10ACA8002A46234656DD2C1500F0D080C2F3130245
:10ACB800E107A4F2FF3742F4801203D4D90F01EB65
:10ACC80042025B005200002602EBD3727F105B0049
:10ACD8001624B4464FF400110CEB010090424FEAE1
:10ACE800D3754FEA430303DC00EB010C121A0E4440
:10ACF800013C05EB42024FEA5101EDD1A046202567
:10AD08004FF000400AE03CD0510001EBD371013D07
:10AD18000A464FEA43034FEA50003ED0944508EBF9
:10AD2800000EF0DABEF1000F0EEB00080CDBE14676
:10AD3800A2EB0C019E4588BF01F1FF314900CC46CA
:10AD4800A3EB0E030444E0E7B8F1000FEFDB0CF1CE
:10AD58000109EDE725F0004020433DD0002D68D1E2
:10AD6800D90A153A5B050029FAD0CE0214461846CE
:10AD78000A466CD520254FF0FF31E840641A02439B
:10AD880094E79E4502D94FEA4C01BEE7BEF1000F99
:10AD98000EEB000822DB0021D2E7194310D0DFF8C0
:10ADA800D4A0DAE90001DAE9022300F0CBF9DAE904
:10ADB800008902460B464046494600F0F7FDF8B9BF
:10ADC8006508711001F17F5101F5001101EB07537E
:10ADD80045EAC67243EC102BBDE8F087B8F1000FC6
:10ADE800B5DAD8E722462B462046294600F062FB12
:10ADF80022462B4600F0A8F941EC100BBDE8F0877D
:10AE0800B4F1FF3FDAE90001DAE902232BD000F0C0
:10AE18009BF9DAE9008902460B464046494600F0AC
:10AE2800BBFD10B3A31C04F1020508BF01366D0871
:10AE3800C7E722462B462046294600F083F90246FA
:10AE48000B4600F061FC41EC100BC5E708460023F7
:10AE58005200D502194603F10103F9D5C3F12005C3
:10AE680000FA03F389E70136ABE70134A8E700BF2E
:10AE78000000F07F5074010882B08DED000B01983E
:10AE880040F0004000F58010C00F02B0704700BFCE
:10AE980051EC100B024621F0004343EC102B704795
:10AEA80010B52DED028BB0EE408AF0EE608A0446B4
:10AEB80001F03AF8B0EE480AF0EE680ABDEC028BF1
:10AEC800046010BD00B5034683B051EC100B7BB194
:10AED800024601F10043CDE90023DDE9002300F03B
:10AEE800E9FA41EC100B222003B05DF804EBD7E738
:10AEF80002460B46EFE700BF9FED010BE2E700BFFC
:10AF080000000000000000109FED010BDAE700BF11
:10AF1800000000000000581E9FED010BD2E700BFA3
:10AF2800000000000000007000B5002283B078B176
:10AF3800084BCDE90023DDE900010022002300F0E1
:10AF4800E3FB41EC100B222003B05DF804EBA7E70C
:10AF5800014BEEE70000F0BF0000F03F38B555ECBC
:10AF6800104B2DED028B22462B462046294600F039
:10AF7800E9F802460B4600F0C7FB224641EC180BE5
:10AF88002B462046294600F02FFDB0EE480AF0EE89
:10AF9800680A28B9BDEC028B2120BDE838407FE75C
:10AFA800BDEC028B38BD00BF08B551EC100B2DED80
:10AFB800028BB0EE408AF0EE608A0022002300F097
:10AFC800E1FCB0EE480AF0EE680A10B9BDEC028B5D
:10AFD80008BDBDEC028B2220BDE8084060E700BF39
:10AFE800F8B555EC104B25F000470C4B4FF0FF32ED
:10AFF8002046394600F0F8FC38B9084B2046394657
:10B008004FF0FF3200F0D2FC10B145EC104BF8BD08
:10B0180045EC104B2220BDE8F84041E7FFFFEF7FE9
:10B02800B1EEC00A704700BF70B555EC104BC5F3C0
:10B038000A5206462B4672BB25F00043234329D00B
:10B048003B4B20462946002200F034FA394B9E42F9
:10B0580004460D4652DBC1F30A520B46363A4CF20F
:10B0680050318E4223DC164440F2FE7296421EDCBA
:10B07800002E34DC16F1350F38DB6FF31E533636ED
:10B0880043EA065520462C4B2946002200F012FAC6
:10B0980041EC100B70BD40F2FF718A42DFD12246AD
:10B0A8002046294600F050F841EC100B70BD002DE9
:10B0B80017A1D1E9000107DB15A3D3E9002300F0AC
:10B0C800F9F941EC100B70BD13A1D1E9000110A3EF
:10B0D800D3E9002300F0EEF941EC100BF3E76FF32E
:10B0E8001E5343EA065545EC104B70BD002D0CA1CC
:10B0F800D1E9000102DA0CA1D1E9000108A3D3E9E2
:10B10800002300F0D7F941EC100B70BDAFF30080BD
:10B118009C7500883CE4377E9C7500883CE437FECB
:10B1280059F3F8C21F6EA50159F3F8C21F6EA58125
:10B1380000005043B03CFFFF0000903C81F000410C
:10B1480002E000BF83F0004330B54FEA41044FEA04
:10B15800430594EA050F08BF90EA020F1FBF54EA9F
:10B16800000C55EA020C7FEA645C7FEA655C00F03B
:10B17800E2804FEA5454D4EB5555B8BF6D420CDD0C
:10B188002C4480EA020281EA030382EA000083EA8F
:10B19800010180EA020281EA0303362D88BF30BD2F
:10B1A80011F0004F4FEA01314FF4801C4CEA113185
:10B1B80002D0404261EB410113F0004F4FEA0333E4
:10B1C8004CEA133302D0524263EB430394EA050F6F
:10B1D80000F0A780A4F10104D5F1200E0DDB02FADE
:10B1E8000EFC22FA05F2801841F1000103FA0EF272
:10B1F800801843FA05F359410EE0A5F120050EF138
:10B20800200E012A03FA0EFC28BF4CF0020C43FA68
:10B2180005F3C01851EBE37101F0004507D54FF075
:10B22800000EDCF1000C7EEB00006EEB0101B1F5C5
:10B23800801F1BD3B1F5001F0CD349085FEA30000B
:10B248004FEA3C0C04F101044FEA445212F5800F16
:10B2580080F09A80BCF1004F08BF5FEA500C50F1B3
:10B26800000041EB045141EA050130BD5FEA4C0C96
:10B27800404141EB0101013C28BFB1F5801FE9D2F3
:10B2880091F0000F04BF01460020B1FA81F308BF16
:10B298002033A3F10B03B3F120020CDA0C3208DDE2
:10B2A80002F1140CC2F10C0201FA0CF021FA02F1BD
:10B2B8000CE002F11402D8BFC2F1200C01FA02F12D
:10B2C80020FA0CFCDCBF41EA0C019040E41AA2BF52
:10B2D80001EB0451294330BD6FEA04041F3C1CDA1A
:10B2E8000C340EDC04F11404C4F1200220FA04F03A
:10B2F80001FA02F340EA030021FA04F345EA0301E4
:10B3080030BDC4F10C04C4F1200220FA02F001FAA5
:10B3180004F340EA0300294630BD21FA04F0294627
:10B3280030BD94F0000F83F4801306BF81F48011C0
:10B338000134013D4EE77FEA645C18BF7FEA655C33
:10B3480029D094EA050F08BF90EA020F05D054EA05
:10B35800000C04BF1946104630BD91EA030F1EBF0A
:10B368000021002030BD5FEA545C05D1400049410E
:10B3780028BF41F0004130BD14F580043CBF01F501
:10B38800801130BD01F0004545F0FE4141F47001E7
:10B398004FF0000030BD7FEA645C1ABF19461046C2
:10B3A8007FEA655C1CBF0B46024650EA013406BFC3
:10B3B80052EA033591EA030F41F4002130BD00BF82
:10B3C80090F0000F04BF0021704730B54FF480643F
:10B3D80004F132044FF000054FF0000150E700BFC0
:10B3E80090F0000F04BF0021704730B54FF480641F
:10B3F80004F1320410F0004548BF40424FF000010C
:10B408003EE700BF42004FEAE2014FEA31014FEA4E
:10B4180002701FBF12F07F4393F07F4F81F060519D
:10B42800704732F07F4208BF704793F07F4F04BFE8
:10B4380041F40021704730B54FF4607401F00045C5
:10B4480021F000411CE700BF50EA010208BF704725
:10B4580030B54FF000050AE050EA010208BF704716
:10B4680030B511F0004502D5404261EB41014FF47F
:10B47800806404F132045FEA915C3FF4D8AE4FF087
:10B4880003025FEADC0C18BF03325FEADC0C18BF6A
:10B49800033202EBDC02C2F1200300FA03FC20FABB
:10B4A80002F001FA03FE40EA0E0021FA02F1144408
:10B4B800BDE600BF70B54FF0FF0C4CF4E06C1CEA21
:10B4C80011541DBF1CEA135594EA0C0F95EA0C0F92
:10B4D80000F0DEF82C4481EA030621EA4C5123EA05
:10B4E8004C5350EA013518BF52EA033541F4801134
:10B4F80043F4801338D0A0FB02CE4FF00005E1FBE7
:10B5080002E506F00042E0FB03E54FF00006E1FB30
:10B5180003569CF0000F18BF4EF0010EA4F1FF0473
:10B52800B6F5007F64F5407404D25FEA4E0E6D41B3
:10B5380046EB060642EAC62141EA55514FEAC520C4
:10B5480040EA5E504FEACE2EB4F1FD0C88BFBCF540
:10B55800E06F1ED8BEF1004F08BF5FEA500E50F1F1
:10B56800000041EB045170BD06F0004646EA0101B7
:10B5780040EA020081EA0301B4EB5C04C2BFD4EBE9
:10B588000C0541EA045170BD41F480114FF0000EE2
:10B59800013C00F3AB8014F1360FDEBF002001F050
:10B5A800004170BDC4F10004203C35DA0C341BDCCA
:10B5B80004F11404C4F1200500FA05F320FA04F09C
:10B5C80001FA05F240EA020001F0004221F00041D0
:10B5D80010EBD37021FA04F642EB06015EEA430E43
:10B5E80008BF20EAD37070BDC4F10C04C4F1200573
:10B5F80000FA04F320FA05F001FA04F240EA020026
:10B6080001F0004110EBD37041F100015EEA430EF6
:10B6180008BF20EAD37070BDC4F1200500FA05F216
:10B628004EEA020E20FA04F301FA05F243EA020395
:10B6380021FA04F001F0004121FA04F220EA0200A4
:10B6480000EBD3705EEA430E08BF20EAD37070BDEA
:10B6580094F0000F0FD101F00046400041EB0101CA
:10B6680011F4801F08BF013CF7D041EA060195F0AC
:10B67800000F18BF704703F00046520043EB030366
:10B6880013F4801F08BF013DF7D043EA0603704753
:10B6980094EA0C0F0CEA135518BF95EA0C0F0CD05E
:10B6A80050EA410618BF52EA4306D1D181EA0301A4
:10B6B80001F000414FF0000070BD50EA410606BF9E
:10B6C8001046194652EA430619D094EA0C0F02D1E3
:10B6D80050EA013613D195EA0C0F05D152EA033628
:10B6E8001CBF104619460AD181EA030101F0004146
:10B6F80041F0FE4141F470014FF0000070BD41F08F
:10B70800FE4141F4780170BD70B54FF0FF0C4CF468
:10B71800E06C1CEA11541DBF1CEA135594EA0C0F87
:10B7280095EA0C0F00F0A7F8A4EB050481EA030ED4
:10B7380052EA03354FEA013100F088804FEA0333BB
:10B748004FF0805545EA131343EA12634FEA022289
:10B7580045EA111545EA10654FEA00260EF000414A
:10B768009D4208BF964244F1FD0404F5407402D29C
:10B778005B084FEA3202B61A65EB03055B084FEA2D
:10B7880032024FF480104FF4002CB6EB020E75EB2A
:10B79800030E22BFB61A754640EA0C005B084FEA52
:10B7A8003202B6EB020E75EB030E22BFB61A7546CF
:10B7B80040EA5C005B084FEA3202B6EB020E75EB1A
:10B7C800030E22BFB61A754640EA9C005B084FEA92
:10B7D8003202B6EB020E75EB030E22BFB61A75469F
:10B7E80040EADC0055EA060E18D04FEA051545EA8E
:10B7F80016754FEA06164FEAC30343EA52734FEA37
:10B80800C2025FEA1C1CC0D111F4801F0BD141EAAF
:10B8180000014FF000004FF0004CB6E711F4801F14
:10B8280004BF01430020B4F1FD0C88BFBCF5E06FF4
:10B838003FF6AFAEB5EB030C04BFB6EB020C5FEA04
:10B84800500C50F1000041EB045170BD0EF0004E59
:10B858004EEA113114EB5C04C2BFD4EB0C0541EA8B
:10B86800045170BD41F480114FF0000E013C90E688
:10B8780045EA060E8DE60CEA135594EA0C0F08BF4C
:10B8880095EA0C0F3FF43BAF94EA0C0F0AD150EA4B
:10B8980001347FF434AF95EA0C0F7FF425AF1046DE
:10B8A80019462CE795EA0C0F06D152EA03353FF406
:10B8B800FDAE1046194622E750EA410618BF52EA83
:10B8C80043067FF4C5AE50EA41047FF40DAF52EA57
:10B8D80043057FF4EBAE12E74FF0FF3C06E000BFF4
:10B8E8004FF0010C02E000BF4FF0010C4DF804CD01
:10B8F8004FEA410C7FEA6C5C4FEA430C18BF7FEAC1
:10B908006C5C1BD001B050EA410C0CBF52EA430CEE
:10B9180091EA030F02BF90EA020F0020704710F16E
:10B92800000F91EA030F58BF994208BF90422CBFFD
:10B93800D8176FEAE37040F0010070474FEA410CF6
:10B948007FEA6C5C02D150EA013C07D14FEA430C14
:10B958007FEA6C5CD6D152EA033CD3D05DF8040B85
:10B96800704700BF8446104662468C4619466346B7
:10B9780000E000BF01B5FFF7B7FF002848BF10F18E
:10B98800000F01BD4DF808EDFFF7F4FF0CBF0120D3
:10B9980000205DF808FB00BF4DF808EDFFF7EAFF4F
:10B9A80034BF012000205DF808FB00BF4DF808ED0A
:10B9B800FFF7E0FF94BF012000205DF808FB00BFFF
:10B9C8004DF808EDFFF7CEFF94BF012000205DF889
:10B9D80008FB00BF4DF808EDFFF7C4FF34BF012096
:10B9E80000205DF808FB00BF4FEA410C7FEA6C5C61
:10B9F80002D150EA013C0AD14FEA430C7FEA6C5C61
:10BA080002D152EA033C02D14FF0000070474FF0D8
:10BA1800010070474FEA410212F5001215D211D504
:10BA28006FF47873B3EB625212D94FEAC12343F033
:10BA3800004343EA505311F0004F23FA02F018BFB5
:10BA4800404270474FF00000704750EA013005D17E
:10BA580011F0004008BF6FF0004070474FF0000041
:10BA6800704700BF4A0011D212F5001211D20DD54D
:10BA78006FF47873B3EB62520ED44FEAC12343F0EC
:10BA8800004343EA505323FA02F070474FF0000096
:10BA9800704750EA013002D14FF0FF3070474FF045
:10BAA800000070474FEA4102B2F1E04324BFB3F50A
:10BAB800001CDCF1FE5C0DD901F0004C4FEAC0021D
:10BAC8004CEA5070B2F1004F40EB830008BF20F001
:10BAD8000100704711F0804F21D113F13872BCBFBB
:10BAE80001F00040704741F480114FEA5252C2F110
:10BAF8001802C2F1200C10FA0CF320FA02F018BF59
:10BB080040F001004FEAC1234FEAD32303FA0CFCAB
:10BB180040EA0C0023FA02F34FEA4303CCE77FEA3A
:10BB2800625307D150EA01331EBF4FF0FE4040F484
:10BB38004000704701F0004040F0FE4040F4000033
:10BB4800704700BF53B94AB9002908BF00281CBF75
:10BB58004FF0FF314FF0FF3000F06AB9ADF1080C3B
:10BB68006DE904CE00F006F8DDF804E0DDE9022313
:10BB780004B070472DE9F047089D0E4604460F466D
:10BB8800002B4AD194468C45B2FA82F260D942B170
:10BB9800C2F12003974020FA03F30CFA02FC1F437A
:10BBA80094404FEA1C4E1FFA8CF6B7FBFEF1230CAB
:10BBB8000EFB117743EA074301FB06F098420AD9C6
:10BBC8001CEB030301F1FF3780F01581984240F226
:10BBD8001281023963441B1AA4B2B3FBFEF00EFBB8
:10BBE800103344EA034400FB06F6A6420AD91CEBCC
:10BBF800040400F1FF3380F00081A64240F2FD808A
:10BC08006444023840EA0140A41B00211DB1D4401D
:10BC18000023C5E90043BDE8F0878B4205D90DB183
:10BC2800C5E9000100210846F5E7B3FA83F10029C8
:10BC380046D1B34202D3824200F2F580841A66EB01
:10BC4800030201201746002DE5D0C5E90047E2E7C9
:10BC5800002A40F09380A1EB0C034FEA1C471FFA1F
:10BC68008CFE0121B3FBF7F607FB1630230C43EAE1
:10BC780000430EFB06F0984208D91CEB030306F1BB
:10BC8800FF3802D2984200F2D08046461B1AA4B26E
:10BC9800B3FBF7F007FB103344EA03440EFB00FE46
:10BCA800A64508D91CEB040400F1FF3302D2A645CF
:10BCB80000F2B6801846A4EB0E0440EA0640A5E759
:10BCC800C1F120078B4022FA07FC4CEA030C06FA64
:10BCD80001FE20FA07F426FA07F344EA0E0400FAF4
:10BCE80001F84FEA1C404FEA1449B3FBF0FE1FFA73
:10BCF8008CF600FB1E3349EA03430EFB06F999450F
:10BD080002FA01F20BD91CEB03030EF1FF3A80F0A3
:10BD18008580994540F28280AEF1020E6344A3EB20
:10BD28000909A4B2B9FBF0F300FB139944EA0944EA
:10BD380003FB06F6A64208D91CEB040403F1FF3006
:10BD480068D2A64266D9023B644443EA0E40A41B6B
:10BD5800A0FB02E6B4427346B14652D34FD05DB160
:10BD6800B8EB030264EB090404FA07F722FA01F3BB
:10BD78001F43CC40C5E9007400214CE7C2F1200103
:10BD880020FA01F30CFA02FC26FA01F1964033433B
:10BD98004FEA1C471FFA8CFEB1FBF7F007FB1016A1
:10BDA800190C41EA064100FB0EF68E4204FA02F431
:10BDB80008D91CEB010100F1FF382DD28E422BD996
:10BDC80002386144891B9BB2B1FBF7F607FB1611D9
:10BDD80043EA014306FB0EF1994208D91CEB030321
:10BDE80006F1FF3814D2994212D9023E63445B1A15
:10BDF80046EA004136E73946EDE6184602E7F045DF
:10BE0800ADD2BEEB020366EB0C060138B146A6E7DD
:10BE18004646ECE7034698E74046D3E7D6467EE732
:10BE28006444023847E708460DE7023E63442DE7BD
:10BE3800704700BF70B50F4B0F4DAB42A3EB050623
:10BE480007D0B610002455F8043B01349847A642A1
:10BE5800F9D80BF0E7F9094D094B5E1BAB424FEAE5
:10BE6800A60606D0002455F8043B01349847A6429C
:10BE7800F9D870BD689701086897010868970108A4
:10BE88006C970108830730B547D0541E002A3ED06E
:10BE9800CAB2034601E0013C39D303F8012B9D07E0
:10BEA800F9D1032C2CD9CDB205EB05250F2C05EBC8
:10BEB800054535D9A4F1100222F00F0C03F1100E3C
:10BEC800E6444FEA121C1A46C2E90055C2E9025577
:10BED80010327245F8D10CF1010214F00C0F03EB8B
:10BEE800021204F00F0C13D0ACF1040323F0030387
:10BEF8000433134442F8045B9342FBD10CF003046F
:10BF08002CB1C9B21C4403F8011BA342FBD130BDBC
:10BF180064461346002CF4D1F9E703461446C0E7FB
:10BF28001A46A446E0E700BF014B1868704700BFF7
:10BF380000000020844641EA000313F003036DD19A
:10BF4800403A41D351F8043B40F8043B51F8043BD4
:10BF580040F8043B51F8043B40F8043B51F8043BDB
:10BF680040F8043B51F8043B40F8043B51F8043BCB
:10BF780040F8043B51F8043B40F8043B51F8043BBB
:10BF880040F8043B51F8043B40F8043B51F8043BAB
:10BF980040F8043B51F8043B40F8043B51F8043B9B
:10BFA80040F8043B51F8043B40F8043B51F8043B8B
:10BFB80040F8043B51F8043B40F8043B51F8043B7B
:10BFC80040F8043B403ABDD2303211D351F8043B1B
:10BFD80040F8043B51F8043B40F8043B51F8043B5B
:10BFE80040F8043B51F8043B40F8043B103AEDD2CA
:10BFF8000C3205D351F8043B40F8043B043AF9D21B
:10C00800043208D0D2071CBF11F8013B00F8013BED
:10C0180001D30B8803806046704700BF082A13D3FA
:10C028008B078DD010F003038AD0C3F10403D21A12
:10C03800DB071CBF11F8013B00F8013B80D331F846
:10C04800023B20F8023B7BE7043AD9D3013A11F8C6
:10C05800013B00F8013BF9D20B7803704B78437031
:10C068008B78837060467047032A30B415D941EA4B
:10C078000004A40784460B4604D0541E0FE0043A7B
:10C08800032A08D91946604653F8044B5CF8045B48
:10C09800A542F4D0F1E760461946541E7AB1431E12
:10C0A8000139021901E09A4209D013F8010F11F879
:10C0B80001CF6045F7D0A0EB0C0030BC70470020E2
:10C0C80030BC7047DFF834D000F026F80C480D4932
:10C0D8000D4A002302E0D458C4500433C4188C42DB
:10C0E800F9D30A4A0A4C002301E013600432A24241
:10C0F800FBD3FFF79FFE01F06FFCFEE700A00020D6
:10C1080000000020680000207097010868000020E7
:10C11800E0520020FEE70000034AD2F8883043F4DA
:10C128007003C2F88830704700ED00E0000000009E
:10C138002DE9F04F2DED088BB0F84030ADF60C5DD1
:10C14800044606468B46180B03F00F01C3F303158C
:10C15800C3F30323069334F8423F07931E3006F1D6
:10C168004E070AAA8C4634F8023F103203F00F013A
:10C1780042F8101CC3F3031142F80C1CBC42C3F371
:10C1880003214FEA133342F8081C42F8043CEAD171
:10C1980021AC09AB61460994984653F8042F072A45
:10C1A800C4BF103A1A60A342F7D106F15E0C22AA66
:10C1B80037F8023F103203F00F0442F8104CC3F373
:10C1C800031442F80C4CBC45C3F303244FEA133361
:10C1D80042F8084C42F8043CEAD121AB41AF53F88D
:10C1E800042F072AC4BF103A1A609F42F7D10123CF
:10C1F8008B4007EE903AF8EEE78AFFF7E1F89FEDFB
:10C208007AAB42AC06F17E0C002241EC190B9FED93
:10C218007EBA019502940BF580596546434614464B
:10C2280053F8042F0699059302FA01FA079ACDE903
:10C238000345924442AA089202EB840822AE2F4694
:10C2480037F8023F019AB0EE491AF0EE691AC3F3C3
:10C25800051307EE903AB0EE4A0AF0EE6A0A56F86D
:10C26800043BF8EEE77A93405344B3EE0F7AF4EECA
:10C27800C77A08EE103AF1EE10FAC8BF77EECB7A1B
:10C28800B8EEC88AA8EEA78AFDF726FED9ED956A0A
:10C2980099ED947ADBED067A37EE267A55EC104B59
:10C2A80018EE100A27EEC78AFFF7ACF822462B468D
:10C2B800FFF72AFAFFF7F6FB07EE900AB6EE007AC8
:10C2C800E8EE077A17EE900AFFF79CF80B4602464D
:10C2D80047A1D1E90001FFF717FAFFF7E3FB029B3B
:10C2E80048F8040B9E42ABD1DDE90345059B099A4A
:10C2F800934205F1400504F1200491D19DED428A55
:10C3080043AB0DF60858F3EC017AF4EE487AF1EEF7
:10C3180010FAC8BFB0EE678A4345F4D118EE100A88
:10C32800FFF770F834A3D3E90023FFF735FB814604
:10C33800002853D030A5D5E900454FF0000938EE64
:10C34800088A09F1010918EE100AFFF75BF822467E
:10C358002B465FFA89F9FFF71FFB0028EFD1484603
:10C36800FFF72EF841EC180B9FED1F9B0BF1480AC5
:10C37800CDF804B0254FCB46C146DDF82080002615
:10C38800B0EE481AF0EE681AB0EE490AF0EE690A03
:10C3980058F8044BFDF7A0FD204655EC104BFFF76D
:10C3A80031F822462B46FFF785F8FFF77BFBFFF7AE
:10C3B80029F832463B46FEF7C7FEFFF753FBC84550
:10C3C8002AF8020FDCD1D946DDF804B08BF84A967A
:10C3D8000DF60C5DBDEC088BBDE8F08F9FED088B6A
:10C3E800C2E700BFAFF3008000000000000000407B
:10C3F8008DEDB5A0F7C6B03E9A999999D9FFDF405F
:10C408000000000000000000000080420000E03F43
:10C418002DE9F04F83462DED088B9BF96D30B0F870
:10C428006E00BBF86C4008EE103AADF61C4D18EEE5
:10C43800102A002362F307030291010A61F30F2314
:10C44800BBF8702064F317430DF1140A60F31F63FF
:10C4580002F00F01CAF8003001238B4007EE903A32
:10C46800C2F3031202F10800B8EEE7BAFEF7A8FF1C
:10C478009FED75AB06AE002541EC190B0BF1BE0B19
:10C48800F2EE00BAB1460396A84608F101074D46F8
:10C49800CDF80490ABF14004F0EE088AB94605E007
:10C4A8001AF9033008EE103A09F1010934F8023F8D
:10C4B800B0EE491AF0EE691AC3F3420307EE903A58
:10C4C800B0EE4A0AF0EE6A0AF8EEE77AB8EEC88AE1
:10C4D800F4EEE87AF1EE10FAC8BF77EEEB7AABEE3D
:10C4E800278AFDF7F9FC57EC106B18EE100AFEF7D7
:10C4F80089FF32463B46FFF707F9FFF7D3FAC9F33E
:10C50800401209F00103A34545F8040B03EB42036D
:10C51800C6D1DDF8049008F12008B8F5407F0BF18A
:10C52800400B09F1800906D0C8F340131AF91330FB
:10C5380008EE103AA9E79DED068A039E07ABB0EE18
:10C54800C88A0DF61847F3EC017AF0EEE77AF4EEB4
:10C55800487AF1EE10FAC8BFB0EE678ABB42F2D152
:10C5680018EE100AFEF74EFF3BA3D3E90023FFF7AE
:10C5780013FA8246002864D037A5D5E900454FF064
:10C58800000A38EE088A0AF1010A18EE100AFEF7C6
:10C5980039FF22462B465FFA8AFAFFF7FDF9002891
:10C5A800EFD15046FEF70CFF41EC180B029BDFF869
:10C5B800B0909FED259B03F64B4B4FF000080CE025
:10C5C800FEF720FF42464B46FEF7BEFDFFF722FA74
:10C5D800BE4240B20BF8010F2AD0B0EE481AF0EE76
:10C5E800681AB0EE490AF0EE690A56F8044BFDF7EE
:10C5F80073FC204655EC104BFEF704FF22462B46F1
:10C60800FEF758FFFFF74EFA07EE900AF5EEC07AEC
:10C61800F1EE10FAD4D5FEF7F5FE42464B46FEF78A
:10C6280091FDFFF7F7F9BE4240B20BF8010FD4D1E4
:10C63800029B83F84CAF0DF61C4DBDEC088BBDE892
:10C64800F08F9FED038BB1E7000000000000004071
:10C6580000000000000000003333333333B34F4091
:10C668000000E03F000000002DE9F04F2DED048BA5
:10C67800B0F86830ADF6144D1C0BB3F5004F0DF152
:10C688000C09019128BF103CC3F303211D0548BFC5
:10C698001039024689F802101806C3F3031148BF7F
:10C6A8001039B2F8700089F8011003F00F011B0768
:10C6B80048BF103964B289F8004089F80310C0F304
:10C6C8000320FEF77DFE9FED669B41EC180B0DF1F4
:10C6D800100A0DF190084FF0000BA8F180070BF13C
:10C6E800010602E019F903400136B0EE481AF0EEEF
:10C6F800681AB0EE490AF0EE690AFDF7EDFB07EE9D
:10C70800904AF8EEE77A55EC104B17EE900AFEF7D0
:10C7180079FE22462B46FEF7F7FFFFF7C3F947F8E5
:10C72800040BC6F3401206F00103B84503EB4203BD
:10C73800D8D108F180080DF5496343450BF1200B6A
:10C7480004D0CBF3401319F91340C6E79DED048AD2
:10C7580005ABB0EEC88A0DF54168F3EC017AF0EE4E
:10C76800E77AF4EE487AF1EE10FAC8BFB0EE678ABD
:10C778009845F2D118EE100AFEF744FE3DA3D3E91E
:10C788000023FFF709F98346002864D039A5D5E9C5
:10C7980000454FF0000B38EE088A0BF1010B18EE3C
:10C7A800100AFEF72FFE22462B465FFA8BFBFFF797
:10C7B800F3F80028EFD15846FEF702FE41EC180BBB
:10C7C800019B2B4F9FED269B03F64C7900260CE02E
:10C7D800FEF718FE32463B46FEF7B6FCFFF71AF99D
:10C7E800D04540B209F8010F2AD0B0EE481AF0EE51
:10C7F800681AB0EE490AF0EE690A5AF8044BFDF7D8
:10C808006BFB204655EC104BFEF7FCFD22462B46F1
:10C81800FEF750FEFFF746F907EE900AF5EEC07AEC
:10C82800F1EE10FAD4D5FEF7EDFD32463B46FEF7A1
:10C8380089FCFFF7EFF8D04540B209F8010FD4D1D1
:10C84800019B03F5805383F84DB20DF6144DBDECF2
:10C85800048BBDE8F08F9FED048BB1E7AFF3008048
:10C868000000000000000040000000000000000080
:10C878000000E03F3333333333B34F400B464FF4BC
:10C8880050724FF4105104F009BE00BF10B582B0C9
:10C898000DF10603012248F20D01044604F0FEFDE5
:10C8A80008B102B010BDBDF8062048F20D0142F4EF
:10C8B80000422046ADF8062004F032FE0028F0D1F0
:10C8C80004F0D4FD0028ECD10DF10603012248F252
:10C8D8000D01204604F0E2FD0028E2D1BDF9063042
:10C8E800002BB8BF6FF00800DBE700BF70B5054646
:10C8F800A2B00E4644F6206406E0BDF806301A07DA
:10C9080010D4002C00F09D800DF1060301224FF495
:10C918000041284604F0C2FD013CA4B20028ECD036
:10C9280022B070BD30224FF40041284604F0F8FDD3
:10C93800431CF5D033464FF440724FF480612846CB
:10C9480004F0ACFD0028EBD102AB40224FF4E061CB
:10C95800284604F0A3FD0028E2D101AB01222846B5
:10C9680048F20D0104F09AFDBDF80640BDF8043008
:10C97800A6F8803604F00104A6F882460028CFD134
:10C98800BDF8083047F6FF718B4248D00DF1160309
:10C998000BA833F8022F8A4241D08342F9D1BDF85F
:10C9A80030308B423BD0BDF832308B4237D0BDF8A7
:10C9B80034308B4233D00DF1360312A847F6FF719D
:10C9C80033F8022F8A422AD08342F9D10DF1560357
:10C9D8001BA847F6FF7133F8022F8A421FD0834203
:10C9E800F9D1BDF870308B4219D0BDF872308B4246
:10C9F80015D0BDF874308B4211D00DF176030DF1CE
:10CA0800860047F6FF7133F8022F8A4207D0984212
:10CA1800F9D1802202A906F5C060FFF78BFA00233E
:10CA280047F6FF7102E00133182B0ED09A01B25A73
:10CA38008A42F8D103F00102A242F4D16FF0070054
:10CA48006EE76FF0090022B070BD204668E700BFAE
:10CA58002DE9F04FB0F8663090F96720DFEDE06A15
:10CA680063F0FF035B015201A3F500532DED028B28
:10CA78000A804B80B0F864309A0A07EE902AF8EEE4
:10CA8800E77AB3EE0F7AF4EEC77AF1EE10FAC8BF80
:10CA98009FEDDA7AC3F30903C8BF77EEC77A07EECA
:10CAA800103AB8EEC78A9FEDCF7AB4EEC78A074628
:10CAB800F1EE10FA008CC8BF9FEDCB7AB7F8625040
:10CAC800BFB000F470400C4667EEA68AC8BF38EEC7
:10CAD800478AFEF785FCC54B0022FEF7EBFCC44BEA
:10CAE8000022FEF731FBFEF7DDFFA581B7F86030C5
:10CAF800A382B7F87830C4ED018AB4EE007A43F324
:10CB0800072328EE078A07EE103A97F97830206154
:10CB180007EE903AB7F8703084ED028AC3F3013318
:10CB280084F824304FF6D872B7F87E302264B7F80C
:10CB38007E20C3F30133C2F30312A4F8442003EBAD
:10CB48008303B7F87E105B0012FB03F292B2C1F3C5
:10CB58000321A4F8442001FB03234FF4C872A4F86E
:10CB68004630A4F84820B7F87E0097F97A30B7F82D
:10CB78007A10B7F87C2000F00F00FAEEED7A05EE97
:10CB8800103A08300123834041F3072106EE901A3A
:10CB9800C4ED067A07EE903A97F97C30B7F874102E
:10CBA800B7F84000B7F8728042F30722B8EEE66A99
:10CBB80005EE903A06EE902AF8EEE55AF8EEE66AA7
:10CBC800F8EEE77AB8EEC55AC6EE274A894BE36312
:10CBD8008D05C1F3090348BFA3F580634FEA91228D
:10CBE80048BF9BB2B1F5004F24BF403A92B21EB283
:10CBF80013441DB285EE274AC8F30903000B1B3006
:10CC08004FEA982885EEA75A86EEA76A08EE103AEA
:10CC1800DFED747A84ED0B4AB8EEC88ABAEEE97A89
:10CC2800B4EEE78AF1EE10FAC8BFDFED6F7AC4ED13
:10CC38000C4A84ED0D5A84ED0E6A84ED0A7AC8BF59
:10CC480038EE678AFEF7BCFB9FED630B41EC110BD6
:10CC5800FDF742F95BEC10AB18EE100AFEF7D2FBB9
:10CC680052465B46FEF750FDFEF71CFF07EE908A22
:10CC7800F8EEE77AB3EE0F7AF4EEC77AF1EE10FA2F
:10CC8800C8BF9FED5E7AB7F87090B7F87680C8BFD6
:10CC980077EEC77A08EE900A9FED577AC9F303102A
:10CCA800B7EE008A0830A7EE878AFEF789FB9FED6A
:10CCB8004A0B41EC110BFDF70FF94FFA88F007EE1C
:10CCC800900AF8EEE77A5BEC10AB17EE900AFEF7E5
:10CCD80099FB52465B46FEF717FDFEF7E3FE20621E
:10CCE800C9F30320FEF76CFB9FED3B0B41EC110BE6
:10CCF800FDF7F2F848F3072007EE900AF8EEE77A16
:10CD080059EC108B17EE900AFEF77CFB4B46424617
:10CD1800FEF7FAFCFEF7C6FE04F5805A28EE888A6C
:10CD2800E0612146AAF858623846CAED948A8AED2D
:10CD3800958AAAF85A52FFF7FBF93E8C394606F055
:10CD48000F03019331F8229FC6F303130293C6F32E
:10CD5800032607F12E0006AA31F8023F103203F02D
:10CD68000F0542F8105CC3F3031542F80C5C8842C7
:10CD7800C3F303254FEA133342F8085C42F8043C36
:10CD8800EAD105AA1DAD134653F8041F0729C4BFED
:10CD9800103919609D42F7D107F13E0C1EA996463D
:10CDA80030F8023F103103F00F0241F8102CC3F3A2
:10CDB800031241F80C2C8445C3F303224FEA1333C2
:10CDC80041F8082C41F8043CEAD172461DAB3DA855
:10CDD8001AE000BFAFF30080000000000000004030
:10CDE800000080390080FF43000080440000103FAD
:10CDF8000000204017B751B90000003C00008042F5
:10CE08000000803D0000004253F8041F0729C4BFFA
:10CE1800103919609842F7D107F17E083EABCDE989
:10CE2800043804F24A604146BB4652F8043FB34016
:10CE38004B449BB286461EAF8C4600933CF8028F4B
:10CE4800B8F5004F4FEA9823A3F1400838BF0FFA0E
:10CE580083F8019B28BF0FFA88F808FA03F30393B5
:10CE680057F8048B029B08FA03F8009B9844039B2D
:10CE78009844049B2EF8028F9F42DFD1954201F11E
:10CE8800400100F14000D0D121465846DDF8148019
:10CE9800FFF7BEFA21465846FFF7E6FBBBF86A30B3
:10CEA800BBF8142003F03F0107EE901AF8EEE77A7A
:10CEB800B3EE0F7AF4EEC77AF1EE10FAC4BF1FEDA5
:10CEC800317A77EEC77A1FED327AC3F3841167EEB1
:10CED800876A07EE101AB8EEC77AB2EE0E6AB4EE99
:10CEE800C67AF1EE10FAC8BF5FED3A7A4FEAD3235B
:10CEF800C8BF37EE677A07EE903AF8EEE77AB2EEF7
:10CF08000E6AF4EEC67AF1EE10FAC4BF1FED436A5A
:10CF180077EEC67A6FEA1212F6EE005AB4EE006A9D
:10CF280041F2682302F0800227EE257A67EE867ABE
:10CF380084F82520E5184FF0FF32CAED976A8AED8C
:10CF4800987ACAED997AE25000236A60AA60EA608A
:10CF58002A611E46184640F2FF2E38F8022F00F6C6
:10CF6800341C471C99B24AB9714524F81C10B8B250
:10CF78001ED0052800F0BA800133EEE706F6381710
:10CF8800D20704EB470706F1010C0FD573457980EA
:10CF98001FFA8CF603F1010344D0052EDDD16FF0A2
:10CFA80003003FB0BDEC028BBDE8F08F7145E3D1C3
:10CFB800052800F09B808319042B00F39180C0BBE7
:10CFC800002E00F0878004F5935804F5935E01273E
:10CFD80008F110080EF1120EB7423A461BDA38F87B
:10CFE80017C04FEA5C190CF01F0C3EF812304FEADC
:10CFF800531AA9EB5311A3EB4A1301319BB2ACEBC3
:10D008000303022902F1010203F1010301D8022BF3
:10D0180069D9B242E9DB01377B1E9BB29E42DBD85D
:10D02800A8BB57E0052EBAD08319042B58DC00287A
:10D03800C9D000F1010904F593581FFA89F908F1DC
:10D0480006084FF0010E864572461ADA38F81E7047
:10D058004FEA571C07F01F0735F812304FEA531AEA
:10D06800ACEB5311A3EB4A1301319BB2FB1A022913
:10D0780002F1010203F1010301D8022B33D98242E4
:10D08800EADB0EF1010EF145DDD1002E9BD104F54E
:10D098009354103405EB400004EB4607E6B12988A9
:10D0A80026464FEA511C01F01F0136F8022F53099A
:10D0B800A2EB4313ACEB52129BB20132CB1A022AF9
:10D0C80003F1010301D8022B0DD9BE42EDD102357F
:10D0D8008542E4D1002064E702358542FCD1F9E7B6
:10D0E8006FF004005DE76FF005005AE76FF002008B
:10D0F80057E700BF00000000F8B52DED028BB0F82F
:10D108008066054691F824009FED258B0C46FEF7B6
:10D1180057F9B0EE480AF0EE680A41EC110BFCF73B
:10D12800DBFEC6F38126304657EC106BFEF748F954
:10D13800B0EE480AF0EE680A41EC110BFCF7CCFEA1
:10D14800B5F9541653EC102B08EE101A3046394630
:10D15800FEF7DAFAFEF7A6FCB4F9023007EE903AC9
:10D1680006EE900AB4F90030B8EEC88AF8EEE77A0D
:10D1780007EE103AD8EE267AB8EEC77AC7EE877A65
:10D1880017EE900AFEF73EF907A3D3E90023FDF74F
:10D19800DBFFFEF787FCBDEC028B00EE100AF8BD42
:10D1A80000000000000000406666666666660A4089
:10D1B8002DE9F84305460C46FFF79EFFB5F94036C2
:10D1C80094ED046ADFED2A6A07EE103AB5F90036E5
:10D1D80007EE903AB8EEC77AF8EEE77A10EE105AF2
:10D1E800E7EE067A87EE276A66EE267A17EE900A49
:10D1F800FEF708F9064660680F46FEF703F9804611
:10D2080028468946FEF7FEF817A3D3E90023FDF761
:10D2180099FF02460B4640464946FEF74BF9154B27
:10D228000022FDF791FF02460B4630463946FEF7CD
:10D238006BFA0646A0890F46FEF7D2F802460B465F
:10D2480030463946FDF77EFFFEF72CFC94ED027A56
:10D2580006EE900A86EE870AF3EE097A30EE270A80
:10D26800BDE8F883AFF300806666666666660A40C6
:10D27800000080480000F03F2DE9F04F2DED0E8BA7
:10D2880093B0B0F8823603938A4610EE904A064669
:10D2980090460F90F0EE409AFFF72EFF3046514629
:10D2A80010EE105AFFF784FF10EE100AB0EE409A05
:10D2B800FEF7A8F892A3D3E90023FDF745FFFEF790
:10D2C800F1FB08EE100A2046FEF79CF88CA3D3E980
:10D2D8000023FDF739FFFEF7E5FB08EE900A68EE3C
:10D2E800A88A28EE088A68EEA88A9AF84C0FB0EE49
:10D2F800687AA8EE487AB7EE008AC7EE297AB0EEC7
:10D3080048DA78EEE78AFEF75BF89FED770B41EC99
:10D31800110BFCF7E1FD51EC100BFEF7C3FB0AF50E
:10D3280080530AEE100A93F84D020993FEF748F865
:10D338009FED6D0B41EC110BFCF7CEFD51EC100B82
:10D34800FEF7B0FB0AEE900A9AF84A06FEF738F89C
:10D358009FED650B41EC110BFCF7BEFD51EC100B7A
:10D36800FEF7A0FBDAED0B5A9FED637ABAF9462077
:10D37800B6F91416BAF94430DAED0D6AB6F88046F3
:10D388009AED0C6A0E90F0EE487AE5EE877A640919
:10D398000CEE902ABAF9142088EE27CA07EE102A54
:10D3A80007EE901AB8EEC77AF8EEE77A1CEE901AF4
:10D3B80087EE27BA04F080020C9207EE903ACB1A57
:10D3C800F8EEE7BA07EE903AB6F91016F8EEE77AF3
:10D3D800F0EE48DAA6EEA7DA07EE901AF8EEE77A4A
:10D3E800B6F9501667EE8B7AE6EE2BDA17EE900A4E
:10D3F8000EEE101AFEF706F8099BF3EE097AB3F958
:10D40800583239EE679ADAED087A06462846A7EECA
:10D41800898A0F460EEE903AFDF7F4FF34A3D3E95C
:10D428000023FDF78FFECDE90A01DAF81C00FDF7AD
:10D43800E9FFDDE90A23FEF73DF8F8EEEEEA2F4BA7
:10D448000022FDF781FE6EEE887ACDE9000117EE25
:10D45800900AFDF7D7FFDDE90023FEF72BF8024617
:10D468000B4630463946FDF76DFEB8EECEEAFEF7BC
:10D4780019FB9AF825300C9A10902EEE0BEA93427D
:10D488002DEE8DDA1EEE100A0D9300F0D081FDF717
:10D49800B9FF099B93ED977AB3F95A3207EE903AA0
:10D4A800F8EEE77A064677EE877A0F4667EE887ACF
:10D4B8000AF14A0B17EE900AFDF7A4FFDDE90023F5
:10D4C800FDF7F8FF0B46024639463046FDF73AFEAF
:10D4D800FEF7E8FA63B211900893CDF800800AF6D7
:10D4E8004C4700261CE000BF000000000000004080
:10D4F8006666666666660A40000020420000F03FE5
:10D508006666666666127140009BB6F5407F03F159
:10D51800040300930BF1020B07F1010700F082816D
:10D52800089AC6F34018002AB1464346039ABCBF7E
:10D5380009F0010388EA03039A4206F10106E3D1E0
:10D548000F9B023BB7EE008A33F9163007EE903A8C
:10D5580097F90133F8EEE77A07EE103A67EE8B7A1F
:10D56800B8EEC77A17EE900AC7EE2AEAFDF74AFF27
:10D5780097F90030CDE9040107EE903AF8EEE77A22
:10D58800BBF9023687EE8A7A0EEE103AA9EE078AC0
:10D598001EEE900AFDF736FFDDE90A23FDF78AFF44
:10D5A800B8EECEEAAC4B0022FDF7CEFD6EEE087A5F
:10D5B800044617EE900A0D46FDF724FF02460B4677
:10D5C80020462946FDF776FF02460B46DDE90401B1
:10D5D800FDF7B8FDFEF766FADDE90C2307EE900AC1
:10D5E8009342B0EE677A30D0099B4FEA480893ED32
:10D5F800996A08F1FF3309F1030206EE903A002A0E
:10D6080009F102031146F8EEE66AB8BF09F106010E
:10D618009B10A3EBA103E6EE267A12EA290238BF93
:10D628004A4603EBA603A3EBA203C8F1010813FBC8
:10D6380008F35BB2B0EE677A07EE903A099BF8EE12
:10D64800E77AD3ED986AA6EEE77A039B0E98DAEDAF
:10D65800066A12AA02EB830353ED027AA6EEE77A72
:10D66800B7EE008A87EE29EAFDF7CCFE76A3D3E968
:10D678000023FDF71FFF0446BBF800000D46FDF729
:10D68800AFFE02460B4620462946FEF73DF8FEF758
:10D6980009FA9AED0A7AA9EE078A07EE900A28EEA7
:10D6A800278AB0EE4E7AA8EE887A68EE087A67EE96
:10D6B800887A67EE877A17EE900AFDF7A3FE41ECA9
:10D6C800100BFCF7A3FCFCF7A1FCDAED0CEA1EEE4C
:10D6D800900A8DED040BFDF795FE04461EEE100A28
:10D6E8000D46FDF78FFE5AA3D3E90023CDE90601C5
:10D6F80020462946FDF7DEFE02460B460020564925
:10D70800FDF720FD804618EE100A8946FDF77AFEDF
:10D7180002460B4640464946FDF7CCFE22462B46BC
:10D7280080468946DDE90401FDF7C4FEFEF7BAF933
:10D73800FDF768FE02460B4640464946FDF704FDE4
:10D7480002460B46DDE90601FDF7DEFF044618EE4A
:10D75800900A0D46FDF756FE02460B46204629461E
:10D76800FDF7F2FC41EC100BFCF750FCFCF74EFC0B
:10D7780037A3D3E9002351EC100BFDF7E3FCFEF7C8
:10D7880091F9BAF9423007EE103A07EE900AB8EE6E
:10D79800C77AB4EEE77AF1EE10FA2BDDBAF9403029
:10D7A800DAED0BEA07EE103A28EE0C8AB8EEC77AE3
:10D7B80077EEC77AB7EE007AA7EEAE7A67EE087A08
:10D7C8008EEE277A77EE287A17EE900AFDF71AFE82
:10D7D80041EC100BFCF71AFCFCF718FC1CA3D3E96E
:10D7E800002351EC100BFDF7ADFCFEF75BF9009B35
:10D7F800186089E6F4EEE7BAF1EE10FAD8DCB8EE74
:10D80800EC7AB4EEE77AF1EE10FA06DD28EE2D8A0E
:10D81800DAED0DEAB0EE6B7ACAE728EE0D8ADAED9A
:10D828000EEAC5E713B0BDEC0E8BBDE8F08FFDF72F
:10D83800E9FD099BB3F95A3207EE903A0646F8EE2D
:10D84800E77A0F4632E600BF8DEDB5A0F7C6B03EC9
:10D8580066666666661271400000F03F70B521F496
:10D86800006384B023B16FF00105284604B070BD91
:10D878000C460DF10603012241F2F411064604F0AC
:10D8880063F8051EF1DBBDF806300B49029123F45D
:10D8980000631C43A4B263BA062202A93046ADF85D
:10D8A8000C30ADF8064004F091F805460F2004F05E
:10D8B800B1F8284604B070BD3A2E11F470B521F4C1
:10D8C800807384B023B16FF00105284604B070BDA1
:10D8D8000C460DF10603012241F2F411064604F04C
:10D8E80033F8051EF1DBBDF806300B49029123F42D
:10D8F80080731C43A4B263BA062202A93046ADF86D
:10D908000C30ADF8064004F061F805460F2004F02D
:10D9180081F8284604B070BD3A2E11F400B583B0E2
:10D928000DF10603012243F6144104F00DF8002816
:10D93800A4BFBDF80600C0F3002003B05DF804FBE7
:10D9480010B582B001AB012243F22C41044603F02A
:10D95800FBFF00280DDB0DF10603012243F61441FD
:10D96800204603F0F1FF0028A4BFBDF80600C0F36D
:10D97800002002B010BD00BF00B5042283B0044BE4
:10D9880001930DEB020104F021F803B05DF804FBEC
:10D998000180000170B51E4615460B46142242F65A
:10D9A8000261044603F0D0FF002813DB2B464FF436
:10D9B800407242F62A61204603F0C6FF002809DBC0
:10D9C8003346204640F20132BDE8704043F22C4114
:10D9D80003F0BABF70BD00BF2DE9F04F2DED028BEB
:10D9E800AF4BB04AB04D9A60B1B005F03BFF02F0C2
:10D9F800B5FE02F0E7FE04F081F802F00DFD02F03A
:10DA080055FF02F045FE03F04FF802F0E1FD02F089
:10DA180011FE2A7800230321CDE90B31CDE90D331E
:10DA28000F937AB12B78042B02D02B780A2B09D1CB
:10DA380001239E480B930BA907F0B0F90B2003F0C4
:10DA4800D7F809E001244FF090400BA90B9407F098
:10DA5800A5F9204603F0CCF82B780A2B00F01E839A
:10DA68002B78052B08D02B78092B05D02B78122B77
:10DA780002D02B78132B03D140F67F4003F042F8F5
:10DA880006AB039310AB13AC02932B780B2B00F06F
:10DA9800F6822B78012B22D02B78022B1FD02B78E3
:10DAA800032B1CD02B78062B19D02B78072B16D0DC
:10DAB8002B780A2B13D02B780C2B10D02B78102B0B
:10DAC8000DD02B785BB10023CDE9133311930822D5
:10DAD8000123764802991092129307F05FF974496E
:10DAE800744C0323C4E90013204640F2E733A360D3
:10DAF80007F086FF04F024F8204607F0AFFF04F093
:10DB080073F920466C4C07F0A9FF02F0CBFA237892
:10DB1800062B6A4B00F09E822278062A00F0A1822A
:10DB28002278062A00F0A482624807F097FF23783B
:10DB3800032B00F089822378042B00F0858202F001
:10DB4800E1FB5C48DFF894815A4F07F087FF00201B
:10DB580004F064FFDDF808A00026384607F07EFFD1
:10DB6800002E00F09B817207F3B200F0B08105F03F
:10DB780007FD013605F02EFD05F09AFD05F024FE9F
:10DB880005F0BCFD05F0DEFD05F050FD05F070FD6B
:10DB980001F0DEFE01F09CFF642005F087FE322EC6
:10DBA800DBD1474B00241C70E0B2013404F072FB57
:10DBB800082CF9D19FED388B0026DFF824B1DFF867
:10DBC80024A1404CB146B04637463A4807F046FFD4
:10DBD8009BF80030002B52D105F062FE3A4B1B78BF
:10DBE800002BA0EB07000CBF4FF4FA736423984294
:10DBF80080F0358105F054FEA0EB0900132800F2EF
:10DC0800148105F04DFE801BB0F5FA7F80F002818B
:10DC180005F046FEA0EB0800952800F2A2802B4BE9
:10DC28001B78002B40F09A8003F064F9284B1B788E
:10DC3800002B40F08A802B78082B55D09AF80030BA
:10DC4800002BC2D005F02CFE224B1B68C01A0028FE
:10DC5800BBDB00228AF80020114602EB42030132A6
:10DC6800E1542344082A59709970F6D103F0DCF97D
:10DC7800104807F0F3FE9BF80030002BACD00023CF
:10DC8800072115488BF8003006F01AFD124806F0F7
:10DC980097FCA1E7AFF3008000000000000000003F
:10DCA80000ED00E0008000084E0500200004004858
:10DCB80000300040780200202905002026050020B9
:10DCC80054000020580200202E020020DE0100200F
:10DCD800DC010020E0010020DC040020407E010877
:10DCE8002D020020E4010020B14B1B78002BA5D0A9
:10DCF800AF4B00221A70AF4B198889B2012938BF7F
:10DD08000121B1F5FA7F28BF4FF4FA71AA4B1878B0
:10DD180002EB4203C0B2E054A84800782344C0B2E2
:10DD28005870A74800780132C0B2082A9870EDD11F
:10DD3800019103F079F905F0B3FD0199A14B014474
:10DD4800196001238AF8003078E703F02BF910B145
:10DD58009D4A0023137003F067F96CE704F0AEFEE8
:10DD680062E705F09DFD804601F09CFD01F0CCFDC9
:10DD780005F0CCFB05F0E8FB05F00AFD934A1378A3
:10DD88000133DBB2022B07D9914A1378013303F030
:10DD9800030313708D4A0023137004F0BFFE00F0D4
:10DDA80049FA2B7800228DED128B8DF85420002B28
:10DDB8005FD02B78132B5CD02B780A2B00F0A28035
:10DDC8002B78042B00F0CF802B78112B00F0E48007
:10DDD8002B78052B00F00C812B78092B00F01F8184
:10DDE8002B78082B7FF41BAF7A4B1B788DF81430F7
:10DDF80040F25513109378480123149306F084FCDD
:10DE080000283FF40CAF039B0299734805AA06F05B
:10DE180005FC04E705F044FD9AF800300646002B9F
:10DE28007FF4F6AE04F08CF8F2E605F039FD814691
:10DE380001F08EFD01F04CFE05F0A2FB05F0CAFBD7
:10DE480005F036FC05F0C0FC05F058FC05F07AFC3E
:10DE580005F0ECFB05F00CFC01F006FDD1E605F041
:10DE68001FFD4FF4004107464FF0904007F09AF825
:10DE7800C0E65A4A1388C3F307238DF81430138871
:10DE88008DF8153040F2351310935348022314933C
:10DE980006F03AFC00283FF4C2AEB4E705F070FB88
:10DEA80005F098FB05F004FC05F08EFC05F026FC57
:10DEB80005F048FC05F0BAFB05F0DAFB01F048FD77
:10DEC80001F006FE642005F0F1FC012645E6C3F3E7
:10DED800C10303EB830308EBC319022480224946DC
:10DEE8005046FEF727F820460021013403F0E6FDEE
:10DEF800E4B28021504603F0C3FD072C09F18009E4
:10DF0800ECD134E6354A34481388C3F307238DF837
:10DF1800143013888DF8153040F2751310930223CE
:10DF2800149306F0F1FB002840F087802C4A2A4819
:10DF380013681B0A8DF8143013688DF8153040F2F9
:10DF4800771310930223149306F0DEFB00286DD19B
:10DF5800244A13681B0A8DF8143013688DF815309D
:10DF680040F2791390E7204A1B481388C3F307232C
:10DF78008DF8143013888DF815301C4B1B788DF8EC
:10DF8800163040F2451310930323149306F0BCFB9C
:10DF980000283FF444AE36E7134A1388C3F3072337
:10DFA8008DF8143013888DF8153040F243236BE751
:10DFB800D8010020E6010020DB010020DA01002062
:10DFC800D9010020E0010020DC010020C001002070
:10DFD800C1010020D0010020DC0400204A020020FA
:10DFE80030020020080200204602002045020020DE
:10DFF80040F2471310930323149372B63B4B1B68EC
:10E0080062B65BBAADF81430394B3A481B788DF8D4
:10E01800163006F079FB00283FF401AEF3E6344BE6
:10E028001B788DF8143040F26513E3E6039B0299E0
:10E03800304805AA06F0F2FA8AE7039B02992D48B0
:10E0480005AA06F0EBFA71E72B490122142002F029
:10E0580069F874E51A78012A7FF45EAD03F054F983
:10E0680062E51A78022A7FF45BAD03F085FA5BE576
:10E078001B78032B7FF458AD03F0C6FB54E500234F
:10E088001393082263604FF40413CDE910231B484F
:10E0980002990123129306F081FE20E540F6FF1055
:10E0A80002F030FD06A80321002620220223039057
:10E0B80009910127014613AC4FF09040CDE90623A2
:10E0C80008960A9706F06AFE02F05CFD10AB1396FC
:10E0D80002936660194640224FF404134FF09040B3
:10E0E800CDE91023129706F059FECEE43C02002039
:10E0F800D0010020DC040020260500200004004890
:10E108000A4B10B51880044601F0B8FD902001F0C4
:10E1180065FE012001F062FE200A01F05FFEE0B218
:10E1280001F05CFEBDE8104001F004BE5E00002076
:10E138000B4B10B51C8801F0A1FD902001F04EFE9C
:10E1480044F40044012001F049FE200A01F046FE93
:10E15800E0B201F043FEBDE8104001F0EBBD00BFA6
:10E168005E00002038B501F089FD902001F036FEF0
:10E17800B8B1002001F032FE98B101F07FFD912086
:10E1880001F02CFE68B1012001F0DAFE05460020FE
:10E1980001F0D6FE044601F0CDFD44EA052000B2A8
:10E1A80038BD01F0C7FD002038BD00BF00B51D4ACD
:10E1B8001D4B10781D491B78ADF52B7D0122009170
:10E1C8008DF804201A498DF8050040F29E2202A815
:10E1D8008DF80630FDF7AEFE00230DF1FF310DF589
:10E1E800297C11F8012F082053405AB2002A4FEA1F
:10E1F800430300F1FF30BCBF530083F0070310F066
:10E20800FF00DBB2F1D18C45EBD140F2A622694682
:10E218004FF480708DF8073002F0B6F80DF52B7DBD
:10E228005DF804FB5105002052050020424B4C428A
:10E238005405002070B5264D2C7805F031FB254B90
:10E248002549264A0978128804EB840403EB440C18
:10E2580043F81400ACF80520214B224A1B888CF89F
:10E26800041011782A78204CACF807301F4B013283
:10E27800A3FB02032078003918BF0121003818BF1A
:10E28800012041EA40015B088CF8091003EB4310B8
:10E29800174903EB4003D21A0B782A70422B9CBF14
:10E2A80001330B702378134D23B1134E2B7832783A
:10E2B800134308D0237803F0FF020BB90E4B1A70F2
:10E2C80023782B7070BDFFF771FF01233370F1E7DE
:10E2D80052050020540500204E0500204A02002067
:10E2E80048020020D00100202E0200206B4CA40719
:10E2F800510500204F05002050050020274B1A68C3
:10E30800B2F5A87F00D070471B69022BFBD92449BE
:10E31800244AB1F801302448097811705BBA0380A7
:10E328001378012BD9B214D01378022B14D0002300
:10E338001E4A194603EB430C02EB0C000133082B71
:10E3480002F80C1041708170F4D1194B01221A7037
:10E358007047184B1970704700B572B61649174ABE
:10E36800174B91F800E092F800C018785FFA8EFE1B
:10E378005FFA8CFCC0B262B60C4A002101EB410383
:10E38800013102F803E01344082983F801C09870AA
:10E39800F4D1074B01221A705DF804FBC004002079
:10E3A800B8040020E8010020E601002058020020FF
:10E3B800DC010020D8010020DB010020DA01002068
:10E3C800D9010020F8B5204B1A68B2F5F87F00D0C3
:10E3D800F8BD1B69042BFBD91C4B1B7803F0FF0508
:10E3E800002BF5D172B61A4E1A4834781A4F4FF4EA
:10E3F800005106F0CBFDA4F10104B4FA84F46409D9
:10E40800A0422246134818BF3D604FF4005106F061
:10E41800C3FDD6F8013013B93B6062B6F8BD0F4AA8
:10E428000F4D0C4800241BBA13604FF4805122464C
:10E438003B602C7006F0B0FD064822464FF4804140
:10E4480006F0AAFDE9E700BFC00400205400002040
:10E45800B80400200004004854020020580000209E
:10E468005002002038B5474C474B2246002106F0A1
:10E478005FF900B138BD05F013FA444D444B1860FC
:10E4880000F0BCFA2B781BB12368B3F5807FF1D17B
:10E4980000F058F900F086FE2B78002BEAD13D4BAE
:10E4A8001B78182BE6D801A252F823F049E500089A
:10E4B80019E5000819E5000819E500087DE40008D9
:10E4C80085E5000819E5000819E500087DE500085C
:10E4D80075E500086DE500087DE4000819E5000809
:10E4E80055E5000821E500087DE4000819E5000865
:10E4F80065E500085DE5000841E500087DE40008E1
:10E5080039E5000831E5000829E5000821E500089B
:10E51800BDE8384000F020BDBDE8384001F048B9FA
:10E52800BDE8384000F076BDBDE8384000F0D2BF05
:10E53800BDE83840FFF746BFBDE8384000F08ABC68
:10E5480000F046FFBDE8384000F006BDBDE83840A1
:10E5580000F072B8BDE8384001F0F8B8BDE83840BE
:10E5680000F088B8BDE8384000F07ABDBDE8384012
:10E5780000F0AEBCBDE83840FFF7C0BEBDE838408B
:10E5880000F00AB8C0040020B80400202E020020C1
:10E59800CC0100204E05002038B51F4B1A68B2F593
:10E5A800A07F00D038BD1B69012BFBD91B4B1B7802
:10E5B800002BF7D11A4D1B4C2B78237005F070F9FE
:10E5C8006A78194BA2F10102B2FA82F21860520974
:10E5D80010214FF0904006F0DFFC2378134A1449CD
:10E5E80040F67F4000FB03F3A2FB032309681148B0
:10E5F800DB094B63237803F0FF0233B1BDE83840F1
:10E6080001224FF4007106F0C7BCBDE838404FF452
:10E61800007106F0C1BC00BFC004002054000020F7
:10E62800B804002044020020180200208180808065
:10E6380020040020000400480B4B1A68B2F5D87F6C
:10E6480000D070471B69002BFBD0084B1B78002BB0
:10E65800F7D1074B1A78003A4FF002014FF090407B
:10E6680018BF012206F098BCC00400205400002006
:10E67800B80400202E4A1368B3F5107F27D040F263
:10E688004122934216D040F24222934222D100B551
:10E69800284B1B78052B89B01DD002226946222001
:10E6A80001F06CFD18B1244806F02EF830BB09B013
:10E6B8005DF804FB214B1B7803F0FF0253B91D4B97
:10E6C8001B78052B2ED01E49212001F02BBD126985
:10E6D800022A06D07047FFF745FD40BAADF80000A2
:10E6E800E1E7164B1B78002BF4D1124B14491B7829
:10E6F8000888052B18D0202001F014BD40F24222D2
:10E70800002000210223CDE904014FF0000C029201
:10E7180006936A4601AB02A907488DF81CC005F0AC
:10E728007DFFC4E7FFF704BD40BA80B2FFF7E8BC3D
:10E73800C004002029050020DC040020540000202B
:10E74800B80400202DE9F041994D2B68B3F5C07F3E
:10E7580094B03ED0B3F5C17F6FD0B3F5C97F09D06F
:10E76800B3F5807F03D12B69082B00F0AC8014B07F
:10E77800BDE8F0812B69042BF9D18E4B1A78E32A76
:10E78800F5D15A78A52AF2D19A78E02AEFD1DE7825
:10E79800FF2EECD1222231460AA8FDF773FB222274
:10E7A8000AA9002001F0F0FD0024834B83481C7067
:10E7B80022222146FDF766FB814822223146FDF7D9
:10E7C80061FB804805F0A0FF002840F0DC802B6842
:10E7D800C6E72B69012BCAD9764A1478072CA046BC
:10E7E80003F1FF3328BF4FF0070898452BD80022C4
:10E7F80004214FF090408DF8108006F0CDFB002CDE
:10E8080000F09C806B4F04AE002417F8010F01F054
:10E8180035FD0134E4B2444506F8010FF5D34FF055
:10E8280090400122042106F0B7FB664805F06CFF12
:10E8380098BB2B68B3F5C17F8FD1624805F064FFA0
:10E8480060B92B6889E75FFA83F8002204214FF04A
:10E8580090408DF8108006F09FFBD3E74FF40041FD
:10E86800594806F093FBA0F10100B0FA80F0400986
:10E8780040F2831201230021002600278DF80800AA
:10E888000A920E938DF83C1004AB02AA0AA94D48CF
:10E89800CDE90C6705F0C2FED3E708F101085FFA7D
:10E8A80088F240F281100021002600270A900E927B
:10E8B8008DF83C1002AB04AA0AA94248CDE90C67BE
:10E8C80005F0ACFEB5E73B4F404B414A79783878C4
:10E8D800187001245970B9789970147004F0E0FF29
:10E8E8003C4B3D49FA783D4E3D4D00F51C501030EB
:10E8F80008601A703B4A3B79147033703A4C7B7944
:10E908002B703A4ABB7923701278FB79082A17D002
:10E9180037496BB30022307802EB4203C0B2C854C7
:10E9280028780B44C0B2587020780132C0B2082A47
:10E938009870F0D12F4B01221A7018E7A0466EE7A5
:10E948002D4B1B78022BF5D172B632782B782078B4
:10E95800D5B2DCB2C0B262B62549002202EB42034E
:10E968000132CD540B44082A5C709870F6D1E1E767
:10E978001A4603EB430408190133082B0A55427061
:10E988008270F6D1D6E740F2911304930022002357
:10E99800CDE906230822089201AB6A4404A9094874
:10E9A80002948DF82440039405F038FE0FE700BF69
:10E9B800C0040020B80400202A0500202C050020EF
:10E9C80004050020DC040020000800487002002034
:10E9D800C8010020DD010020C4010020DB01002067
:10E9E800DA010020DE010020D90100204E050020B8
:10E9F80058020020DC010020E801002030B5A24CBC
:10EA08002368B3F5FE6F8BB000F0F580B3F5FF6FA8
:10EA18002FD040F2FB72934236D0B3F5887F3ED0B8
:10EA2800B3F5C87F45D0B3F5D07F00F0818040F2C0
:10EA3800A112934200F08480B3F5D17F00F08B805F
:10EA480040F2A312934200F08E80B3F5D27F00F01B
:10EA5800958040F2A512934200F09680B3F5D37FDB
:10EA680000F09D80A3F5D373012B40F2A9800BB071
:10EA780030BD864805F048FE002840F084812368B0
:10EA880040F2FB729342C8D1804D284605F03CFE07
:10EA9800002840F05F812368B3F5887FC0D17B48A8
:10EAA80005F032FE002840F083812368B3F5C87F63
:10EAB800B9D1764805F028FE002834D0744B754942
:10EAC800DA88097858798DF80810197E8DF80900C8
:10EAD8008DF80A1002B91A89987A8DF80C20110A53
:10EAE8008DF80B1000B9187BDA7A597B9D7B8DF86D
:10EAF8000D000A434FF000010CBF0B46012308200C
:10EB08008DF80E3040F29113CDE9061104930DEB08
:10EB1800000208908DF824105C488DF80F5001AB66
:10EB280004A905F07BFD2368B3F5D07F7FF47FAFA0
:10EB380023692BB1584B1B78062B01D8574A137001
:10EB4800524805F0E1FD002840F0D7802368B3F56E
:10EB5800D17F7FF475AF23692BB14F4B1B78192BED
:10EB680001D84F4A1370494805F0CEFD002840F0FF
:10EB7800AB802368B3F5D27F7FF46BAF23691BB1F9
:10EB8800454A484B12781A70404805F0BDFD0028E8
:10EB980040F0C8802368B3F5D37F7FF463AF23695F
:10EBA80073B13D4B1B78032B0AD83F493B4A0B7086
:10EBB8001378032B00F026811378042B00F02281B0
:10EBC800324805F0A1FD00283FF451AF364B40F222
:10EBD800A71218788DF804000121002404920891E6
:10EBE80002AB01AA04A929488DF82440CDE90644BE
:10EBF80005F014FD3BE72269042A7FF42AAF264A70
:10EC08001178B0297FF41CAF517807297FF40FAF32
:10EC180091781D297FF40BAFD2785A2A7FF407AF79
:10EC2800224A234B12681B6822480024546340215F
:10EC38005C63012206F0B0F91E4822464FF40071C9
:10EC480006F0AAF9224602214FF0904006F0A4F9F6
:10EC5800194B1B78092B00F0DC800023174A04931A
:10EC680002E0049B01330493049B9342F9D9BFF358
:10EC78004F8F1349134BCA6802F4E0621343CB6009
:10EC8800BFF34F8F00BFFDE7C0040020DC04002065
:10EC98002C0500202A050020B804002029050020A2
:10ECA8002805002027050020260500202004002034
:10ECB800D4030020000400484E050020FFE10400B2
:10ECC80000ED00E00400FA05554A564B12781B780F
:10ECD8008DF80420002140F2A3100222CDE906118C
:10ECE8008DF80530049008928DF8241002AB01AA23
:10ECF80004A94D4805F092FC3BE74C4B00211A78DB
:10ED08008DF8042040F2A1130120CDE906110493E7
:10ED180008908DF8241002AB01AA04A9424805F016
:10ED28007DFC13E7424B032200211B788DF8042059
:10ED380040F2A5100222CDE906118DF805300490A5
:10ED480008928DF8241002AB01AA04A9364805F0F0
:10ED580065FC1FE72B689B69180C1B0E002140F20D
:10ED6800FC728DF805300223CDE906118DF80400F8
:10ED7800049208938DF82410284602AB01AA04A92E
:10ED880005F04CFC87E62B4A2B4B0021CDE90223EA
:10ED980040F2F9700822CDE90611049008928DF826
:10EDA800241001AB6A4404A91F4805F037FC66E645
:10EDB80022482349234A0078234B097812781B7884
:10EDC8008DF80400003918BF0121003A18BF01224C
:10EDD800003B18BF01238DF8051040F211100021E7
:10EDE8008DF806200422CDE906118DF8073004902D
:10EDF80008928DF8241002AB6A4404A90A4805F069
:10EE08000DFC52E611490122142001F08BF9236808
:10EE180028E60F482246402106F0BEF81DE700BF4D
:10EE28005C00002028050020DC04002029050020C3
:10EE380027050020000303CC010000024E05002036
:10EE48002E0200202D02002054000020B8040020CB
:10EE58000004004838B5154B1A68B2F5F07F00D0A9
:10EE680038BD1B69022BFBD9114B1B78002BF7D13E
:10EE7800104D114A2B88114C5BBA138004F010FD19
:10EE88000F4AAB781060237004F00AFD0D4B0E4A50
:10EE9800186023780D4940F67F4000FB03F30968AA
:10EEA800A2FB0323DB094B6338BD00BFC00400206D
:10EEB80054000020B804002048020020F00100207F
:10EEC80000020020EC0100208180808020040020C6
:10EED800194B1A68B2F5B07F00D070471B69012B37
:10EEE800FBD970B5154B1B7803F0FF0403B170BD57
:10EEF800134D144E2B78337004F0D2FC6A78124B01
:10EF0800012A18600DD0114B11481B68A2F10102AB
:10EF1800B2FA82F25C635209BDE87040402106F003
:10EF28003BB834780B4B40F67F4101FB04F4A3FB5C
:10EF38000434E409E7E700BFC004002054000020BF
:10EF4800B80400202C020020280200202004002001
:10EF58000004004881808080254B1A68B2F5907FB4
:10EF680000D070471B69042BFBD92DE9F041214BD8
:10EF78001B7803F0FF040BB1BDE8F08172B61E4D9B
:10EF88001E4895F800801E4F202105F0FFFFA8F1CC
:10EF98000106B6FA86F67609B0423246174818BF17
:10EFA8003C60202105F0F8FFD5F80130E3B11549A0
:10EFB800154A1BBA0B603B6012783AB91349B8F18D
:10EFC800010F0A6818BF5B4213440B600024104B02
:10EFD8000A481C702246082105F0DEFF0748224631
:10EFE800402105F0D9FF00E03B6062B6C4E700BFEE
:10EFF800C004002054000020B80400200004004889
:10F0080054020020580000204E0500204C02002029
:10F01800500200200F4B1A68B2F50C7F07D040F25F
:10F0280031218A4202D11A69032A0BD070471A6922
:10F03800032AFBD1084B1B78002BF7D10749302056
:10F0480001F070B8044B1B78002BEFD10349312035
:10F0580001F068B8C004002054000020B804002063
:10F06800404AF8B51368B3F5B87F22D040F273115F
:10F078008B4203D11369002B4DD1F8BDB3F5BC7F8A
:10F08800FBD11369002BF8D0374A384B12781A7025
:10F098001B78374A374903EB8300C3EB40230968E1
:10F0A800A2FB0323DB094B6304F0FAFB324B186025
:10F0B800F8BD1369052BE0D92B4C304A23885BBA7D
:10F0C800138004F0EDFB2E4A2E4B10601B7803F0E2
:10F0D800FF06002BD1D172B6A5782B482B4F2021E3
:10F0E80005F054FFA5F10105B5FA85F56D09A842AB
:10F0F8002A464FF02001244818BF3E6005F04CFF17
:10F108002379E17862791B0243EA0143134317D15B
:10F118003B6062B6F8BD144A1D4B12781A701B7812
:10F12800134A1C4903EB8300C3EB40230968A2FB85
:10F138000323DB094B6304F0B3FB174B1860F8BDDE
:10F14800164A174D1360002422460F483B600821D9
:10F158002C7005F021FF0C482246402105F01CFFC9
:10F16800D7E700BFC0040020B80400201002002028
:10F1780081808080D40300200402002048020020FF
:10F18800FC01002054000020000400485402002024
:10F19800380200202004002014020020580000201B
:10F1A8005002002030B5844B1C68B4F5047F8BB046
:10F1B80034D040F21122944204D11A69082A3ED070
:10F1C8000BB030BD40F2122294421AD11B69082BB1
:10F1D800F6D17A4C2378032BF2D8794D794905EB8F
:10F1E800C302013308684968DBB2042B03C22370E9
:10F1F800E6D120222946022000F094FF0023237044
:10F20800DEE740F21322944212D0B4F5057F1CD1F8
:10F218001A69082AD4D16B49042004E01A69042A1F
:10F22800CED1684902200BB0BDE8304000F07ABF6B
:10F238001A69002AC4D06349D2B20320F3E75F4BAE
:10F248006049002401201C70EDE76FF40572A218D4
:10F258000B2A07D8DFE802F09F8E58063806060604
:10F268000606062F40F221229442A9D11B69022BDF
:10F27800A6D1544B5D781878082D28BF08252A4652
:10F2880001A900F07BFF00289AD04F4805F03CFA0E
:10F29800002895D000200021CDE906014FF0000C90
:10F2A80001AA6B4604A94848049408958DF824C01F
:10F2B80005F0B4F984E71A69012A81D94349013A6A
:10F2C80011F8010CD2B2AEE701226946072000F01E
:10F2D80055FF00283FF474AF3B4805F015FA0028A5
:10F2E8003FF46EAF40F2192001210024002504905C
:10F2F80008916A4601AB04A933488DF82440CDE94A
:10F30800064505F08BF95BE70A2201A9062000F003
:10F3180035FF00283FF454AF2B4805F0F5F980B1CC
:10F3280040F217200821002400250490089126485F
:10F338008DF8244001AA6B4604A9CDE9064505F0DD
:10F348006DF9214805F0E0F900283FF439AF4FF492
:10F358000672002000210223CDE906010024049250
:10F36800089303AA6B4604A917488DF8244005F0B2
:10F3780055F925E701226946052000F0FFFE00281F
:10F388003FF41EAF104805F0BFF900283FF418AF4E
:10F3980040F21620A8E701226946002000F0EEFEA0
:10F3A80000283FF40DAF084805F0AEF900283FF4F7
:10F3B80007AF40F2152097E7C0040020F2070020AD
:10F3C800F4070020B8040020DC040020B904002061
:10F3D80010B5264C2368B3F5987F88B026D040F244
:10F3E8003112934204D0B3F5997F04D008B010BD10
:10F3F8002369042B28D01E4805F086F90028F5D08B
:10F408001C4B1A6804214FF4997012BA00240DEBB2
:10F4180001030092029006916A4602A914488DF8E9
:10F428001C40CDE9044405F0F9F8DFE72369012B16
:10F43800DCD9114B114A1B885BBA138004F030FAEF
:10F448000F4A23681060CAE70B4B1A78522AD2D1A8
:10F458005A78532ACFD19A78502ACCD1DB78302BDE
:10F46800C9D1044B00221A60C5E700BFC0040020C0
:10F47800DC0400204C020020B804002048020020D0
:10F48800000200202DE9F04D114D88B00C460646CB
:10F4980001F120084FF0000A4FF0000B082728461A
:10F4A80005F032F94FF0000C01AB224602A958B121
:10F4B80028460834CDE904AB029606978DF81CC09F
:10F4C80005F0ACF84445EAD108B0BDE8F08D00BFBE
:10F4D800DC040020974A1368B3F5147F4CD000B5BC
:10F4E80040F251218B428BB019D040F252218B420D
:10F4F8007CD1136983B1904B1A78062A00F0DA8020
:10F508001A78062A00F0E6801A78062A00F0F280B7
:10F518001B78062B40F0A0800BB05DF804FB864BEF
:10F528001A780021062A8DF8031044D01A78062A82
:10F538004AD01A78062A50D01B78062B32D1FF23DE
:10F548008DF803307D4805F0DFF80028E4D040F25C
:10F558005122002000210123CDE904014FF0000CC5
:10F56800029206930DF1030201AB02A973488DF8CC
:10F578001CC005F053F8CFE7714B1B788BB96E4B65
:10F588001A78062A56D01A78062A59D01A78062ADE
:10F598005CD01B78062B04D06A490022102000F0AA
:10F5A800C1BD704701220DF10301112000F0E6FDF5
:10F5B8000028B1D0C6E7644A1278012AB6D101F012
:10F5C800E5FE8DF80300BDE75F4A1278022AB0D144
:10F5D80002F014F88DF80300B4E75B4A1278032AA6
:10F5E800AAD102F035F98DF80300ABE7B3F5157F22
:10F5F80092D11369002B8FD04F4B1A78062A00F04E
:10F6080089801A78062A37D01A78062A43D01B78B8
:10F61800062B81D04B4B02AA19781320202300F027
:10F62800E9FD00283FF478AF02A940F25520FFF722
:10F6380029FF71E7444A1278012AA4D101F078BE63
:10F64800414A1278022AA1D101F0AABF3E4A127893
:10F65800032A9ED102F0E8B83A4B02AA1978122080
:10F66800202300F0C7FD00283FF456AF02A940F25E
:10F678005320FFF707FF4FE7334A1278022AC3D116
:10F68800304B02A9187801F0DFFF02A940F255209B
:10F69800FFF7F8FE40E72C4A1278032AB7D1294B26
:10F6A80002A9187802F018F902A940F25520FFF7CC
:10F6B800E9FE31E7244A1278012A7FF421AF214B71
:10F6C80002A9187801F068FE02A940F25320FFF75A
:10F6D800D9FE21E71C4A1278022A7FF415AF194B8C
:10F6E80002A9187801F090FF02A940F25320FFF711
:10F6F800C9FE11E7144A1278032A7FF409AF114BA7
:10F7080002A9187802F0C8F802A940F25320FFF7BE
:10F71800B9FE01E70C4A1278012A7FF472AF094B4F
:10F7280002A9187801F058FE02A940F25520FFF707
:10F73800A9FEF1E6C004002029050020DC04002011
:10F7480054000020B804002026050020114B1A6838
:10F75800B2F5E87F00D070471B69002BFBD00E4B39
:10F768001B78002BF7D110B50C4B0D4C1B78237070
:10F7780004F096F80B4B0C4A186023780B4940F6B6
:10F788007F4000FB03F30968A2FB0323DB094B63FB
:10F7980010BD00BFC004002054000020B8040020A1
:10F7A800F8010020F40100208180808020040020DE
:10F7B80070B5254C23788BB9244B1A68B2F5E07FD5
:10F7C8000DD0B2F5007F09D11B69022B06D9204B59
:10F7D8001B781BB91F4B1B78182B2DD070BD1B69CC
:10F7E800022BFBD91A4B1B78002BF7D1194B1B782E
:10F7F8000E2BF3D1184E3578012DEFD1174808217B
:10F8080005F0C4FB0028E9D1B6F80130144A5BBA08
:10F818009BB2B3F5FA6F28BF4FF4FA63138004F074
:10F828003FF8104B186025702A460221BDE8704049
:10F838004FF0904005F0B0BB074B1D78012DCDD19E
:10F84800B3F80130E2E700BF24020020C004002022
:10F85800540000204E050020B80400200004004891
:10F868001C0200202002002010B50B4C237803B99D
:10F8780010BD04F015F8094A094B12681B88801A54
:10F888009BB29842F4D3002202214FF0904005F039
:10F8980083FB0023237010BD2402002020020020D7
:10F8A8001C02002008B5124B1A78042A03D01B78D2
:10F8B800112B00D008BD0F4804F02EFA0D48022184
:10F8C80004F0DEFA60B10C4B01221A70094804F00A
:10F8D800B3FA0A48082105F059FB094B187008BD0E
:10F8E800044804F065FB074B80B21880EEE700BFC0
:10F8F8004E050020880200202E0200200004004847
:10F90800450200204602002008B50D4B1A78052A4A
:10F9180006D01A78092A03D01B78082B00D008BD16
:10F928000848082105F032FB074BB0FA80F01A7836
:10F938004009824208BF054A187008BF107008BD08
:10F948004E0500200004004860000020D00100207F
:10F95800554B1A7812B11B78132B49D12DE9F04178
:10F96800002282B002214FF0904005F015FB0023E1
:10F978000193019BB3F5207F06D2019B01330193CC
:10F98800019BB3F5207FF8D3484804F0C5F94748F0
:10F99800022104F075FA002851D0454E0123337036
:10F9A800444D424804F048FA2B889BB2B3F5DF7FF8
:10F9B8001FD2337803F0FF0423BB3F4F3F4B97F828
:10F9C8000080B8F1000F1FD03D491C700A882B88B1
:10F9D8009BB292B2023B9A424CDA01243C70224616
:10F9E80002214FF0904002B0BDE8F04105F0D4BAD2
:10F9F8007047012300222A803370337803F0FF0414
:10FA0800002BDAD00022EBE71A78002A3CD003F06A
:10FA180047FF2C4B2A491B68C01A40F6B833984256
:10FA2800D4D9294B0A881B8892B205339A42CDDD76
:10FA38000123424602214FF090403370D3E71B4820
:10FA480004F0B6FA40F6E973A0F110029A42A4D87D
:10FA58004FF4E17202FB00F01C4B1949144E00F2FE
:10FA6800FF70A3FB0023C01A03EB5003C3F3CF239B
:10FA78000B8095E70A882B889BB292B202339A4290
:10FA88000DDD00233B70AAE701221A7003F008FF7E
:10FA98000C4B0B4918600C4B0A881A8096E73C7887
:10FAA800003C18BF01249AE74E0500208802002078
:10FAB8002E020020480200202508002024080020EB
:10FAC8004A020020200800201E0800200101100022
:10FAD800604B1B780A2B00D070472DE9F0415E4837
:10FAE80004F01AF95C48022104F0CAF90446002817
:10FAF80049D05A4E01233370594D574804F09CF9A8
:10FB08002B889BB2B3F5967F29D8337803F0FF048E
:10FB1800002B5ED1534F544B97F80080B8F1000F7B
:10FB280022D1197800295CD101221A7003F0B8FE9D
:10FB38004E4B4F4918604F4B0A881A800A882B8809
:10FB48009BB292B2023B9A4211DA01243C702246DF
:10FB58000221BDE8F0414FF0904005F01DBA0022A7
:10FB680001232A803370D0E741491C70E6E70A88F0
:10FB78002B889BB292B202339A424DDC3C78003C0F
:10FB880018BF0124E3E7344804F012FA40F6E97399
:10FB9800A0F110029A42ACD883B2742B3FD940F638
:10FBA800C67293423ED8344A05B22346171D32F92D
:10FBB8002310A94202EB830603DC37F92340AC4249
:10FBC80032DA0133202BF2D100232949234E0B804E
:10FBD80092E7BDE8F041002202214FF0904005F085
:10FBE800DBB903F05DFE214B21491B68C01A40F6C2
:10FBF800B8339842A2D91F4B0A881B8892B20533A2
:10FC08009A429BDD0123337042460221BDE8F04150
:10FC18004FF0904005F0C0B900233B7097E74FF4D0
:10FC2800A073D2E72346D0E7B6F90250B6F90630FA
:10FC3800641A5B1B401A03FB00F004EBD4735B10DF
:10FC48000028B8BF5B42034493FBF4F32B449BB2F8
:10FC5800BBE700BF4E050020880200202E020020CE
:10FC6800480200201D0800201C0800201808002059
:10FC78004A020020140800207074010870B52B4E49
:10FC88002B482B4D002384B001224FF400613370C0
:10FC980005F082F9264801224FF4806105F07CF9CD
:10FCA8004FF4FA6401E0002C3DD04FF480612846FF
:10FCB80005F06CF9013C0128A4B2F4D100230393A8
:10FCC800039BB3F5A07F06D2039B01330393039BE9
:10FCD800B3F5A07FF8D3164800224FF4006105F071
:10FCE8005BF900230293029BB3F5A07F06D2029B27
:10FCF80001330293029BB3F5A07FF8D30C4800228E
:10FD08004FF4806105F048F900230193019BB3F596
:10FD1800A07F06D2019B01330193019BB3F5A07F1D
:10FD2800F8D304B070BD01233370C7E7260800205C
:10FD38000004004830B5274885B000224FF4006120
:10FD480005F02AF900230393039BB3F5A07F06D29D
:10FD5800039B01330393039BB3F5A07FF8D31D489E
:10FD68001C4D01224FF4806105F016F94FF4FA6436
:10FD780000E054B34FF48061284605F007F9013CD0
:10FD88000128A4B2F5D100230293029BB3F5A07F0A
:10FD980006D2029B01330293029BB3F5A07FF8D3EE
:10FDA8000C4801224FF4006105F0F6F80023019396
:10FDB800019BB3F5A07F06D2019B01330193019B00
:10FDC800B3F5A07FF8D305B030BD034B01221A70FC
:10FDD800D9E700BF00040048260800202DE9F041BB
:10FDE800554D86B080460726002748FA06F202F0ED
:10FDF80001024FF40061284605F0CEF80297029BF5
:10FE0800B3F5A07F06D2029B01330293029BB3F5A0
:10FE1800A07FF8D301224FF48061284605F0BCF892
:10FE28004FF4FA6401E0002C7ED04FF4806128463C
:10FE380005F0ACF8013C0128A4B2F4D10197019B6C
:10FE4800B3F5A07F06D2019B01330193019BB3F563
:10FE5800A07FF8D300224FF48061284605F09CF873
:10FE68000097009BB3F5A07F06D2009B0133009357
:10FE7800009BB3F5A07FF8D3013EB6D22E480122ED
:10FE88004FF4006105F088F800230593059BB3F54E
:10FE9800A07F06D2059B01330593059BB3F5A07F90
:10FEA800F8D32548244D01224FF4806105F074F8F9
:10FEB8004FF4FA6401E0002C3AD04FF480612846F0
:10FEC80005F064F8013C0128A4B2F4D1002304939E
:10FED800049BB3F5A07F06D2049B01330493049BD3
:10FEE800B3F5A07FF8D34FF40061134805F04EF83E
:10FEF8000446013C10484FF000024FF4806118BFDF
:10FF0800012405F049F800230393039BB3F5A07F70
:10FF180006D2039B01330393039BB3F5A07FF8D369
:10FF2800204606B0BDE8F081044B01221A7085E72F
:10FF3800024B01221A70C9E7000400482608002075
:10FF48002DE9F043012287B081464FF40061534800
:10FF5800524D05F021F800270826B846CDF808804C
:10FF6800029BB3F5A07F06D2029B01330293029B4A
:10FF7800B3F5A07FF8D301224FF48061284605F03D
:10FF88000BF84FF4FA6401E0002C7FD04FF4806145
:10FF9800284604F0FBFF013C0128A4B2F4D1CDF8B7
:10FFA8000480019BB3F5A07F06D2019B0133019326
:10FFB800019BB3F5A07FF8D34FF40061284604F005
:10FFC800E5FFA0F10103B3FA83F35B0943EA4703B2
:10FFD80000224FF480612846013EDFB204F0DCFFC6
:10FFE80016F0FF06BAD1B9FA89F22C4852094FF433
:08FFF800006104F0D1FF059641
:020000040801F1
:10000000059BB3F5A07F06D2059B01330593059BA5
:10001000B3F5A07FF8D32348224D01224FF480612D
:1000200004F0BEFF4FF4FA6401E0002C36D04FF428
:100030008061284604F0AEFF013C0128A4B2F4D14F
:1000400000230493049BB3F5A07F06D2049B0133E5
:100050000493049BB3F5A07FF8D3124800224FF419
:10006000806104F09DFF0F4801224FF4006104F00D
:1000700097FF00230393039BB3F5A07F06D2039B56
:1000800001330393039BB3F5A07FF8D3384607B041
:10009000BDE8F083044B01221A7084E7024B012271
:1000A0001A70CDE700040048260800201C4B30B52C
:1000B0005A691C4D42F480225A615B6989B003F48D
:1000C00080234FF440601121CDE902010024019307
:1000D0001448019A0494032302A9CDE9053404F0DD
:1000E00061FE104801224FF4806104F059FF4FF483
:1000F000FA6400E084B14FF48061284604F04AFFBE
:10010000013C0128A4B2F5D1064801224FF4006158
:1001100004F046FF09B030BD034B01221A70F3E72B
:1001200000100240000400482608002070B5064672
:100130000C461546FFF7A6FD8420FFF753FE18B9BD
:10014000FFF7FCFD002070BD3046FFF74BFE064672
:100150005DB1254410B9F3E70028F1D014F8010B84
:10016000FFF740FEAC420646F6D1FFF7E7FD002E52
:10017000E8D0034B1878B0FA80F0400970BD00BF9A
:1001800026080020F0B583B004460E461546FFF75A
:1001900079FD8420FFF726FE18B12046FFF722FEE6
:1001A00020B9FFF7CBFD002003B0F0BDFFF76AFDDB
:1001B0008520FFF717FEC8B17DB1741E6F1EC6F112
:1001C000010625443019B842ACBF00200120FFF7DA
:1001D000BBFE04F8010FAC42F4D1FFF7AFFD064BB4
:1001E0001878B0FA80F0400903B0F0BD0190FFF735
:1001F000A5FD019803B0F0BD26080020F0B583B03E
:1002000004460F4616461D46FFF73CFD8420FFF7C7
:10021000E9FD20B9FFF792FD002003B0F0BD2046B4
:10022000FFF7E0FD0028F5D03846FFF7DBFD00289A
:10023000F0D0FFF727FD8520FFF7D4FDC8B17DB1D1
:10024000741E6F1EC6F1010625443019B842ACBFBA
:1002500000200120FFF778FE04F8010FAC42F4D132
:10026000FFF76CFD064B1878B0FA80F0400903B038
:10027000F0BD0190FFF762FD019803B0F0BD00BF33
:10028000260800202DE9F04100241F4E82B0804650
:100290000725274648FA05F212F0010218BF01228D
:1002A0004FF40041304604F07BFE0022042130462A
:1002B00004F076FE0097009B132B05D8009B0133BA
:1002C0000093009B132BF9D901220421304604F03E
:1002D00067FE4FF48071304604F05CFE6400012834
:1002E000E4B201D144F001040197019B132B05D81E
:1002F000019B01330193019B132BF9D9013DC9D215
:10030000204602B0BDE8F08100040048F0B51E4D63
:1003100087B00024012204214FF09040CDE9004431
:10032000CDE90244049404F03BFE01222846042156
:1003300004F036FE01270323042669464FF090405F
:1003400003930096CDE9017404F02CFD694628461C
:10035000009604F027FD4FF40046694628460096B3
:1003600004F020FD4FF48072002369462846CDE951
:100370000023029704F016FD044800966946029493
:1003800004F010FD07B0F0BD00040048000800486C
:100390005AB32DE9F043DFF8588085B081460E4608
:1003A0001546322706E02D1BA144ADB21FFA89F98C
:1003B0002644B5B109F01F04C4F12004A4B2AC4234
:1003C00028BF2C46CDE90147009602234A46A021CA
:1003D000404605F079F80028E5D0002005B0BDE8DA
:1003E000F083012005B0BDE8F0830120704700BF15
:1003F000D802002000B585B084463223CDE9012320
:10040000009102236246A021044805F05DF9B0FA8C
:1004100080F0400905B05DF804FB00BFD802002061
:100420002DE9F047DFF85C81514FDFF85C918AB02D
:100430000A254FF0FF0A00260121404604F0AAFDDC
:100440000221B0FA80F44046640904F0A3FD08B923
:1004500044F002041021384604F09CFD08B944F031
:1004600004048021384604F095FD08B944F00804DE
:100470004FF40051484604F08DFD08B944F01004D3
:1004800054450CD10136F6B2032E0AD0022003F0F7
:1004900011FA6B1E13F0FF0503D0A246CCE701262C
:1004A000F4E7344B182C1C7004D8334B1C700AB082
:1004B000BDE8F0871F2C1DD02F49304B2C48192444
:1004C0000C70012240211A7004F06AFD28480022B5
:1004D0004FF4007104F064FD25480022402104F02F
:1004E0005FFD002202214FF090400AB0BDE8F047C6
:1004F00004F056BD222201A90020FFF77BFF18B1AE
:100500001F4B019A9A421DD01B491C4B18481924B5
:100510000C70012240211A7004F042FD14480022A0
:100520004FF4007104F03CFD11480022402104F01A
:1005300037FD002202214FF0904004F031FD0AB057
:10054000BDE8F0879DF80830072BDDD101A801F048
:1005500033FC9DF825308342D6D19DF81E20013A08
:10056000D2B2182AD0D8044B1A700AB0BDE8F0876E
:10057000000400485C0000204E0500202E020020F0
:100580004354525500140048000800480E4A0F48D2
:10059000D16930B441F48001D161D2690C4C0D496C
:1005A00082B002F480020192019D00230122C0E981
:1005B0000041C0E90232C0E90433C0E906330362F6
:1005C00002B030BC04F032BE00100240D80200205D
:1005D000005800402A231000144B15495A6930B5C1
:1005E00042F001025A615B69124C83B003F00103CF
:1005F000019300258023019810222046C4E902536C
:10060000C4E90012C4E90455C4E9065504F0FEFA31
:100610002A4603210D2004F095FA0D2004F0CEFAAD
:10062000054B63625C6503B030BD00BF0010024043
:10063000300002402C03002070030020134A1448AD
:10064000916930B441F4805191619269114982B04D
:1006500002F4805201924FF48272C0E90012019DAF
:100660004FF4007200234FF4E064202182610722DE
:10067000C0E90234C0E90433C0E90713C0E9093313
:10068000C26202B030BC06F00DB800BF00100240DC
:1006900070030020003001402F4BF0B5DA692F4C79
:1006A00042F00072DA61DB6991B003F000730093ED
:1006B00002274FF4C0510126CDE90117009801A986
:1006C000032209234FF09040CDE90362059304F023
:1006D00069FB234A04230025C4E900234FF08073FB
:1006E0004FF44022C4E902534FF48013C4E90423B9
:1006F0004FF00123A36120464FF48073A38303F0DE
:100700006BFE06A92046CDE90B55CDE90655CDE98E
:1007100008550D960A950E9603F0DEFE204603F06E
:1007200053FF3946204604F08BF84FF4044120462D
:1007300004F086F82A463146142004F003FA142007
:1007400004F03CFA2A463146162004F0FBF9162044
:1007500004F034FA11B0F0BD00100240DC040020B7
:100760000064004030B5A1B000242022002107A879
:10077000FBF78CFB21463C2210A8CDE90144CDE9D2
:1007800003440594FBF782FB01221023CDE90A23E1
:1007900002254FF4601306A80F9306950D9505F0FA
:1007A0006FF90F23019329464FF4806301A8CDE927
:1007B00003430295059405F08DFC602310A8CDE954
:1007C0001744109305F038FD21B030BD70B50025F9
:1007D0008CB0CDE90655CDE90855324C0A95A36990
:1007E00043F00103A361A36903F001030093009B9D
:1007F000636943F400336361636903F40033019375
:10080000019B636943F480236361636903F480237C
:100810000293029B636943F480036361636903F499
:1008200080032A4603934FF400414FF09040039B0E
:10083000012604F0B5FB4FF4004306A94FF09040A9
:10084000CDE90636CDE9085504F0ACFA03220023C1
:1008500006A915480896CDE9062304F0A3FA06A9CF
:1008600012489023069304F09DFAE36943F0805305
:10087000E361E36903F080530493049B05F0F8F807
:1008800063690B4843F400236361636903F4002345
:100890004FF40052059306A9059B069204F082FAD4
:1008A0000CB070BD00100240001400480004004865
:1008B0000008004870B5002486B07B4D7B48049446
:1008C00022462021CDE90044CDE9024404F068FB32
:1008D0002B78092B00F0B5802B78052B00F0D78002
:1008E0002B78192B00F0A18070480122402104F0E0
:1008F00057FB4FF418710123CDE9001300220323A5
:100900006A486946CDE9022304F04CFA2B78012BA2
:1009100016D02B78022B13D02B78032B10D02B78EA
:10092000062B0DD02B78072B0AD02B780A2B07D05B
:100930002B780C2B04D02B78102B01D02B7883B97B
:100940005A480022082104F02BFB08210123CDE99D
:1009500000130022032355486946CDE9022304F021
:1009600021FA2B78152B72D000225048022104F076
:1009700017FB022569464D48009504F013FA002242
:1009800029464FF0904004F00BFB69464FF0904031
:10099000009504F007FA80230024CDE900350326F2
:1009A000052369464FF090400493CDE9024604F0D8
:1009B000F9F94FF480730093694606234FF0904095
:1009C000CDE90363CDE9015404F0ECF90125224699
:1009D00010214FF09040CDE90154CDE9034404F0DB
:1009E000DFFA102369464FF09040009304F0DAF9E3
:1009F0004FF40413694608224FF09040CDE90023DC
:100A0000029504F0CFF922462146092004F09AF815
:100A1000092004F0D3F822463146172004F092F85A
:100A2000172004F0CBF806B070BD22461F484021C5
:100A300004F0B6FA1D4822464FF4007104F0B0FAF3
:100A400057E71A482246402104F0AAFA51E717480E
:100A500001224FF4804104F0A3FA144800224FF41D
:100A6000805104F09DFA114800224FF4005104F027
:100A700097FA4FF4E0400121CDE900010022032361
:100A80000A486946CDE9022304F08CF96CE7224656
:100A900006484FF4007104F083FA04480122402113
:100AA00004F07EFA25E700BF4E0500200004004850
:100AB000134B1449DA6930B542F00202DA61DB699E
:100AC000114C83B003F00203019300254FF47A73B5
:100AD000019825613F222046C4E90012C4E902536F
:100AE00006F074FA2A4602211D2004F02BF81D207E
:100AF00004F064F8204603B0BDE8304006F07EB84C
:100B000000100240000400406C04002030B50024B6
:100B10008BB0CDE90244CDE90444CDE90644184B3D
:100B200008949A69174D42F400629A619B696C615E
:100B300003F40063014601932846134B019A2B608E
:100B4000C5E90314C5E9014406F072FA6023029373
:100B500000220023CDE9062302A922462846CDE93A
:100B600003440594089406F0D7FA2146284606F077
:100B700013F92A68536C43F4004353640BB030BD3F
:100B80000010024020040020002C014030B5002459
:100B90008BB0CDE90244CDE90444CDE90644144BC1
:100BA0000894DA69134D42F00102DA61DB696C6086
:100BB00003F0010301934FF0804240F6FF132846F3
:100BC000C5E9024301992A602C6106F031FA00233D
:100BD0006022CDE9022302A9224628460494069405
:100BE00006F09AFA2146284606F0D6F80BB030BD3A
:100BF00000100240D4030020F0B5002489B0CDE9F4
:100C00000244CDE90444CDE906441A4B1A4D5A6911
:100C100042F080525A615B692C8303F08053019348
:100C20004FF0A0432B604FF40033012607466B6062
:100C300028460423019AEE61C5E90443C5E902444C
:100C400085F82040AE6285F830406C6302F022FFE8
:100C5000052302A92846CDE90363CDE9054402979F
:100C6000079403F0F7F92146284603F0A9F909B0E3
:100C7000F0BD00BF0010024088020020014B01229D
:100C80001A7070472D020020014803F001BE00BF1A
:100C9000DC040020014803F0FBBD00BFDC040020A1
:100CA000044B4FF090416FF0A0504FF0FF320860BE
:100CB0001A60FEE70004004830B5082889B014D057
:100CC000402801D009B030BD3B4B1B780A2BF9D12D
:100CD00002F0EAFD394A1368C31A012BF2D93849E8
:100CE00010600B6801330B60ECE7334B1A780B2A6A
:100CF00012D01A78052A33D01B780A2BE2D102F0E1
:100D0000D3FD304A1368C31A012BDBD92E4910607A
:100D10000B6801330B60D5E702F0C6FD2B4A136860
:100D2000C31A012BCED99FED227B9523012410609D
:100D3000029327488DF8004000238DED047B069434
:100D40008DF81C3003F0E4FCB8B101AB6A462048D2
:100D500002A903F067FC1F4A136801331360B1E76F
:100D600002F0A2FD1C4A1368C31A012BAAD91B4921
:100D700010600B6801330B60A4E721461448144D42
:100D800003F0A2FC0221124803F09EFC104804214B
:100D900003F09AFC4FF47A7403E0013CA4B2002CF7
:100DA000D3D0284603F0B4FC0028F6D0CDE700BF2E
:100DB00000000000000000004E0500202808002070
:100DC0000C0200202C0800203402002034080020EF
:100DD000DC040020D4010020300800204002002064
:100DE000082004F0EDB800BF402004F0E9B800BFCF
:100DF00002F04EBD014805F0D9BF00BF6C040020D1
:100E0000374B02689A4200D070472DE9F041354CCB
:100E1000354B22782178227822781B78152914BF47
:100E200008214FF48051152A14BF40274FF4804702
:100E300003F0FF0683B92D4D2B685BB1DFF8B88056
:100E40002B4898F800300BBB012204F0A9F80123CD
:100E500088F80030BDE8F081244B254800250122A8
:100E600039461D6004F09CF8224B1B6803B15D639A
:100E70002378092B2DD02378052BEBD1BDE8F04149
:100E80001B4800224FF4007104F08AB8324604F087
:100E900087F888F8006072B62B68013B2B6062B659
:100EA0002B68002BD6D12B68002BD3D12378072BAE
:100EB000D0D02378062BCDD023780A2BCAD0237824
:100EC000102BC7D039460A48BDE8F041012204F092
:100ED00067B807480022402104F062F8CBE700BF62
:100EE000000400404E0500202E0200205402002085
:100EF0000004004820040020500200202DE9F8439F
:100F0000244C254B25786178A2781B78EDB2CEB2BF
:100F1000D7B273B1FF23214A237000236370A370FB
:100F200013702378AB4226D01D4B01221A70BDE806
:100F3000F883DFF8689099F8003033B102F0B4FC20
:100F4000184B1B68C01A0028EBDB4FF0000889F82B
:100F5000008002F0A9FC144B1B68C01A40F2DB535E
:100F600098420FD8FF2384F8008084F80180A37092
:100F70002378AB42D8D16378B342D5D1A378BB42B2
:100F8000D2D1D4E7FF2384F80080637084F8028014
:100F9000C7E700BF700200202E020020C801002019
:100FA000DC010020C4010020CC01002038B51C4821
:100FB00005F002FD012802D00024204638BD044679
:100FC00072B6184B59781A789B78C9B2D2B2DBB294
:100FD00062B61548154D01EB410101EB000C415A79
:100FE000298002EB42029CF80210A9701118825A63
:100FF000A5F8032003EB43038A786A711A18C15AD3
:10100000E98093782B726422002105F10900FAF738
:101010003DFF6D222946024805F0E4FB204638BD1D
:101020007003002070020020347601083808002088
:1010300070B582B072B6824D824A0024022304EB5E
:10104000440C05EB0C000721467815F80CE090F8ED
:1010500002C0F6B25FFA8EFE5FFA8CFC46FA01F02F
:10106000C007936119D500BF00BF00BF00BF00BF1C
:1010700000BF00BF00BF00BF00BF00BF00BF00BF78
:1010800000BF00BF00BF00BF00BF00BF00BF00BF68
:1010900000BF00BF00BF00BF00BF00BF00BF00BF58
:1010A00000BF00BF00BF00BF00BF00BF00BF00BF48
:1010B00000BF00BF00BF00BF00BF00BF00BF00BF38
:1010C00000BF936200BF00BF00BF00BF00BF00BFF2
:1010D00000BF00BF00BF00BF00BF00BF00BF00BF18
:1010E00000BF00BF00BF00BF00BF00BF00BF00BF08
:1010F00000BF00BF00BF00BF00BF00BF00BF00BFF8
:1011000000BF00BF00BF00BF00BF00BF00BF00BFE7
:1011100000BF00BF00BF00BF00BF00BF00BF00BFD7
:1011200000BF00BF00BF00BF013997D207214EFAB0
:1011300001F0C607936119D500BF00BF00BF00BF13
:1011400000BF00BF00BF00BF00BF00BF00BF00BFA7
:1011500000BF00BF00BF00BF00BF00BF00BF00BF97
:1011600000BF00BF00BF00BF00BF00BF00BF00BF87
:1011700000BF00BF00BF00BF00BF00BF00BF00BF77
:1011800000BF00BF00BF00BF00BF00BF00BF00BF67
:1011900000BF00BF936200BF00BF00BF00BF00BF21
:1011A00000BF00BF00BF00BF00BF00BF00BF00BF47
:1011B00000BF00BF00BF00BF00BF00BF00BF00BF37
:1011C00000BF00BF00BF00BF00BF00BF00BF00BF27
:1011D00000BF00BF00BF00BF00BF00BF00BF00BF17
:1011E00000BF00BF00BF00BF00BF00BF00BF00BF07
:1011F00000BF00BF00BF00BF00BF013997D2072169
:101200004CFA01F0C00793611ED500BF00BF00BFBC
:1012100000BF00BF00BF00BF00BF00BF00BF00BFD6
:1012200000BF00BF00BF00BF00BF00BF00BF00BFC6
:1012300000BF00BF00BF00BF00BF00BF00BF03E092
:10124000580200200004004800BF00BF00BF00BFDC
:1012500000BF00BF00BF00BF00BF00BF00BF00BF96
:1012600000BF00BF00BF00BF00BF00BF00BF00BF86
:10127000936200BF00BF00BF00BF00BF00BF00BF40
:1012800000BF00BF00BF00BF00BF00BF00BF00BF66
:1012900000BF00BF00BF00BF00BF00BF00BF00BF56
:1012A00000BF00BF00BF00BF00BF00BF00BF00BF46
:1012B00000BF00BF00BF00BF00BF00BF00BF00BF36
:1012C00000BF00BF00BF00BF00BF00BF00BF00BF26
:1012D00000BF00BF00BF013992D20134082C7FF457
:1012E000AEAE62B600230193019BB3F57A6F06D2CE
:1012F000019B01330193019BB3F57A6FF8D302B0E0
:1013000070BD00BF014803F003BD00BF2C030020E7
:1013100008B500F0ADF806493320FBF7B3FA00B189
:1013200008BDBDE8084003490148FBF795BB00BF75
:10133000000900200422002010B5114C01233320A5
:101340002370FBF7A7FA002817DB0E493320FBF7C1
:10135000D1FA002811DB0C490A48FBF72DFFF2EE09
:10136000000A70EE600A094A9FED090A064905481D
:10137000FBF786FF0223237010BDFF23237010BDEF
:1013800080340020801B002004220020800F0020D9
:101390003333733F014B1878704700BF803400200F
:1013A00003462F2B084614D80C4A6FF0010C0CEBA7
:1013B000431C9444002301313CF8022F120A00F828
:1013C0001320BCF8002001F813200133102BF3D1B7
:1013D000704720220021FAF759BD00BF801B002072
:1013E00002462F2A084637D81D4BDFED1E6A9FEDB7
:1013F0001E7A9FED1E6A00B5013103EB821E0022AA
:101400000DE0FDEEE77A17EE903AC3F3072CDBB25E
:1014100000F812C001F812300132102A1AD0FEEC86
:10142000017A67EEA67AFF23F4EEC77AF1EE10FA9E
:101430004FF07F0CECDCF4EEC67AF1EE10FAE0D55A
:1014400000234FF0800C00F812C001F81230013276
:10145000102AE4D15DF804FB20220021FAF716BD22
:10146000800F00200000C84200FEFF46000000C7B9
:10147000704700BF10B5FEF705FC0020FEF7B2FC78
:1014800050B10620FEF7AEFC0446FEF757FCB4FA56
:1014900084F04009404210BDFEF750FC4FF0FF3091
:1014A00010BD00BF2DE9F041044664000D4617460B
:1014B0001E46FEF7E7FB04F0FE00FEF793FC28B99A
:1014C000FEF73CFC4FF0FF30BDE8F081280AFEF744
:1014D00089FC0028F4D0E8B2FEF784FC0028EFD0A5
:1014E000FEF7D0FB44F00100C0B2FEF77BFC002801
:1014F000E6D0A7B107F1FF38023E00240120FEF735
:1015000023FD0546B4EB080018BF0120FEF71CFDC3
:10151000013440EA0520A74226F8020FEED1FEF77B
:101520000DFC0020BDE8F08170B504460E4615465E
:10153000FEF7A8FB600000F0FE00FEF753FC20B9A8
:10154000FEF7FCFB4FF0FF3070BD300AFEF74AFC9F
:101550000028F5D0F0B2FEF745FC0028F0D0280AAC
:10156000FEF740FC0028EBD0E8B2FEF73BFC044657
:10157000FEF7E4FBB4FA84F04009404270BD00BFBE
:1015800008B500F0ADF806493320F6F78BFF00B13F
:1015900008BDBDE8084003490148F8F7FDBB00BF9E
:1015A00084340020E83F002010B5114C0123332083
:1015B0002370F6F7ABFF002817DB0E493320F7F74F
:1015C00019F8002811DB0C490A48F7F7B3F9F2EED5
:1015D000000A70EE600A094A9FED090A06490548AB
:1015E000F7F71CFA0223237010BDFF23237010BDF0
:1015F00058460020043E0020E83F0020043B002025
:101600003333733F014B1878704700BF58460020B2
:1016100003460B2B084614D80C4A6FF0010C0CEB58
:10162000431C9444002301313CF8022F120A00F8B5
:101630001320BCF8002001F813200133102BF3D144
:10164000704720220021FAF721BC00BF043E002091
:1016500002460B2A084637D81D4BDFED1E6A9FED68
:101660001E7A9FED1E6A00B5013103EB821E002237
:101670000DE0FDEEE77A17EE903AC3F3072CDBB2EC
:1016800000F812C001F812300132102A1AD0FEEC14
:10169000017A67EEA67AFF23F4EEC77AF1EE10FA2C
:1016A0004FF07F0CECDCF4EEC67AF1EE10FAE0D5E8
:1016B00000234FF0800C00F812C001F81230013204
:1016C000102AE4D15DF804FB20220021FAF7DEBBEA
:1016D000043B00200000C84200FEFF46000000C797
:1016E000704700BF10B5FEF7CDFA0020FEF77AFB79
:1016F00050B10620FEF776FB0446FEF71FFBB4FA56
:1017000084F04009404210BDFEF718FB4FF0FF3057
:1017100010BD00BF2DE9F041044664000D46174698
:101720001E46FEF7AFFA04F0FE00FEF75BFB28B999
:10173000FEF704FB4FF0FF30BDE8F081280AFEF70A
:1017400051FB0028F4D0E8B2FEF74CFB0028EFD0A4
:10175000FEF798FA44F00100C0B2FEF743FB002800
:10176000E6D0A7B107F1FF38023E00240120FEF7C2
:10177000EBFB0546B4EB080018BF0120FEF7E4FBC5
:10178000013440EA0520A74226F8020FEED1FEF709
:10179000D5FA0020BDE8F081F0B5054683B00E46CD
:1017A0001446FEF76FFA680000F0FE00FEF71AFB21
:1017B00028B9FEF7C3FA4FF0FF3003B0F0BD300A8E
:1017C000FEF710FB0028F4D0F0B2FEF70BFB002868
:1017D000EFD0200AFEF706FB0028EAD0E0B2FEF7C1
:1017E00001FB0746FEF7AAFA002FE4D00DF106032D
:1017F000012231462846FFF78DFF0028DBD1BDF8D6
:101800000630A34218BF6FF0010003B0F0BD00BF67
:1018100008B54FF400616620FCF724F8002805DBCA
:10182000BDE8084000216620FCF74CB808BD00BFA9
:1018300010B5084C012366202370FCF785F80028BA
:1018400005DB6620FCF79CF8002800DB10BDFF23B9
:10185000237010BD8852002038B50D4D2C78012C16
:1018600001D0204638BD6620FCF75CF800280CDB70
:101870000128F6D1074B084A08496620FCF78EF884
:10188000002802DB02242C70EBE7FF242C70E8E731
:10189000885200205C460020604C002060520020EE
:1018A00003462F2B084614D80C4A6FF0010C0CEBA2
:1018B000431C9444002301313CF8022F120A00F823
:1018C0001320BCF8002001F813200133102BF3D1B2
:1018D000704720220021FAF7D9BA00BF604C0020DF
:1018E00003462F2B08462CD810B5184A6FF0010E6E
:1018F0000EEB431E9644002301310DE012F5004F1C
:101900001BDBC2F307245FFA82FC00F8134001F8E6
:1019100013C00133102B0FD03EF9022F5200B2F545
:10192000004F4FF0FF0CE9DB7F2400F8134001F873
:1019300013C00133102BEFD110BD4FF0000C8024E9
:10194000E3E720220021FAF7A1BA00BF5C4600209D
:101950002DE9F041044664000D4617461E46FEF789
:1019600091F904F0FE00FEF73DFA28B9FEF7E6F91A
:101970004FF0FF30BDE8F081280AFEF733FA002867
:10198000F4D0E8B2FEF72EFA0028EFD0FEF77AF98D
:1019900044F00100C0B2FEF725FA0028E6D0A7B156
:1019A00007F1FF38023E00240120FEF7CDFA05467C
:1019B000B4EB080018BF0120FEF7C6FA013440EA74
:1019C0000520A74226F8020FEED1FEF7B7F9002056
:1019D000BDE8F08170B5064615460C46FEF752F993
:1019E000700000F0FE00FEF7FDF94DB1254408B986
:1019F0000EE068B114F8010BFEF7F4F9AC42F8D12F
:101A0000B0FA80F040094442FEF798F9204670BDD4
:101A10004FF0FF34FEF792F9204670BD01F04ABF47
:101A200070B582B0322604460D460B46024600963B
:101A30000948782103F070FC58B1074803F052FCC4
:101A4000FEF7A4FD0448009678212B46224603F0B9
:101A500063FC02B070BD00BFD8020020094B1A78A9
:101A600002B9704700B583B003460022022101A8E5
:101A70008DF804208DF80530FFF7D2FF03B05DF834
:101A800004FB00BF610000200D4B1B7803B101B9BE
:101A9000704710B58029A2B028BF802140230A4694
:101AA0000C4601460DF105008DF80430FAF746FAB0
:101AB000611C89B201A8FFF7B3FF22B010BD00BFBF
:101AC000610000200E4B1B7803B9704700B583B04E
:101AD00001F00F030A09503804214FF0000C1032B6
:101AE0008DF805000DEB01008DF804C08DF806306F
:101AF0008DF80720FFF794FF03B05DF804FB00BFEB
:101B0000610000200F4B10B55A6942F400325A614F
:101B10005B6988B04FF4C060122103F40033CDE953
:101B200002010193012202A94FF0904004240323F3
:101B3000CDE904230694019B03F034F9FEF726FD5A
:101B400008B010BD0010024030B583B0FFF7DAFFD7
:101B5000322001F0AFFE05239548964C02227821F1
:101B600003F0B6FE051E0CBF01230023237001D035
:101B700003B030BD4FF42E43022101A8ADF804306C
:101B8000FFF74EFF2378002BF2D04FF4554302218C
:101B900001A8ADF80430FFF743FF2378002BE7D00E
:101BA0004FF40043022101A8ADF80430FFF738FFDD
:101BB0002378002BDCD04FF42843022101A8ADF894
:101BC0000430FFF72DFF2378002BD1D04FF47C5346
:101BD000022101A8ADF80430FFF722FF2378002B83
:101BE000C6D04FF45343022101A8ADF80430FFF7EB
:101BF00017FF2378002BBBD0022101A8ADF80450B9
:101C0000FFF70EFF2378002BB2D04FF48043022160
:101C100001A8ADF80430FFF703FF2378002BA7D00D
:101C20004FF40D43022101A8ADF80430FFF7F8FE90
:101C30002378002B9CD04FF4A053022101A8ADF8CB
:101C40000430FFF7EDFE2378002B91D04FF40053C2
:101C5000022101A8ADF80430FFF7E2FE2378002B43
:101C600086D04FF40073022101A8ADF80430FFF7CD
:101C7000D7FE2378002B3FF47BAF4FF421430221A2
:101C800001A8ADF80430FFF7CBFE2378002B3FF41A
:101C90006FAF4FF44843022101A8ADF80430FFF7BD
:101CA000BFFE2378002B3FF463AF4FF45A43022169
:101CB00001A8ADF80430FFF7B3FE2378002B3FF402
:101CC00057AF4FF49053022101A8ADF80430FFF74D
:101CD000A7FE2378002B3FF44BAF4FF401430221C2
:101CE00001A8ADF80430FFF79BFE2378002B3FF4EA
:101CF0003FAF4FF44F43022101A8ADF80430FFF786
:101D00008FFE2378002B3FF433AF4FF45943022169
:101D100001A8ADF80430FFF783FE2378002B3FF4D1
:101D200027AF4FF47143022101A8ADF80430FFF74B
:101D300077FE2378002B3FF41BAF4FF45B43022167
:101D400001A8ADF80430FFF76BFE2378002B3FF4B9
:101D50000FAF4FF48043022101A8ADF80430FFF724
:101D60005FFE2378002B3FF403AF4FF4244302219E
:101D700001A8ADF80430FFF753FE2378002B3FF4A1
:101D8000F7AE4FF42643022101A8ADF80430FFF767
:101D900047FE2378002B3FF4EBAE4FF42F43022194
:101DA00001A8ADF80430FFF73BFE03B030BD00BF23
:101DB000D802002061000020411E00F1200C00200C
:101DC00011F8012F0823504042B2002AB8BF520038
:101DD0004FEA4000B8BF82F0070203F1FF33ACBF07
:101DE000C0B2D0B213F0FF03EED18C45E8D17047FA
:101DF000F0B500248BB0484D222201A920462C705A
:101E0000FEF7F8FA18B1454B019A9A4201D00BB08F
:101E1000F0BD9DF80830072BF9D10DF103000DF14D
:101E2000240C224610F8011F08234A4051B2002911
:101E3000B8BF49004FEA4202B8BF81F0070103F181
:101E4000FF33ACBFD2B2CAB213F0FF03EED1844568
:101E5000E8D19DF825309342D9D1314F01AE3446B7
:101E60000FCC644507F1100706F1100647F8100C77
:101E700047F80C1C47F8082C47F8043CEFD133888E
:101E80003B80284E01232B7001AC25460FCD6545C4
:101E900006F1100604F1100446F8100C46F80C1C6C
:101EA00046F8082C46F8043CEFD11F4B21889DF8DA
:101EB000140018709DF8152031809DF817505A7045
:101EC0009DF818409DF816209DF8190017499A7042
:101ED000002202EB42030132CD540B44082A5C700D
:101EE0009870F6D1124C134B9DF81B502570124878
:101EF0009DF81D401C70114A9DF81E4004709DF80D
:101F00001F4014700E490F4BDDF821209DF8200072
:101F100008701A607BE700BF2A0500204354525521
:101F20002C0500200405002070020020580200202B
:101F3000DF010020290500202805002027050020BA
:101F4000260500204C020020F0B58BB02222002193
:101F500001A8F9F79BFF72B67B4C7C492278237865
:101F6000019107208DF808008DF80920002B40F022
:101F7000A480774B1B889BB22278ADF80A300A2ADE
:101F800004BF734B1B8822780CBF9BB20023052A29
:101F9000ADF80C3004BF6F4B1B7822780CBFDBB25E
:101FA0000023052A8DF80E3000F0C380002322782C
:101FB0008DF80F30092A04BF674B1B7822780CBFBD
:101FC000DBB20023092A8DF8103000F0A88000232E
:101FD00022788DF811300A2A04BF604B1B782278D2
:101FE0000CBFDBB200230A2A8DF8123008BF5C4B0D
:101FF0005C4A08BF19785C4B147850788DF815004E
:102000000CBFC9B200218DF8131091781A788DF8A1
:10201000161058788DF8172099781A788DF8144092
:102020008DF818008DF8191012B95A78002A46D088
:1020300001238DF81A304D494D484E4A4E4B0978D0
:10204000007812781B788DF81B108DF81D208DF804
:102050001E304A494A4A4B4B097812781B688DF862
:102060001C008DF81F108DF82020CDF8213062B6AD
:1020700000200DF1030209AD12F8013F0824584079
:1020800043B2002BB8BF5B004FEA4000B8BF83F0FB
:10209000070304F1FF34ACBFC0B2D8B214F0FF04A0
:1020A000EED1AA42E8D18DF825003749212201A8B6
:1020B000F9F7DEFF40B90BB0F0BD00235CE79B7879
:1020C000003B18BF0123B4E7304F01F0EDFB3B6844
:1020D00040F6B732C31A93420646ECD92046222274
:1020E00001A9FEF755F90028E5D0DFF89CC001AC46
:1020F000A646BEE80F00AE450CF1100C04F110042A
:102100004CF8100C4CF80C1C4CF8082C4CF8043C07
:10211000EED12388ACF800303E600BB0F0BD1C4817
:10212000402102F037FFA0F10103B3FA83F35B090A
:102130004EE710214FF0904002F02CFFA0F1010378
:10214000B3FA83F35B0932E74E050020435452553E
:1021500048020020440200202C0200203802002007
:10216000100200207002002058020020DF01002031
:102170002E02002029050020280500202705002028
:10218000260500204C020020040500208C5200206F
:1021900000040048F0B5152A1C4F85B0054628BF3D
:1021A00015220026A7FB0103DB0806F1100003EB54
:1021B000830CA1EB4C0C0DEB000E084634460CF1E1
:1021C000300C013609280EF80CCCF6B21946E9D8C5
:1021D000B24211D800206EB101AA01341444034662
:1021E00014F801CD05F803C0591CA242CBB2F7D1B7
:1021F0003044C0B205B0F0BD921B02F0FF073A4672
:1022000020212846F9F742FE3846E4E7CDCCCCCC75
:1022100070B51446A0B0FFF755FC2178684681B32D
:102220004FF0000C1C4E8646654613E03F2B2CD920
:10223000CEF800508EF8045014F8011F8EF80550A7
:102240000CF1010C0EF1060E5FFA8CFCA9B1BCF189
:10225000150F1CD0A1F16102A1F12003192ADBB2F4
:10226000E4D8203B03EB83039BB29919F2580B7916
:102270008EF80430CEF80020DEE70CEB4C0C4FEA71
:102280004C01FFF701FC20B070BD0B46E9E77E2151
:10229000FFF7FAFB20B070BDF474010808B5002107
:1022A000FFF710FCBDE8084001488021FFF7ECBBB8
:1022B000C07D0108F0B5642B28BF6423802A144632
:1022C00028BF80240D06A1B002D40D19802D2CDC6E
:1022D0001D4D14FB03F3A5FB0335C5F347157AB376
:1022E0006E46B4460023671E0CE0BB420DD001339E
:1022F0005FFA83FEAA4294BF5E224222A6450CF8F2
:10230000012B0AD2DAB2002BEFD101335FFA83FE40
:102310007E22A6450CF8012BF4D3FFF7D3FB214610
:102320003046FFF7B1FB21B0F0BDC1F18004064A91
:10233000E4B214FB03F3A2FB0325C5F34715CFE773
:1023400014466E46E9E700BF1F85EB512DE9F04FBB
:10235000A5B016469946CDE90210BDF8B870BDF893
:10236000BC8001F0A1FA4A4A1368C31AB3F5FA6FA8
:1023700076D248490B785BB910604748474C0278E1
:1023800024F81290013202F01F02027001330B7028
:10239000002E62D0B84560D9029A802E28BF8026D0
:1023A000140605D49319802BC4BFC2F18006F6B27F
:1023B0000C78394B1978631E5FFA83FC06F1100321
:1023C000A8EB070B04AD0DEB030A002C57D000233C
:1023D00018461F2C02D9084400F01F002F4A32F87B
:1023E0001000CDE9001C0122B84238BF38464045F4
:1023F00094BFC7EB000CC7EB080CCCEBCC0CBCFBC0
:10240000FBFC5FFA8CFCCCF1070C06214FF0800E30
:1024100002FA01F061454EEA000001F1FF3103DBF1
:102420005FFA80FE481CF3D105F801EB55452344C3
:102430000BD0B3FBF6F0C0B2844223D82CB3DDE955
:10244000001C1F2C6046C6D8C8E7DDE90210FFF764
:1024500039FB314604A8FFF717FB25B0BDE8F08F24
:1024600010600D4A0D4813780A4920F81390013383
:1024700003F01F0313700B781F2B89D886E748469B
:102480002346AEE7DDE9001CA3E74846ACE700BF02
:10249000D4520020D1520020D0520020905200206F
:1024A000F0B5154F154E3B78192828BF002003EBD7
:1024B000800306EB431384000FCB85B06D4685E89F
:1024C0000F006C210520FFF7FDFA28461021FFF7C9
:1024D000DBFA3B78E01806EB401310330FCB85E8AE
:1024E0000F006C210620FFF7EDFA10212846FFF7B8
:1024F000CBFA05B0F0BD00BFC1010020C08A0108C1
:10250000F0B589B001F0D0F9A14B1B68C01AC728FB
:1025100025D8A04B93E803006C4684E80300002113
:102520000846FFF7CFFA20469B4C0821FFF7ACFA8C
:102530002378102B00F2DC81DFE813F015026A002B
:102540006A002402EF01F70116001600DC01E70122
:10255000FF012C020D02DA01DA01DA0116006C46E5
:10256000002300936360DAE78C4B8D4A19688D4B2A
:10257000002908BF1A460A210020FFF749FE2478E7
:10258000E4B20B2C0DD8DFE814F088010C000C002D
:102590000C005C0131010C000C00D600A20076009A
:1025A0004B000026804953243346721C20336B4471
:1025B000D6B203F8184C8C5D3346002CF5D1774B1E
:1025C0007A491A687A4F8A4202AD98BF1968A819E9
:1025D0000522FFF7DFFD30442022C0B2811800231E
:1025E0000DEB0106611C3344CCB203F8182C3A5DA4
:1025F0002346002AF6D1204408AB53FA80F000F8B5
:10260000182C2A4600210120FFF702FE09B0F0BD78
:10261000624B684A1968634B002908BF1A46AAE74B
:102620000026654948243346721C20336B44D6B2D9
:1026300003F8184C8C5D3346002CF5D15F4B5B4999
:102640001A685F4F8A4202AD98BF1968A81905221F
:10265000FFF7A0FD30442022C0B2811800230DEB0B
:102660000106611C3344CCB203F8182C3A5D2346B2
:10267000002AF6D1BFE70026524948243346721C8F
:1026800020336B44D6B203F8184C8C5D3346002CD3
:10269000F5D14D4B4D4F198802AD0322A81989B2CF
:1026A000FFF778FD30442023C0B2C2180DEB0206BC
:1026B000621C3119D4B201F8183C3B5D002BF7D1F4
:1026C000204408AA52FA80F000F8183C99E7002646
:1026D0003F494C243346721C20336B44D6B203F876
:1026E000184C8C5D3346002CF5D13A4B3A4A1B7896
:1026F0003A4F03EB830303EB83018900A2FB012123
:1027000002AD0322A819C909FFF744FD3044202374
:10271000C0B2C2180DEB0206621C3119D4B201F826
:10272000183C3B5D002BF7D1204408AA52FA80F0F8
:1027300000F8183C65E70026294953243346721CEB
:1027400020336B44D6B203F8184C8C5D3346002C12
:10275000F5D1244B244F198802AD0422A81989B25F
:10276000FFF718FD3044C0B22023C2180DEB02065B
:10277000621C3119D4B201F8183C3B5D002BF7D133
:10278000204408AA52FA80F000F8183C39E700BF4C
:10279000CC010020487201084E05002054020020A0
:1027A000247A010834790108BC7A01089F86010067
:1027B000C47A010854790108A87A0108D4010020DC
:1027C000B07A0108707A01084A0200207C7A010878
:1027D0005C7A01082C02002081808080687A0108E0
:1027E0009C7A0108E6010020947A010800267049CD
:1027F00052243346721C20336B44D6B203F8184C73
:102800008C5D3346002CF5D16A4B6B4F196802ADD5
:102810000522A819FFF7BEFC30442023C0B2C2181D
:102820000DEB0206621C3119D4B201F8183C3B5D75
:10283000002BF7D1204408AA52FA80F000F8183C87
:10284000DFE600265D4956243346721C20336B4474
:10285000D6B203F8184C8C5D3346002CF5D1584B9A
:10286000584F198802AD0422A81989B2FFF792FCCB
:1028700030442023C0B2C2180DEB0206621C31198D
:10288000D4B201F8183C3B5D002BF7D1204408AAD4
:1028900052FA80F000F8183CB3E64B4A5426002365
:1028A000013420336B44E4B203F8186C165D234600
:1028B000002EF5D1454B464F198802AD0322281949
:1028C00089B2FFF767FC20442023C0B2C2180DEB89
:1028D0000204721CA119D6B201F8183CBB5D002B92
:1028E000F7D1304408AA52FA80F000F8183C88E684
:1028F000384A40E6384B1A78022A57D01978374AB6
:10290000344B012918BF1A4635E6354B354A19783C
:10291000304B002908BF1A462DE6334B334A19784D
:10292000334B002918BF1A4625E6324B324A197834
:10293000324B002918BF1A461DE6314A13889BB254
:10294000002B29D0214B198813888AB29BB29A4256
:1029500022D22C4A0FE62C4B2C4A19682C4B00290A
:1029600008BF1A4607E626490B889BB2E3B1174B0E
:10297000244A18880B88264D81B29BB2994228BF01
:102980002A46F8E5204B234A1968214B002908BF45
:102990001A46F0E5204AEEE51B4B204A19681C4B0D
:1029A000002908BF1A46E6E5194AE4E51C4AE2E5B3
:1029B000487A01083C020020507A0108887A010810
:1029C00046020020947A0108347A01084A02002065
:1029D0003C7A0108B4790108E80100204479010833
:1029E0002C020020147A01084502002074790108A5
:1029F000F47901084402002084790108E47901088F
:102A000048020020C479010854020020947901088A
:102A10003479010864790108D4790108047A01083D
:102A2000A479010870B5234DA0B006460024E0B299
:102A30000021FFF747F8013480212846FFF724F8EA
:102A4000082CF4D180221C491C4D6846F9F776FA0F
:102A500000210846FFF736F880216846FFF714F892
:102A6000802217496846F9F769FA00210120FFF72B
:102A700029F880216846FFF707F8042E28BF0026B2
:102A800006EB8606022405EBC61580222946684619
:102A9000F9F754FA204600210134FFF713F8E4B2A5
:102AA00080216846FEF7F0FF072C05F18005ECD188
:102AB00020B070BDC07D010850720108407E010841
:102AC000D072010808B5144A144B002111701B780C
:102AD000134ADBB213701378012B11D013780F2B2C
:102AE0004FF0AE0008D0FEF7B9FF8120FEF7B6FF29
:102AF000CF20FEF7B3FFAF20BDE80840FEF7AEBF22
:102B0000AF20FEF7ABFF8120FEF7A8FFBDE808402D
:102B10000F20FEF7A3BF00BFDE010020DD01002073
:102B2000DF0100202DE9F041B14D2B78192BA2B027
:102B300048D0FFF7E5FCAF4B1B7803F0FF04002BF8
:102B400040F0BE822B78182B1FD8DFE813F0190055
:102B5000E00377047004690462045B045404E60330
:102B60004604160410040A040404FE03F803F203E6
:102B7000EC0331042A0423041C043F0438044D04EC
:102B80009D4A10210220FFF743FB9C4A00210320AD
:102B9000FFF73EFB2E78F6B2102E00F2AC80DFE895
:102BA00016F0AE0064006400640067031403640060
:102BB00064005302CF02550128026400AA00AA0053
:102BC000AA00640002AD80228D498E4E2846F9F796
:102BD000B5F900210846FEF775FF80212846FEF76B
:102BE00053FF802288492846F9F7A8F900210120DF
:102BF000FEF768FF80212846FEF746FF02242046A4
:102C000000210134FEF75EFFE4B280213046FEF77A
:102C10003BFF082CF3D1DFF82C827C4F02240CE020
:102C2000F9F78CF900213046FEF74CFF0134802182
:102C30002846FEF729FF072C0FD098F8003013F034
:102C4000010FE6B24FF0800207EBC4112846E7D02F
:102C500080220021F9F71AF9E4E76D4A04212046A1
:102C600022B0BDE8F041FFF7D3BA72B6694A6A4BA9
:102C70001768D3F8008062B6002F00F03B846749E4
:102C8000674BB94228BF39465326002201348832A7
:102C90006A44E4B202F8806C1E5D2246002EF5D133
:102CA00002AB05221819FFF775FA22AA031952FA86
:102CB00083F3052103F8806C02AA0846FFF7A8FAFF
:102CC000B8F1000F0FD0642433464246A7FB04013D
:102CD000F8F73CFF652871F10001034628BF234641
:102CE000C3F16403DEB23346552205210720FFF706
:102CF000E1FA287876E04B4A0A210520B0E74A4AF3
:102D000013889BB2B3F57A7F38BFB2F80080474A88
:102D100034BF1FFA88F840F2E73854240023013604
:102D200088336B44F6B203F8804C945D3346002C34
:102D3000F5D13F4F398802AD89B20322A819FFF7B8
:102D400029FA8319DBB25E1C88336B44F6B22F225A
:102D500003F8802C4146A8190322FFF71BFA06440A
:102D6000F1B201F18803DFF8E0C020260DEB03008B
:102D7000631C0219DCB202F8806C1CF80460002E9F
:102D8000F6D122AA21443B88009652FA81F14FF4F1
:102D9000E1729BB201F8806C04200192052155225A
:102DA000FFF7D4FA052108462A46FFF731FA214BEE
:102DB000214A1978214B0620002918BF1A460521FF
:102DC000FFF726FA3B881E4964209BB200FB03F301
:102DD000A1FB031307205522C3F307230521FFF7A7
:102DE00069FA304622B0BDE8F041FFF759BB00BF99
:102DF0004E0500202E020020687B0108F87C0108A7
:102E000050730108C07D0108D07301084087010894
:102E10002C7B010854020020580000209F860100EE
:102E2000147D0108B07D010848020020347A0108B1
:102E30004A020020D0010020E07A0108D07A01087F
:102E4000C5B3A291C1010020107D0108A34A1388D7
:102E50009BB2B3F57A7F38BF1788A14A34BFBFB29F
:102E600040F2E7374E260023013488336B44E4B246
:102E700003F8806C165D2346002EF5D1994B198816
:102E800002AD89B203222819FFF784F90444E4B2A1
:102E900004F188036B440134E4B22F22394603F86D
:102EA000802C28190322FFF775F90444E4B204F1D9
:102EB000880322A901346B4451FA84F4432205218A
:102EC00003F8802C08462A4604F8806CFFF7A0F926
:102ED000854A4C2706F1880301366B44F6B203F8A5
:102EE000807C975D002FF5D1804B814A1B78DFF8FD
:102EF0004C8203EB830303EB83018900A2FB0121D6
:102F0000C9090322A819FFF745F90644F6B206F1EC
:102F100088036B44252203F8802C0136754BF6B2EA
:102F200019680422A819FFF735F90644F6B206F12C
:102F3000880352240DEB03027B1C174407F8804CD6
:102F4000DFB218F80740002CF6D122AB3E4453FA0A
:102F500086F62A4606F8804C05210620FFF758F928
:102F6000654A482604F18801631C0DEB010404F84E
:102F7000806CDCB2165D002EF4D1604B1B7803EB45
:102F8000830303EB83015A4B8900A3FB0131C90979
:102F900003222819FFF7FEF80444E4B2584A04F16A
:102FA00088036B4401341168E4B2252203F8802CB5
:102FB00028190422FFF7EEF80444E4B204F1880271
:102FC00052230DEB0201721C0E4406F8803CD6B26F
:102FD00018F80630002BF6D122AA344452FA84F4B1
:102FE00007202A46052104F8803CFFF711F90A2042
:102FF000F8E60521434A0846FFF70AF94249492203
:103000000023013488336B44E4B203F8802C0A5D5A
:103010002346002AF5D13D4B3D491A6802AD8A424C
:1030200098BF196805222819FFF7B4F822AA0319D6
:1030300052FA83F3002607202A46052103F8806C04
:10304000FFF7E6F80B20CDE6324B1A78012A00F0A4
:10305000FC811978304A314B022908BF1A460521F4
:103060000846FFF7D5F82E4B2E4A18782E4B05212F
:10307000002818BF1A460620FFF7CAF82B4A502529
:103080000023013488336B44E4B203F8805C155D9F
:103090002346002DF5D1264B198802AB042289B2B4
:1030A0001819FFF777F822AA031952FA83F30720B9
:1030B000052102AA03F8805CFFF7AAF8082091E630
:1030C0001C4A0A210220FFF7A3F81B4A0A21032009
:1030D00022B0BDE8F041FFF79BB800BF48020020D6
:1030E0006C7D01084A020020747D0108380200202E
:1030F0008180808030020020807D01081002002045
:1031000008020020947D0108A47D0108D40100205C
:103110009F860100E8010020FC7A01081C7B010861
:10312000D0010020E07A0108D07A0108887D0108EA
:10313000E6010020407B0108547B01087C7D0108EA
:10314000C34A50250023013488336B44E4B203F8AA
:10315000805C155D2346002DF5D1BE4E02AB1819DB
:1031600031780322FFF716F80319DBB203F1880266
:103170000DEB0200013322AA52FA83F30521252424
:1031800000F8804C02AA084603F8805CFFF740F87C
:10319000B14BB24A1878B24B0521002818BF1A4625
:1031A0000620FFF735F83378AE4803EB830303EBD3
:1031B00083039B00A0FB0303552207200521C3F3D3
:1031C000C713FFF777F809200CE6A74A5226002319
:1031D000013488336B44E4B203F8806C165D2346F7
:1031E000002EF5D1A14B02AD196805222819FEF772
:1031F000D1FF22AA031952FA83F3052108462A4671
:1032000003F8806CFFF704F8934B944A1978944BB9
:103210000620002918BF1A460521FEF7F9FF944938
:1032200053243346721C88336B44D6B203F8804C67
:103230008C5D3346002CF5D18E4B03221978A819EA
:10324000FEF7A8FF8319DBB203F188020DEB020140
:10325000013322AA52FA83F3252701F8807C072044
:103260002A46052103F8804CFEF7D2FF0520B9E578
:10327000814B56260022013488326A44E4B202F8B7
:10328000806C1E5D2246002EF5D17C4B198802AD64
:10329000032289B22819FEF77DFF22AA031952FAE8
:1032A00083F3052103F8806C08462A46FEF7B0FF39
:1032B00073494F2306F1880201366A44F6B202F8D8
:1032C000803C8B5D002BF5D16E4A6F491278002A45
:1032D0006E4A06F188000ABF11464F2446241A465A
:1032E000684401330244DBB202F8804CCC5C1A46DD
:1032F000002CF6D122AA334452FA83F307202A463F
:10330000052103F8804CFEF783FF04206AE5604A3C
:1033100010210220FEF77CFF37E45E4A10210220D4
:10332000FEF776FF31E45C4A10210220FEF770FFC1
:103330002BE45A4A10210220FEF76AFF25E4584A7E
:1033400010210220FEF764FF1FE4564A10210220DC
:10335000FEF75EFF19E4544A10210220FEF758FFE1
:1033600013E4524A10210220FEF752FF0DE4504AA6
:1033700010210220FEF74CFF07E44E4A10210220E4
:10338000FEF746FF01E44C4A10210220FEF740FF01
:10339000FFF7FBBB494A10210220FEF739FFFFF778
:1033A000F4BB474A10210220FEF732FFFFF7EDBBC6
:1033B000444A10210220FEF72BFFFFF7E6BB424AEA
:1033C00010210220FEF724FFFFF7DFBB3F4A102148
:1033D0000220FEF71DFFFFF7D8BB3D4A1021022057
:1033E000FEF716FFFFF7D1BB3A4A10210220FEF785
:1033F0000FFFFFF7CABB384A10210220FEF708FF73
:10340000FFF7C3BB354A10210220FEF701FFFFF78B
:10341000BCBB334A10210220FEF7FAFEFFF7B5BB12
:10342000304A10210220FEF7F3FEFFF7AEBB2E4A12
:1034300010210220FEF7ECFEFFF7A7BB2B4A10215C
:103440000220FEF7E5FEFFF7A0BB294A07E600BF12
:10345000607D01082C020020D0010020E07A0108E4
:10346000D07A010881808080487D01083C020020DC
:10347000547D010844020020307D010846020020EE
:10348000407D010845020020F87A0108F07A010821
:10349000787B0108087C0108787C0108E87B01083A
:1034A000687C0108587C0108487C0108F87B010809
:1034B000387C0108287C0108B87C0108A87C010838
:1034C000987C0108887C0108D87C0108C87C010828
:1034D000187C0108E87C0108D87B0108C87B01083A
:1034E000B87B0108A87B0108987B0108887B01084C
:1034F0000C7B010805210846054AFEF789FE642376
:10350000552205210720FEF7D5FEFFF7F2BB00BFCD
:10351000207D01080B4B1B78052B11D172B60A4A8E
:1035200000211368116062B6084A4FF4C87101FBAC
:1035300003F31360116842F20F73994288BF13605E
:10354000704700BF4E050020400200203C020020D2
:103550000A4B1B780A2B10D172B6094A0021136856
:10356000116062B6074AC82101FB03F313601168BA
:1035700042F20F73994288BF136070474E050020D6
:1035800034020020300200200E4B1B78092B04D19E
:1035900010B50D4C23780BB910BD704700F084F9BD
:1035A0000A4B1B68C01AFA28F6D9094B09481B6850
:1035B0000022227040215A6301F0F2FC064B0122E6
:1035C0001A7010BD4E0500202C0200202802002099
:1035D00020040020000400482E0200200F4B1B781E
:1035E000052B04D110B50E4C23780BB910BD7047D4
:1035F00000F05AF90B4B1B68C01AFA28F6D90A4B8F
:103600000A481B68002222704FF400715A6301F0CF
:10361000C7FC074B01221A7010BD00BF4E050020E9
:10362000440200201802002020040020000400486A
:103630002E0200200C4B1A781AB11B78132B00D0E5
:10364000704710B5094C23889BB203B910BD00F038
:103650002BF9074B1B68C01AFA28F7D9054B002134
:10366000012221801A7010BD4E0500204802002062
:10367000000200202E0200200B4B1B780A2B05D1E4
:1036800010B50A4C23889BB20BB910BD704700F0EF
:103690000BF9074B1B68C01AFA28F6D9054B002115
:1036A000012221801A7010BD4E0500204802002022
:1036B000FC0100202E0200200D4B1B780A2B04D1A8
:1036C00010B50C4C23780BB910BD704700F0ECF826
:1036D000094B1B68C01AB0F57A7FF5D9074B084A29
:1036E00018680121002323704363117010BD00BFCF
:1036F0004E05002038020020140200202004002083
:103700002E0200200C4B1B78122B04D110B50B4C51
:1037100023780BB910BD704700F0C6F8084B1B6842
:10372000C01AFA28F6D9074B074A18680121002366
:1037300023704363117010BD4E050020F801002076
:10374000F4010020200400202E0200200D4B1B78E5
:10375000132B04D110B50C4C23780BB910BD704756
:1037600000F0A2F8094B1B68C01AB0F57A7FF5D9B2
:10377000074B084A18680121002323704363117026
:1037800010BD00BF4E050020F0010020EC0100201C
:10379000200400202E0200200A4B1B780A2B10D197
:1037A00072B6094A00211368116062B6074AC8213F
:1037B00001FB03F31360116842F20F73994288BF53
:1037C000136070474E0500200C0200200802002004
:1037D00008B50E4B1B780A2B12D10D4B1B780A2B08
:1037E0000FD90C4B1B6863B900F05EF80A4A1268E7
:1037F00040F6B833801A984202D9084B01221A7059
:1038000008BD00F051F8044B186008BD4E050020BB
:103810001002002008020020D85200202E020020B2
:10382000704700BF38B50E4A0E4B1278054618682F
:103830004FF47A73B3FBF2F3B0FBF3F001F0CCF981
:1038400008B90F2D01D9012038BD0446024629468A
:103850004FF0FF3001F076F9034B20461D6038BD74
:10386000620000205000002064000020074A08B5D4
:10387000136843F010031360032001F051F90F2087
:10388000FFF7D0FFFFF7CCFF002008BD002002406B
:10389000034A044B11681B780B441360704700BF48
:1038A000DC52002062000020014B1868704700BF06
:1038B000DC52002038B50446FFF7F6FF631C0546CE
:1038C00002D0044B1B781C44FFF7EEFF401BA042C4
:1038D000FAD338BD62000020704700BF026838B5D7
:1038E000936803F00303012B01D0002038BD136857
:1038F000DC07FAD5936803F00D03012B044609D0C9
:10390000236C43F010032364636C43F0010363648E
:10391000012038BD9368032143F0020393601160D6
:10392000FFF7C2FF23689B68D9070546DDD5FFF77F
:10393000BBFF401B0228236802D99A68D207DFD454
:103940009B68DB07F3D4D0E703689A6812F00C0F8A
:1039500001D100207047DA6870B59501044604D59E
:10396000008B40F20112904234D060299A6844D012
:10397000500706D59A68920703D49A6842F010025D
:103980009A600C2935D09A68100706D59A68920774
:1039900003D49A6842F020029A606C2929D10C2540
:1039A000FFF782FF236806469B681D4223D0FFF77E
:1039B0007BFF831B0B2B2368F6D99A682A42F3D02E
:1039C000236C43F010032364636C43F001036364CE
:1039D000012070BD1A68500606D4124A01E0013A6F
:1039E000EED019684906FAD540221A609A6856073F
:1039F0000FD40425D4E7002070BD160701D4082594
:103A0000CEE79A689507FAD49A6842F020029A6045
:103A1000F5E79A689507ECD49A6842F010029A602C
:103A2000E7E700BF00940900026838B5936803F027
:103A30000303012B044626D09168154B194209D087
:103A4000236C43F010032364636C43F0010363644D
:103A5000012038BD936843F001039360FFF724FF12
:103A6000236805461B68D9070BD4FFF71DFF431BCE
:103A7000022B2368F6D91A68D207E1D51B68D9074B
:103A8000F3D5002038BD1368D807D5D50020F9E755
:103A90003F00008030B597B000230193D0B1036C94
:103AA00013F01003044618D1056C002D00F0998026
:103AB00002689168CD0040F18280916888007ED4D0
:103AC000216CC90600D463B1236C23F0120343F0C8
:103AD00010032364012017B030BD036CDA06F3D461
:103AE000026893685B07EFD4236C23F4817343F07F
:103AF0000203B2F1A04F2364814B00F0DE809A42B2
:103B000000F0E28003F540739A4277D07D498A4203
:103B100000F0EC80936803F00303012B00F0E880D1
:103B200079488368616823F440330B438360D4E9A8
:103B300002130B43616B607E013918BF012143EA18
:103B4000403343EA013394F82010012900F09980B2
:103B5000A16A01290CD06D48824200F0A28000F5D4
:103B60008070824200F09D80E06A184340EA0103C1
:103B7000916811F00C0F0CD1D16821F4804121F033
:103B80000201D16094F83010207E490041EA803172
:103B90000B43D0685E490140206919430128D16078
:103BA00077D0136B23F00F03136300206064236C42
:103BB00023F0030343F00103236417B030BD236CEB
:103BC00023F0120343F010032364636C43F00103FA
:103BD0006364236C236C23F0120343F0100323640B
:103BE00078E7C0E91255456480F83C50FFF774FE51
:103BF00022689368DB0012D52B465AE7414B4248B6
:103C00009168029301F00301012958D0996801F0ED
:103C10000301012985D11B68DD0788D481E720468F
:103C2000FFF75CFE226C12F0100F034622687FF44F
:103C300040AF00287FF43DAF216C364D21F4885110
:103C400021F0020141F0020121649068296820F00E
:103C500040509060906840F0805090602E48A0FBEB
:103C60000101890C01EB81014900019101990029B1
:103C70003FF41FAF01990139019101990029F9D150
:103C800017E728BB616A013943EA414141F48033B7
:103C90005EE7116BE36921F00F01013B0B431363F6
:103CA00083E7B1F5307F1ED0B1F5807F25D0B1F527
:103CB000E07F08BF4FF4807156E71848A0E711680D
:103CC000C9073FF534AFA1E714484FF0A04397E789
:103CD000216C21F0220141F020012164616C41F04E
:103CE0000101616434E74FF4E0713DE7064887E77E
:103CF0001368DB073FF51BAF12E74FF4307133E772
:103D00000001005000050050000700500004005062
:103D100007C0F0FF5000002083DE1B43000300506B
:103D200038B503689D6815F004052BD190F83C3038
:103D3000012B044626D0012380F83C30FFF774FEA7
:103D4000E8B9226C236822F4706222F0010242F486
:103D50008072B3F1A04F226416D0354A93425DD0F1
:103D6000344A9268D10611D033498B420ED0226C6E
:103D700042F480122264CA68920114D50DE084F8DE
:103D80003C5038BD022038BD2C4A9268226C22F487
:103D900080122264DA68950105D5226C22F4405223
:103DA00042F480522264226C12F480521CBF626C76
:103DB00022F00602626400211C22B3F1A04F84F8B5
:103DC0003C101A6018D01A4A934215D0194A9168CB
:103DD000C9060CD0916801F01F01052907D092682F
:103DE00002F01F02092A02D0134A9342C9D19A68ED
:103DF00042F004029A6038BD104A9168CC06F6D0B1
:103E0000916801F01F010529F1D0926802F01F02AC
:103E1000092AECD0B3F1A04FE9D038BD02F5007209
:103E20009268D506B2D0226C4FF0A041A0E700BF47
:103E30000001005000070050000400500003005033
:103E400090F83C30012B1DD0012310B56C2180F877
:103E50003C300446FFF778FD18B1002384F83C306D
:103E600010BD2046FFF73AFD0028F6D1236C23F45D
:103E7000885323F0010343F001032364002384F8F3
:103E80003C3010BD022070472DE9F04144690368C1
:103E9000082C05460E460FD0B3F1A04F5CD0424827
:103EA000424A4349834218BF0A469168CC063AD138
:103EB000DA68D0073BD40C24B3F1A04F49D03A4A7A
:103EC000934250D03A4A9268D20647D1DF68FFF752
:103ED000EBFC2A6880461368234204D1731C16D178
:103EE00013682342FCD02B6C43F400732B64D3681B
:103EF00007F4005103F440630B4302D11368180721
:103F000039D47B0400D414600020BDE8F081C6B928
:103F100013682340DFD12A6C85F83C3042F004025C
:103F20002A640320F1E7926812F4404FC3D02B6C4F
:103F300043F020032B64002385F83C300120BDE8CA
:103F4000F081FFF7B1FCA0EB0800B0422A68C2D9AB
:103F5000DEE7164A9268B9E7144AA6E7154A934283
:103F6000B4D0D768B3E702F500729268D106ADD03D
:103F70004FF0A042F5E7936813F0040F2B6C0AD1C1
:103F800023F480732B642B6CD904BAD42B6C43F0CC
:103F900001032B64B5E743F020032B646B6C43F003
:103FA00001036B64ADE700BF000100500003005047
:103FB00000070050000400500368186C704700BFF1
:103FC000F8B590F83C30012B40D0012780F83C70C8
:103FD00004460D46FFF782FC0646002831D12368CF
:103FE00027649A68BD4222F080429A6003D19A68A1
:103FF00042F080429A609A6842F000429A60FFF76D
:1040000053FC236805469B68002B14DAFFF74CFC31
:10401000431B0A2B2368F6D99A68002AF3DA236C2B
:10402000002223F0120343F01003012684F83C2001
:1040300023643046F8BD236C23F0030343F00103EF
:104040002364002384F83C303046F8BD0226304615
:10405000F8BD00BF70B490F83C2097B00346012A29
:104060004FF00000019000F0EA8001201A6883F808
:104070003C00906840073ED44D680C6805EB450055
:10408000042D4FEA400000F28D80156B4FF01F0C9D
:104090000CFA00FC25EA0C0504FA00F02843106332
:1040A000906810F00C0F3AD1092C886804EB440595
:1040B00000F2888056694FF0070CA8400CFA05F50D
:1040C00026EA050528435061D0680D694E69C0F3A2
:1040D000C1004000013D86404FEA846C032D00F290
:1040E0003F81DFE815F013000F010501FB001568A3
:1040F000ED0740F18D801A6C42F020021A64012015
:10410000002283F83C2017B070BC7047156EA6489B
:10411000284040EA0C00304340F0004010669068B0
:1041200000F00300012800F08580CD680120012DFA
:1041300000FA04F000F08780D2F8B01021EA000104
:10414000C2F8B010B2F1A04F00F0998097498A42AE
:104150004FD0102C00F09C809549112C40F08980A4
:104160008868C5011CD4B2F1A04F904849D0824262
:1041700045D09048824200F0F1808F4DAA4240D055
:10418000906800F00300012848D11268D207B2D429
:10419000102C05D0112C03D08A6842F480028A606A
:1041A0000020ADE7092D19D90E2D00F28C80956BFA
:1041B0003C381F26864025EA060504FA00F028430D
:1041C00090636DE796691E3D4FF0070CA8400CFA0E
:1041D00005F526EA05052843906175E7556B1E38FD
:1041E0001F26864025EA060504FA00F0284350639E
:1041F00056E7102C7149B0D188680002D0D44FF036
:10420000A0409568029005F00305012D3FF46FAFC3
:10421000856805F00305012D00F09B80102C7BD0F4
:10422000112CB9D1B2F1A04FBAD18A6842F0807294
:104230008A60B5E71068C6077FF577AFB0E7022060
:1042400017B070BC70478D68D2F8B010092C41EAE5
:104250000001C2F8B01021D904EB440091691B3869
:104260000726854006FA00F021EA00012943916102
:1042700068E7122C94D18868400291D473E7102C1F
:104280004E497FF46AAF8868050289D44748B8E789
:104290004749886806027FF56CAF81E7601C516969
:1042A00000EB40000726854006FA00F021EA0001F5
:1042B0002943B2F1A04F51613FF472AF3B498A42AA
:1042C0007FF44AAF6CE7D56B5A381F26864025EA43
:1042D000060504FA00F02843D063E1E6D56E3248C3
:1042E000284040EA0C00304340F00040D06616E71A
:1042F000956E2D48284040EA0C00304340F00040C5
:1043000090660CE7556E2848284040EA0C00304380
:1043100040F00040506602E7B2F1A04F7FF440AF9A
:10432000274A284C12688868A4FB0242920C02EBD0
:104330008202520040F4000088600192019A002A33
:104340003FF42EAF019A013A0192019A002AF9D165
:1043500026E70068C6073FF5CEAE5FE7164850E790
:10436000106E00F0F840604514D0506E00F0F84038
:10437000604514D0906E00F0F840604524D0D06EB7
:1043800000F0F84060457FF4CAAED06E20F00040E7
:10439000D066C4E6106E20F000401066E5E7506E6F
:1043A00020F000405066E5E700F0FF830001005078
:1043B00000070050000400500005005000030050AA
:1043C0005000002083DE1B43906E20F0004090667A
:1043D000D5E700BF704700BF00287BD038B590F804
:1043E00020300446002B72D02268136843F001038A
:1043F0001360FFF759FA054604E0FFF755FA401B32
:104400000A285BD823685A68D107F6D51A6822F0C3
:1044100002021A60FFF748FA054604E0FFF744FA83
:10442000401B0A284AD823685A689207F6D4227E8D
:10443000012A1A680CBF42F0800222F080021A6042
:10444000627E012A1A680CBF42F0400222F040024C
:104450001A60A27E012A1A680CBF42F0200222F0E4
:1044600020021A60E27E012A1A680CBF22F01002B4
:1044700042F010021A60227F012A1A680CBF42F033
:10448000080222F008021A60627F012A1A680CBF33
:1044900042F0040222F004021A60D4E902202169E9
:1044A00002430A4360696168024301390A430020FC
:1044B0000121DA61606284F8201038BD636A052248
:1044C00043F40033636284F82020012038BDFFF7F5
:1044D00081FF89E70120704770B490F820200468BC
:1044E000013A012A07D9426A034642F48022012098
:1044F00070BC5A627047D4F800324A69CD6943F003
:104500000103C4F8003202F01F0001238340D4F8F5
:104510001C0220EA0300C4F81C02D843002D3DD140
:10452000D4F80C52CE680540C4F80C528D8804EBC8
:10453000C20245EA0645C2F840528E680D8845EA37
:104540000645C2F844528A6912BBD4F804220240DC
:10455000C4F804220A69AAB9D4F814221040C4F895
:1045600014020A6A012A04D1D4F81C221343C4F8A5
:104570001C32D4F8003223F001030020C4F80032CA
:1045800070BC7047D4F814221A43C4F81422E8E728
:10459000D4F804221A43C4F80422DBE7012DD2D157
:1045A000D4F80C520E681D43C4F80C528D8804EBED
:1045B000C20245EA0645C2F840528E688D8945EA36
:1045C0000645C2F84452BEE738B590F82030012BBA
:1045D000044605D0436A43F400234362012038BDFA
:1045E0000268022380F82030136823F0010313606F
:1045F000FFF75AF9054604E0FFF756F9431B0A2B6B
:1046000007D823685B6813F00103F5D1636218468D
:1046100038BD636A052243F40033636284F82020C6
:10462000DCE700BF30B490F820C005680CF1FF3C17
:10463000BCF1010FAC6839D814F0E05F06D1436AD1
:1046400043F400134362012030BC7047C4F301649B
:104650000120A04018608B686BB3C86803434868AA
:1046600043EAC00304F1180000012B5005EB041CC1
:104670000B69CCF884310B7D012B4FEA041105D175
:10468000DCF8843143F48073CCF884316B185168C2
:10469000C3F88C111268C3F88821DCF8803143F02C
:1046A0000103002030BCCCF880317047436A43F4EA
:1046B00080234362C7E7CB68086843EA405004F1AF
:1046C00018031B01E850D1E790F82020013A012A95
:1046D000034605D9426A42F4802201205A6270479B
:1046E000CA0704D50068826842F0800282608807A9
:1046F00004D51868826842F4004282604A0704D5F3
:104700001A68936843F4000393600020704700BF69
:1047100090F82030013B012B01D90020704703683D
:1047200098689A689B681201C0F3806048BF0130A6
:10473000DB00F3D50130704790F820C00CF1FF3C4E
:10474000BCF1010F6BD870B5046841B9E568AD07DD
:1047500008D1436A43F400134362012070BD256908
:10476000AE07F6D004EB011C4FEA011EDCF8B05195
:1047700005F004059560002D57D0DCF8B051ED0828
:104780005560DCF8B05105F00205D560DCF8B45195
:104790002D0758BFDCF8B451DCF8B46154BF05F004
:1047A0000F05082515617444DCF8B451C6F30726DB
:1047B00096612D0CD4F8B86155611E700268724480
:1047C000D2F8B821120A5A7002687244D2F8B8219D
:1047D000120C9A7002687244D2F8B821120EDA7084
:1047E00002687244D2F8BC211A7102687244D2F88D
:1047F000BC21120A5A7102687244D2F8BC21120C10
:104800009A7102687244D2F8BC21120EDA71026801
:1048100081B9D36843F02003D360002070BD436AA0
:1048200043F48023436201207047DCF8B0516D0DE2
:104830001560A6E7136943F020031361EDE700BF9D
:1048400090F82020013A012A034605D9426A42F431
:10485000802201205A627047026853690B4300208E
:1048600053617047704700BF704700BF704700BF7B
:10487000704700BF704700BF704700BF704700BF60
:10488000704700BF704700BF704700BF704700BF50
:104890002DE9F84F03685C69D3F804809F68D3F86A
:1048A0000CB0D3F81090D3F818A014F00106054608
:1048B0001FD0F90700F19B800026F9050BD52B6866
:1048C0004FF480729A60BA0500F1DE807B0540F1FA
:1048D000D18046F40056F9030BD52B684FF4803293
:1048E0009A60BA0300F1D4807B0340F1C88046F49B
:1048F0000046210702D51BF0100F72D1620702D5C6
:104900001BF0080F7ED1A30704D52B68DB689F0737
:1049100040F09880600602D519F0100F5BD1A10617
:1049200002D519F0080F74D1E20603D52B681B6974
:104930009B077CD1A70302D518F0100F7BD1E003B1
:1049400002D518F0080F6BD1210440D518F0040FE0
:104950002B683AD0E20544BF0AF001021643A705CE
:1049600074D4610504F400622BD51AF0040F28D02A
:1049700046F00406002A77D01AF0700A74D0BAF113
:10498000400F00F0A88000F28780BAF1200F00F0FD
:10499000BD80BAF1300F00F0B080BAF1100F40F0D6
:1049A00095809A69042122F070029A6146F0080607
:1049B00059606B6A334328466B62FCF75FF9BDE8C8
:1049C000F88F12B11AF0700AD9D104225A60002E61
:1049D000EFD1BDE8F88F2B68102246F480661A618B
:1049E0009DE72B68102246F40076DA6086E7012204
:1049F0009A60BA0735D47B0739D43E075BD54FF4AC
:104A000080565AE72B680822DA602846FFF736FFFF
:104A100079E72B6808221A612846FFF733FF83E7FE
:104A20002B6808225A602846FFF730FF8CE728469B
:104A3000FFF726FF7EE72B6810225A602846FFF713
:104A400023FF7CE72846F9F711FD63E71AF0020F10
:104A500087D0600546F0020604F4006285D41AB1DE
:104A60008AE7FFF7FFFE27E704225A60A1E74FF429
:104A7000006622E7380525D546F480462BE7380343
:104A80001CD546F4803634E72846FFF7EDFE22E7D2
:104A90002846FFF7EBFE2CE7BAF1500F24D0BAF10D
:104AA000600F13D19A69042122F070029A6146F4D2
:104AB000807659607DE7FFF7DBFEFDE62846FFF7CD
:104AC000DBFE16E72846FFF7D5FE04E79A6922F0D9
:104AD00070029A6179E79A69042122F070029A6162
:104AE00046F04006596064E79A69042122F070029A
:104AF0009A6146F0800659605BE79A69042122F0CA
:104B000070029A6146F02006596052E79A690421C2
:104B100022F070029A6146F01006596049E700BF22
:104B20000749CA6803024FF6FF0003F4E06302403E
:104B3000134343F0BF6343F40033CB60704700BFBF
:104B400000ED00E01B4BDB68C3F3022300B5C3F1AB
:104B5000070EBEF1040F03F1040C28BF4FF0040E42
:104B6000BCF1060F1CD9A3F1030C4FF0FF3303FA7D
:104B70000CF322EA03024FF0FF3303FA0EF321EAAB
:104B8000030303FA0CF313431B010028DBB20ADB17
:104B900000F1604000F5614080F800335DF804FBEF
:104BA00000229446E7E7044A00F00F00024413761F
:104BB0005DF804FB00ED00E0FCEC00E0002807DB02
:104BC000044A4109012300F01F00834042F82130CC
:104BD000704700BF00E100E00138B0F1807F01D3F1
:104BE0000120704710B44FF0E023074C58614FF09C
:104BF000F00C84F823C00022072110469A615DF86A
:104C0000044B1961704700BF00ED00E0002833D06D
:104C1000D0E90121034610B4D0E903040A4302435A
:104C20005869196822430243D3E9064022430243EC
:104C30000868124C6FF30D100243A1420A6011D9AB
:104C40000F4A1048104C0A44A0FB020212099200BD
:104C50004FF4807100201984C3E90F425DF8044BC2
:104C600098637047094A07480A44A0FB02021209E8
:104C7000A4F207449200EBE70120704707040240CA
:104C8000F8FBFDBFCDCCCCCC00040240F8FFFDBF4B
:104C900070B490F82040012C09D090F821C0012474
:104CA000A44580F8204005D0002380F82030022061
:104CB00070BC7047022580F821500468C66B00253F
:104CC0008563256825F001052560056C0CFA05F55E
:104CD000756063604368102BC36A0BBFA260A1605C
:104CE000E160E26053B1236843F00E032360236860
:104CF00043F001030020236070BC7047236843F039
:104D00000A032360236823F004032360EFE700BF56
:104D100070B4C66B026C31680468042393400B4284
:104D200025680ED015F0040F0BD02268920603D42C
:104D3000226822F004022260C26A7360CAB170BCA9
:104D40001047022393400B4215D015F0020F12D0EA
:104D50002268920606D4226822F00A02226001220A
:104D600080F82120826A7360002180F82010002AD8
:104D7000E5D170BC7047082393400B42F9D02B0754
:104D8000F7D52368016B23F00E032360012303FA98
:104D900002F24FF480747260048483630029E8D0C7
:104DA00070BC08472DE9F04F0C6885B0002C00F06E
:104DB000828000234FF0010B0BFA03FE1EEA040A67
:104DC00075D04D6805F0030C5A0003260CF1FF382E
:104DD00006FA02F7B8F1010F6FEA07076ED9BCF1C6
:104DE000030F40F0BF800CFA02F2D0F800C00CEACA
:104DF00007073A4315F4403F026058D05F4FBA6945
:104E000042F00102BA61BA6902F001020392039A08
:104E100023F0030202F1804202F5803203F0030C1A
:104E200097684FEA8C0C0F2606FA0CFEB0F1904FF3
:104E300027EA0E0717D0524EB04200F08580514E3F
:104E4000B04200F08880DFF844E1704575D0DFF8AB
:104E500040E170450CBF4FF0040E4FF0050E0EFA06
:104E60000CFC47EA0C079760474A9268EE026FEA2B
:104E70000A07454E54BF3A404AEA0202B260F2685D
:104E8000AE02414E54BF3A404AEA0202F2607268F2
:104E9000AE033D4E54BF3A404AEA020272603268A5
:104EA000ED03394D54BF3A404AEA02022A60013309
:104EB00034FA03F280D105B0BDE8F08FD0F8089045
:104EC000CE6809EA070906FA02F848EA0908C0F8B4
:104ED0000880D0F804808E6828EA0E08C5F3001E0A
:104EE0000EFA03FE4EEA080EC0F804E0D0F80C807B
:104EF00006FA02FE08EA07084EEA080EBCF1020FA5
:104F0000C0F80CE07FF46FAF0E694FEAD30803F0EE
:104F1000070E00EB88084FEA8E0E06FA0EF6D8F858
:104F2000209001960F2606FA0EFE019E29EA0E0930
:104F300046EA090EC8F820E055E74FF0030E0EFAD6
:104F40000CFC47EA0C078EE74FF0010E0EFA0CFC42
:104F500047EA0C0787E74FF0020E0EFA0CFC47EA0F
:104F60000C0780E7D0F80C808E6808EA070806FA7C
:104F700002FE4EEA080EC0F80CE034E700100240D2
:104F8000000400480008004800040140000C0048EC
:104F9000001000480369194214BF01200020704727
:104FA0000AB1816170478162704700BF436901EABD
:104FB000030221EA030141EA02418161704700BF17
:104FC000044A5169014200D1704708B55061FBF7AE
:104FD00073FE08BD00040140F8B503689C6914F035
:104FE000100C054641D0164610220F46DA619C6926
:104FF00014F0200479D1781C4DD19A699106FCD522
:105000002022DA619A6944F0040CD4054FF00100C3
:105010002FD457053AD54FF48061D9614CF0080C74
:10502000960504D54FF400724CF0020CDA619A69CF
:10503000910744BF00229A629A69D20703D49A6901
:1050400042F001029A615A6829490A405A606B6C21
:10505000002243EA0C0320216B6485F8402085F888
:10506000411085F842200120F8BD9A69D4056046B8
:10507000CFD54FF48071D96151054CF0010CCFD5DB
:105080004FF48061D9614CF0080CC9E79405C9D48C
:105090000028CCD1F8BDFEF707FC801BB8422B6876
:1050A00004D81FB19A699206A5D5A9E7586895F862
:1050B000422099690C04D2B20BD5410409D4202AAC
:1050C00007D05A6842F480425A60FEF7EDFB2B6825
:1050D00006469A6992068AD4FEF7E6FB831B192BD3
:1050E0002B68F6D99A6920248CE7002488E700BF52
:1050F00000E800FE70B5036804460D46164605E05C
:10510000FFF76AFF00BB6A1C08D123689B699B07F5
:10511000324629462046F3D5002070BDFEF7C4FB79
:10512000801BA842236801D8002DEFD19A6912F0A4
:105130000202EBD1636C84F8402020210B436364AE
:1051400084F8411084F84220012070BD2DE9F84315
:10515000DDF820901E46054603688846174605E0A0
:10516000FFF73AFF68BB731C0ED12B689C6938EAC5
:1051700004040CBF01230023BB424A4631462846A3
:10518000EED00020BDE8F883FEF78EFBA0EB09000F
:10519000B0422B6801D8002EE8D19A6938EA0202A1
:1051A0000CBF01220022BA42E0D16B6C002243F016
:1051B000200320216B6485F8402085F8411085F894
:1051C00042200120DEE700BF03689B699B0629D4CB
:1051D00070B505460C4616460DE0FEF765FB801BD4
:1051E000A042296800D81CB98B6913F020030DD0A8
:1051F0008B699B0608D4324621462846FFF7ECFE11
:105200000028EAD0012070BD002070BD6A6C85F8CE
:10521000403020210A436A64012085F8411085F856
:105220004230F0E700207047704700BF002854D09C
:1052300010B590F84130044603F0FF02002B47D030
:105240002368242284F841201968626821F0010152
:1052500022F0706219601A619A68E16822F40042D3
:1052600001299A60A26809D042F4044202299A6096
:1052700007D15A6842F400625A6006E042F40042E4
:105280009A605A6822F400625A605968226941F0B3
:10529000007141F4004159606169D8680A43A1690D
:1052A00020F4004042EA0122E169D860206ADA6015
:1052B00001431960196841F001011960002220239F
:1052C000626484F84130226384F84220104610BDA5
:1052D00080F84020FFF7A8FFB2E70120704700BF29
:1052E000704700BFB0B10268242310B580F8413088
:1052F000136823F0010304461360FFF7F1FF002356
:10530000636484F8403084F84130236384F8423089
:10531000184610BD012070472DE9F047994690F8D6
:10532000413082B0202B0A9E40F0908090F84030AF
:10533000012B044600F08A804FF0010A80F840A05B
:105340000F469046FEF7B0FA5246054600901923E4
:105350004FF400412046FFF7F9FE002872D12123C7
:1053600084F84130102384F842306064A4F82A9015
:10537000638D2268C4F824809BB2FF2B6063C7F35F
:10538000090767D8638D9BB22385002B40F08D8081
:1053900053684A490B403B4343F0007343F40053C6
:1053A0005360638D9BB22A4631462046002B38D08D
:1053B000FFF7A0FE002845D1616A236811F8012B90
:1053C0009A62638D228D6162013B9BB26385638D1E
:1053D000013A92B29BB22285002BE2D0002AE0D1A2
:1053E0008021009533462046FFF7B0FEFF2148BBE1
:1053F000638DDFF8D0C022689BB28B42604647D9EC
:105400005368218503EA0C033B4343F0FF7343F4E5
:1054100080335360638D9BB22A4631462046002B71
:10542000C6D1FFF7D1FE68B92368254D2021D96187
:105430005A682A405A6084F8411084F8400084F881
:10544000420000E0012002B0BDE8F087022002B077
:10545000BDE8F087FF232385FE214FF47F034FF043
:10546000807018F801CBC2F828C02185618DDFF863
:105470004CC0C4F82480013989B2618551683B432E
:1054800001EA0C010B43034343F40053536088E7E4
:10549000638D51689BB22385DBB247EA0343014029
:1054A0000B4343F0007353607BE7013B99B24B1C05
:1054B000DBB21B044FF00070D3E700BF009800FC84
:1054C00000E800FE009C00FC2DE9F04F994690F8A2
:1054D000413083B0202BBDF834A00E9F40F0A78050
:1054E0000C9B0446002B00F09B80BAF1000F00F0EB
:1054F000978090F84030012B00F099804FF0010B1D
:1055000080F840B00D469046FEF7CEF95A46064662
:10551000009019234FF400412046FFF717FE0028A2
:1055200040F081800C9B6362212384F84130226823
:1055300062496063402384F842306064A4F82AA082
:1055400053680B405FFA89F143EA0143C5F309054B
:105550002B4343F0807343F4005353603946324683
:105560002046FFF7C7FD002865D1B9F1010F236878
:1055700065D15FFA88F29A6200963B46002280214C
:105580002046FFF7E3FD002855D1638D22689BB2CA
:10559000FF2B70D953684A490B402B4343F0FF73EC
:1055A00043F48033FF212185536003E0638D9BB278
:1055B000002B6ED0324639462046FFF79BFD00286F
:1055C00031D1616A236811F8012B9A62638D228DB3
:1055D0006162013B9BB26385638D013A92B29BB2DB
:1055E0002285002BE2D0002AE0D1802100963B46A4
:1055F0002046FFF7ABFDFF21A8B9638DDFF8C0C0DF
:1056000022689BB28B42604628D95368218503EA01
:105610000C032B4343F0FF7343F480335360C5E71F
:105620004FF400736364012003B0BDE8F08F0220E3
:1056300003B0BDE8F08F002384F84030F3E74FEA71
:1056400018229A62394632462046FFF753FD002859
:10565000F1D122685FFA88F393628DE7638D516818
:105660009BB22385DBB245EA034301400B4343F081
:10567000007353609AE7638D114851689BB223858C
:10568000DBB245EA034301400B4343F00073536030
:1056900090E7324639462046FFF796FD0028C2D1F2
:1056A0002368084D2021D9615A682A405A6084F83D
:1056B000411084F8400084F84200B5E7009800FCEF
:1056C000009C00FC00E800FE2DE9F04F994690F8A0
:1056D000413083B0202BBDF834A00E9F40F0A8804D
:1056E0000C9B0446002B00F09C80BAF1000F00F0E8
:1056F000988090F84030012B00F09A804FF0010B19
:1057000080F840B00D469046FEF7CEF85A46064661
:10571000009019234FF400412046FFF717FD0028A1
:1057200040F082800C9B6362222384F8413022681F
:1057300064496063402384F842306064A4F82AA07E
:1057400053680B405FFA89F143EA0143C5F3090549
:105750002B4343F400535360394632462046FFF74B
:10576000C9FC002868D1B9F1010F236868D15FFA3C
:1057700088F29A6200963B46002240212046FFF7BD
:10578000E5FC002858D1638D22689BB2FF2B73D9AA
:1057900053684C490B402B4343F0807343F49233DE
:1057A00001212185536003E0638D9BB2002B73D0F0
:1057B00000963B46002204212046FFF7C7FC002844
:1057C00032D12268636A526A1A70638D228D616ACF
:1057D000013B9BB26385638D013A92B201319BB26A
:1057E00061622285002BDFD0002ADDD18021009666
:1057F0003B462046FFF7AAFC0121A8B9638DDFF8DC
:10580000CCC022689BB2FF2B604628D95368218503
:1058100003EA0C032B4343F0807343F4803353605B
:10582000C2E74FF400736364012003B0BDE8F08F5A
:10583000022003B0BDE8F08F002384F84030F3E786
:105840004FEA18229A62394632462046FFF752FC48
:105850000028F1D122685FFA88F393628AE7638DAA
:1058600051689BB22385DBB245EA034301400B43F9
:1058700043F00073536097E7638D124851689BB201
:105880002385DBB245EA034301400B4343F0007339
:1058900043F4105353608BE7324639462046FFF7F6
:1058A00093FC0028C0D12368074D2021D9615A6894
:1058B0002A405A6084F8411084F8400084F842007D
:1058C000B3E700BF009800FC00E800FE009C00FC6D
:1058D0002DE9F04784B004460020039094F841007D
:1058E000202867D1174622689946936913F400432C
:1058F00060D194F8400001285CD0C1F30906012171
:1059000084F8401046F00078242184F8411048F4CF
:1059100020586364E368012B06BF46F0007343F42C
:10592000005343465360FDF7BFFF05462068836977
:10593000826903F0200302F0100213431CD1B9F175
:10594000FF3F11D0FDF7B0FF401B484545D8B9F1E6
:10595000000F08D141E0B9F1FF3F05D0FDF7A4FFEA
:10596000401B484539D820688169836901F02001CE
:1059700003F010031943EED0836913F0100A1DD110
:1059800000954B46524620212046FFF7DFFB0028BA
:1059900031D0636C042B04D123682022DA61C4F86F
:1059A00044A0039B01330393039B039BBB4214D28C
:1059B0002268AFE7022004B0BDE8F0871023C3617E
:1059C000002200954B4620212046FFF7BFFB002810
:1059D000E7D123682022DA61E3E7202384F841300D
:1059E000636C43F0200363640120002384F840309B
:1059F00004B0BDE8F08722682023D36184F84130E9
:105A000084F84000D7E700BF28B338B5D0E90031AB
:105A1000826804464CF6CC40186045F25550186038
:105A200059609A60FDF740FF23680546DA68510720
:105A30000AD0FDF739FF401B27282368F6D9DA681A
:105A40005207F3D0032038BD1969E268914204D0AF
:105A50001A61002038BD012070474AF6AA221A6058
:105A6000F7E700BF03684AF6AA2200201A607047D1
:105A7000024A136843F4807313607047007000405B
:105A8000002800F0F9822DE9F047036813F00105C2
:105A900082B0044629D0AF494A6802F00C02042AB9
:105AA00000F043814A6802F00C02082A00F03981B4
:105AB000D4E90132B3F5803F00F05281002B00F0B1
:105AC0008C81B3F5A02F00F04682A24B196821F417
:105AD00080311960196821F480211960D96A21F098
:105AE0000F010A43DA6245E123689F075AD5994AB4
:105AF000516811F00C0F35D0516801F00C010829E4
:105B00002DD02369002B00F0BD81012393FAA3F36C
:105B1000002B00F0A982B3FA83F303F1845303F559
:105B200084139B0001221A60FDF7BEFE0225894FF7
:105B300095FAA5F50646B5FA85F80AE003FA08F3E2
:105B40001A4240F02082FDF7AFFE801B022800F2CF
:105B50003E813A680123002DF0D10123F0E752681D
:105B6000D603CED47B490222086892FAA2F2002A18
:105B700000F00582B2FA82F2012101FA02F210422B
:105B800003D02269012A40F0E280724D60692A68E0
:105B9000F82191FAA1F1B1FA81F122F0F8028840DE
:105BA00002432A601D0721D458074ED5694BDA6994
:105BB000D10040F1AA804FF0000A674D2B68DA054A
:105BC00040F1F580E368012B00F08481002B00F0A8
:105BD0002D81052B5F4B1A6A00F0C98122F001026A
:105BE0001A621A6A22F004021A6278E1A369002B91
:105BF00065D0012393FAA3F3002B00F0FB81574AF1
:105C0000B3FA83F31A44920001231360FDF74CFEAC
:105C10000225504F95FAA5F50646B5FA85F80AE033
:105C200003FA08F31A4240F0D680FDF73DFE801BD0
:105C3000022800F2CC807A6A0123002DF0D10123E2
:105C4000F0E7BAF1000F40F08081E3699BB341496E
:105C50004A6802F00C02082A00F06681022B4FF01D
:105C6000807393FAA3F300F09D81002B00F0FE8176
:105C7000B3FA83F303F1845303F584139B000022EA
:105C80001A60FDF711FE4FF00074324E94FAA4F43E
:105C90000546B4FA84F708E0BB401A420BD0FDF782
:105CA00003FE401B022800F2928032680123002C80
:105CB000F2D10123F1E7002002B0BDE8F087012313
:105CC00093FAA3F3002B00F09381244AB3FA83F3F1
:105CD0001A44920000231360FDF7E6FD02251D4FD4
:105CE00095FAA5F50646B5FA85F808E003FA08F333
:105CF0001A4270D0FDF7D8FD801B022867D87A6A57
:105D00000123002DF2D10123F2E7DA6942F080523B
:105D1000DA61DB6903F080530193019B4FF0010AC4
:105D20004BE74A68D2037FF5C3AE0A494FF400320D
:105D3000096892FAA2F21AB1B2FA82F201259540EC
:105D400029423FF4D2AE6268002A7FF4CEAE012031
:105D5000B2E700BF001002400070004020819010A8
:105D6000A5490B6843F480330B60CB6A23F00F0323
:105D70001343CB62FDF798FD4FF40036DFF87882CD
:105D800096FAA6F60746B6FA86F909E003FA09F389
:105D90001A427FF4A9AEFDF787FDC01B642816D810
:105DA000D8F800200123002EF0D12B46F0E72B6815
:105DB00043F480732B60FDF777FD06462B68DB0507
:105DC0003FF500AFFDF770FD801B6428F6D9032076
:105DD00002B0BDE8F0872368E6E6874E336823F417
:105DE00080333360336823F480233360F36A23F015
:105DF0000F031343F362FDF757FD4FF4003780465E
:105E000097FAA7F7B7FA87F90AE003FA09F31A42F3
:105E10003FF46AAEFDF748FDA0EB08006428D6D831
:105E200032680123002FF0D12B46F0E7724D2B6A28
:105E300023F001032B622B6A23F004032B62FDF78E
:105E400033FD4FF00208064698FAA8F7B7FA87F92B
:105E50000EE02A6A01239FB103FA09F31A423FF4C4
:105E6000F0AEFDF721FD41F28833801B9842AED899
:105E700098FAA8F3002BECD16A6A0123002FEBD12A
:105E80000123EBE7012393FAA3F3002B00F0EA8050
:105E9000B3FA83F303F1845303F584139B000022C8
:105EA0001A60FDF701FD0225534F95FAA5F5064648
:105EB000B5FA85F808E003FA08F31A4261D0FDF755
:105EC000F3FC801B022882D83A680123002DF2D10E
:105ED0000123F2E7484A136A43F001031362FDF716
:105EE000E3FC4FF00208444D98FAA8F70646B7FACB
:105EF00087F90FE02A6A0123A7B103FA09F31A42CE
:105F00007FF49FAEFDF7D0FC41F28833801B9842AE
:105F10003FF65DAF98FAA8F3002BEBD16A6A012334
:105F2000002FEAD10123EAE7012B3FF410AF4B68C1
:105F3000226A03F4803191427FF409AF606A03F46E
:105F40007013181A18BF0120B6E62B4AD36923F044
:105F50008053D36179E603F18043A3F53C3319689C
:105F600041F480211960196841F48031B5E542F0AF
:105F700004021A621A6A42F001021A62AFE70122B1
:105F8000FDE523680EE61C4861690368F82292FA71
:105F9000A2F2B2FA82F223F0F80391400B430360BD
:105FA0002368FFE5002B63D0B3FA83F303F1845336
:105FB00003F584139B0000221A60FDF775FC4FF077
:105FC00000750D4F95FAA5F50646B5FA85F809E076
:105FD00003FA08F31A4213D0FDF766FC801B02286F
:105FE0003FF6F5AE3A680123002DF1D10123F1E728
:105FF000024A6FE6014A07E60010024000054242ED
:106000001E49626A4B68206A23F4741302431A43E0
:106010004A604FF0807393FAA3F35BB3B3FA83F350
:1060200003F1845303F584139B0001221A60FDF7EA
:106030003BFC4FF00074114E94FAA4F40546B4FAF8
:1060400084F709E0BB401A427FF435AEFDF72CFC23
:10605000401B02283FF6BBAE32680123002CF1D171
:106060000123F0E7064B1AE7054B5BE5044B06E618
:10607000034BA0E7024BD8E7012070470010024015
:10608000800042420E4A536803F00C01082901D0F7
:106090000C487047C3F383410B48D26A405CDB0372
:1060A00009D50A49074B02F00F028A5CB3FBF2F3F1
:1060B00003FB00F07047064B03FB00F0704700BF86
:1060C0000010024000127A00509701084097010822
:1060D00000093D00002800F09180524A136803F047
:1060E00007038B422DE9F0410D4604460CD213689C
:1060F00023F007030B431360136803F007038B427D
:1061000002D00120BDE8F0812368990706D54649F1
:10611000A0684A6822F0F00202434A6013F00103CB
:1061200028D062684049012A6AD0022A08685ED0F5
:10613000022191FAA1F119B1B1FA81F101238B4049
:106140001842DED0384E736823F0030313437360A4
:10615000FDF7AAFB41F28838074604E0FDF7A4FBEF
:10616000C01B404559D87368626803F00C03B3EB59
:10617000820FF3D12B4A136803F00703AB4209D90E
:10618000136823F007032B431360136803F007031E
:10619000AB42B6D123685A0706D52349E0684A685E
:1061A00022F4E06202434A601B0707D51E4A2169B8
:1061B000536823F4605343EAC1035360FFF762FF5F
:1061C000194B1A4C5B681A4903F0F003F02292FA5B
:1061D000A2F2B2FA82F2D340164AE35C20FA03F349
:1061E00008681360FDF71EFB0020BDE8F0814FF04A
:1061F000007191FAA1F100299ED1A1E70120704719
:106200004FF40033096893FAA3F343B1B3FA83F36D
:1062100002FA03F3194295D173E7032072E713469C
:10622000F8E700BF0020024000100240607401083F
:1062300064000020500000202DE9F04F0368044660
:10624000D80383B047D5874BDA69D10040F1BD80D0
:10625000854D2B68DA054FF0000640F1C680814A73
:106260006168136A13F4407329D001F440709842B6
:1062700025D0176A4FF4803327F4407193FAA3F3C3
:10628000002B00F0EC80794AB3FA83F31A449200B1
:10629000012313604FF4803393FAA3F3002B00F033
:1062A000DC80724AB3FA83F31A4492006D4D0023E6
:1062B00017F001071360296240F0AB806168694AFA
:1062C000136A23F440730B4313621EB1D36923F0A6
:1062D0008053D3612368DF0706D56249A0680A6B43
:1062E00022F0030202430A639E0706D55D49E06877
:1062F0000A6B22F4403202430A635D0706D559490E
:1063000020690A6B22F4402202430A63980606D5EC
:106310005449E0690A6B22F0100202430A639903B0
:1063200006D55049A06B4A6822F4800202434A60B5
:106330005A0606D54B49206A0A6B22F02002024316
:106340000A631F0706D5474960690A6B22F44012A9
:1063500002430A63DE0606D54249A0690A6B22F4AD
:10636000400202430A639D0506D53E49E06A4A6839
:1063700022F4000202434A60180606D53949606AD1
:10638000CA6A22F4F8720243CA62D90506D53549B1
:10639000A06ACA6A22F478520243CA62DA0406D5B5
:1063A0003049206B0A6B22F4807202430A639B041B
:1063B00003D4002003B0BDE8F08F2A4A616B136B51
:1063C00023F400730B431363F3E7DA69264D42F0BD
:1063D0008052DA61DB6903F080530193019B2B68E3
:1063E000DA054FF001063FF53AAF2B6843F48073AE
:1063F0002B60FDF759FA07462B68DB053FF52FAFF9
:10640000FDF752FAC01B6428F6D9032003B0BDE89B
:10641000F08FFDF749FA4FF0020A80469AFAAAF97E
:10642000B9FA89FB11E02A6A0123B9F1000F12D0F1
:1064300003FA0BF31A427FF441AFFDF735FA41F24C
:106440008833A0EB08009842DFD89AFAAAF3002B11
:10645000E9D16A6AE8E73B46ECE7054A26E7044AE1
:1064600016E700BF0010024000700040008190104D
:10647000800442422DE9F04383B01F4614460A9E31
:106480000D468046FDF710FA3E44361AFDF70CFA29
:106490002C4B1A68C2F3CB3206FB02F28146019202
:1064A000D8F80020936835EA03030CBF01230023CA
:1064B000A34209D07B1C0BD1936835EA03030CBFC0
:1064C000012300239C42F7D1002003B0BDE8F083F4
:1064D000FDF7EAF9A0EB0900B04208D2019B002BBE
:1064E000019B03F1FF3308BF00260193D8E7D8E9E9
:1064F00000315A68B1F5827F22F0E0025A6014D070
:10650000D8F82820B2F5005F07D11A6822F40052AB
:106510001A601A6842F400521A600122002388F8B7
:106520005D2088F85C300320CFE7D8F80820B2F56A
:10653000004F02D0B2F5806FE2D11A6822F040021B
:106540001A60DDE7500000202DE9F04F83B0984637
:10655000002316468DF803300C9C07460D46FDF7C8
:10656000A3F94444A4EB0009FDF79EF9384BD7F892
:1065700000B01A6802EB8202C2EBC2031B0D09FBDA
:1065800003F3824601935A4693682B40B34216D0D8
:10659000B5F5C06F0AD0B8F1FF3F1ED1946805EA87
:1065A000040C66450BD0B5F5C06FF7D15EB1B8F1FC
:1065B000FF3F12D1936803F4C0639E42F6D10020DE
:1065C00003B0BDE8F08F9BF80C30DBB28DF80330E0
:1065D000B8F1FF3F9DF80330E0D0FDF765F9A0EB7F
:1065E0000A0048450AD2019B3A68002B019B03F13F
:1065F000FF3308BF4FF000090193C5E7D7E9003129
:106600005A68B1F5827F22F0E0025A6013D0BA6A6C
:10661000B2F5005F07D11A6822F400521A601A68B6
:1066200042F400521A600122002387F85D2087F8A7
:106630005C300320C4E7BA68B2F5004F02D0B2F56F
:10664000806FE4D11A6822F040021A60DFE700BFD1
:106650005000002070B582B00D46164600920B46E1
:1066600000224FF4C0510446FFF76EFF80B9024686
:1066700000962B4680212046FFF7FCFE024638B9E3
:1066800000962B464FF4C0612046FFF75DFF20B116
:10669000236E43F020032366032002B070BD00BFC9
:1066A000704700BF002800F09480426A2DE9F84F3F
:1066B0000446002A5AD00023C0E9043394F85D3020
:1066C00003F0FF01002B5CD02168E568022384F809
:1066D0005D300B68B5F5E06F23F040030B6057D8D1
:1066E0006BD1A66A4FF4805C06F40057636802F031
:1066F000100EA26803F4827302F404421343226969
:1067000002F002021343626902F0010243EA020B43
:10671000D4E90602236A00F4007A02F0380803F094
:1067200080094BEA0A0343EA0803626B43EA090360
:106730003B4302F008020B60000C05F4706300F0AC
:1067400004001A43024342EA0E02B6F5005F42EA31
:106750000C0226D04A60CB69002023F4006301229A
:10676000CB61206684F85D20BDE8F88F4368B3F5FF
:10677000827FA3D0C26194F85D3003F0FF01002B4B
:10678000A2D184F85C102046FFF78AFF626A9BE77B
:10679000B5F5706F1FD1A66A4FF0000C06F40057D4
:1067A000A4E7236B7BB9B5F5E06F17D90223236308
:1067B0000B6843F400630B6007E04FF4805C002734
:1067C000A7623E4692E7022BF2D0A38D4A600B618E
:1067D000C1E7012070474FF0000CF0E7012323636D
:1067E000F3E700BF90F85C30012B70D010B590F843
:1067F0005D3004460120834284F85C004AD10029C0
:1068000051D0002A4FD0032084F85D00A068A287F1
:106810000023B0F5004F2366C4E91333E287A16378
:1068200022682364A4F84430A4F8463046D0A36A12
:10683000B3F5005F39D0606D314BC362314B836279
:10684000314B036300234363536823F48043536055
:10685000E368B3F5E06F03D84369B3F5806F38D0D0
:10686000E38F0C329BB2FEF713FAC0B923681A68A3
:10687000520603D41A6842F040021A605A6842F085
:1068800020025A605A6842F002025A60002384F8DB
:106890005C3010BD0220002384F85C3010BD236EF4
:1068A00043F0100323660120F5E7136823F4005337
:1068B0001360136843F400531360BCE7136823F0BC
:1068C00040031360136843F480431360AFE7022072
:1068D0007047E38F13F0010F536807D123F480430F
:1068E0005360E38FC3F34E03E387B9E743F4804378
:1068F0005360E38FC3F34E030133E387B0E700BF78
:10690000156901084969010825690108704700BF38
:10691000704700BF08B5406AFFF7FAFF08BD00BF27
:10692000704700BF406A026808B5536823F003034C
:106930005360036E012143F01003036680F85D107D
:10694000FFF7EEFF08BD00BF30B5054683B0446ACF
:10695000FCF7AAFF2B681B689B0622D4236802461B
:10696000586820F020005860586820F002005860F5
:1069700064212046FFF76EFE18B1236E43F020031A
:106980002366A36833B922680193D368019393689F
:106990000193019B01230022E28784F85D30236E7E
:1069A00023B92046FFF7B2FF03B030BD2046FFF702
:1069B000B7FF03B030BD00BF90F85D00704700BF67
:1069C000036A026A22F00102026270B444688269BA
:1069D0000D6822F4803222F073022A438D6823F07E
:1069E00002032B43134DA8420FD005F50065A842C2
:1069F0000BD005F54065A84207D005F58065A84293
:106A000003D005F58065A8420DD1CD6823F00803B9
:106A10002B43D1E9056524F4407446EA050C23F0C4
:106A200004034CEA040449684460826170BC416319
:106A300003627047002C0140036A026A22F48072EC
:106A4000026270B44468C2690D6822F4803222F098
:106A500073022A438D6823F4007343EA0523144D1F
:106A6000A8420FD005F50065A8420BD005F540659A
:106A7000A8420ED00F4DA8420BD005F58065A84264
:106A80000FD106E0CD6823F4006343EA052323F425
:106A90008063D1E9056524F4405446EA050C44EAD4
:106AA0000C1449684460C26170BCC16303627047E2
:106AB000002C014000440140036A026A22F4805223
:106AC000026230B44468C2690D6822F0807222F418
:106AD000E64242EA05228D6823F4005343EA053377
:106AE0000F4DA8420FD005F50065A8420BD005F563
:106AF0004065A84207D005F58065A84203D005F59A
:106B00008065A84204D14D6924F4804444EA851488
:106B100049684460C26130BC01640362704700BFD1
:106B2000002C0140036A026A22F48032026230B40F
:106B30004468426D0D6822F4803222F070022A43CC
:106B40008D6823F4003343EA05430F4DA8420FD06C
:106B500005F50065A8420BD005F54065A84207D0B1
:106B600005F58065A84203D005F58065A84204D1EB
:106B70004D6924F4803444EA052449684460426540
:106B800030BC816503627047002C0140036A026AD1
:106B900022F48012026230B44468426D0D6822F023
:106BA000807222F4E04242EA05228D6823F4001349
:106BB00043EA05530F4DA8420FD005F50065A842E2
:106BC0000BD005F54065A84207D005F58065A842C1
:106BD00003D005F58065A84204D14D6924F48024D2
:106BE00044EA852449684460426530BCC16503625B
:106BF000704700BF002C0140704700BF90F83D3047
:106C0000012B22D103681649022280F83D20DA6860
:106C10008B4242F00102DA6019D0B3F1804F16D0F6
:106C2000104A934213D002F5806293420FD002F5CE
:106C3000963293420BD002F54062934207D01A6815
:106C400042F001021A6000207047012070479968E5
:106C5000054A0A40062AF6D0B2F5803FEFD1F2E7A6
:106C6000002C0140000400400700010010290AD850
:106C7000DFE801F0190909094F090909570909094C
:106C80005F090909670090F84330012B6AD10B1F97
:106C90000C2B5ED8DFE803F0415D5D5D495D5D5D15
:106CA000515D5D5D590090F83E30012B5AD10223B1
:106CB00080F83E30036801F01F01186A01228A4003
:106CC00020EA02001862186A2E4902438B421A62B7
:106CD00043D02D4A934240D002F5406293423CD0CB
:106CE00002F5806293423FD002F5806293423BD02E
:106CF000B3F1804F3DD19968244A0A40062A06D054
:106D0000B2F5803F03D01A6842F001021A600020F9
:106D1000704790F83F30012B24D1022380F83F3098
:106D2000C8E790F84030012B1CD1022380F8403096
:106D3000C0E790F84130012B14D1022380F8413094
:106D4000B8E790F84230012B0CD1022380F8423092
:106D5000B0E7022380F84330ACE75A6C42F40042BB
:106D60005A64C8E7012070475A6C42F400425A64E2
:106D7000C9E7074A9342BED002F580629342BAD077
:106D8000C1E700BF002C01400034014007000100B2
:106D900000040040704700BFFFF768BF704700BFA6
:106DA000704700BF704700BF704700BF036870B5F1
:106DB000DE681D69A907044601D5B20751D46A07E8
:106DC00001D573073AD4280701D5310724D4EB063F
:106DD00001D5F00610D4E90701D5F20763D42B06DC
:106DE0004CD5300667D4680601D571066DD4AA0665
:106DF00001D5B3064ED470BD23686FF010021A613E
:106E000008222277DB6913F4407F204671D0FFF718
:106E1000C7FF00232377DEE723686FF008021A61BB
:106E200004222277DB699A0720465FD1FFF7B6FF7D
:106E30002046FFF7B7FF00232377C8E723686FF0EA
:106E400004021A61022222779B6913F4407F2046D4
:106E500049D1FFF7A3FF2046FFF7A4FF00232377C4
:106E6000B1E76FF002021A61012202779B6999076C
:106E700033D0FFF795FF00232377A0E7EA05B2D5CB
:106E80003306B0D523686FF480721A61204600F093
:106E9000CBF9A8E723686FF0200220461A61BDE80D
:106EA000704000F0BDB923686FF001021A612046FE
:106EB000F9F7A6FF93E723686FF080021A61204676
:106EC00000F0B0F9E9058ED5DCE723686FF04002E9
:106ED0001A612046FFF768FF89E7FFF75FFF20464A
:106EE000FFF760FFC7E7FFF75BFFB7E7FFF758FF64
:106EF000A1E7FFF753FF2046FFF754FF89E700BFE4
:106F0000304A0368904230B422D0B0F1804F3AD07A
:106F1000A2F59432904236D002F58062904232D08F
:106F200002F59632904213D0274A90423CD002F5A7
:106F30008062904238D002F58062904234D00A6874
:106F40008C684969C46223F080030B43826211E0BC
:106F50004C68CA6823F07003234323F4407313433F
:106F60008A684C69C2620A68826223F08003234304
:106F70000A6902630268012142F00402026030BC27
:106F80004161036070474A68CC6823F07003134383
:106F900023F440734A69234323F080038C6813432E
:106FA0000A68C4628262E5E7CC684A698D68C56296
:106FB00023F44073234323F0800313430A6882625F
:106FC000D6E700BF002C01400040014070B310B56F
:106FD00090F83D30044603F0FF0213B3214602232C
:106FE00084F83D3051F8040BFFF78AFF012384F841
:106FF000483084F83E3084F83F3084F8403084F8DC
:10700000413084F8423084F8433084F8443084F8C6
:10701000453084F8463084F8473084F83D3000200D
:1070200010BD80F83C20FFF7E7FDD7E7012070474F
:1070300070B310B590F83D30044603F0FF0213B36F
:107040002146022384F83D3051F8040BFFF758FF26
:10705000012384F8483084F83E3084F83F3084F8C7
:10706000403084F8413084F8423084F8433084F86A
:10707000443084F8453084F8463084F8473084F84A
:107080003D30002010BD80F83C20FFF783FED7E79D
:1070900001207047036A026A22F01002026270B493
:1070A000446882690D6822F0807222F4E64242EA66
:1070B00005228D6823F0200343EA0513144DA842EE
:1070C0000FD005F50065A8420BD005F54065A84234
:1070D0000ED0104DA8420BD005F58065A8420FD107
:1070E00006E0CD6823F0800343EA051323F0400354
:1070F000D1E9056524F4406446EA050C44EA8C04B1
:1071000049684460826170BC81630362704700BF5C
:10711000002C01400044014038B590F83C30012B70
:107120007CD0012304460D4680F83C30142A0CD84C
:10713000DFE802F0220B0B0B320B0B0B430B0B0B9C
:10714000530B0B0B640B0B0B10000120002384F876
:107150003C3038BD0068FFF719FD436D2A6943F4E0
:1071600000634365436D23F480634365436D43EAE5
:10717000022343650020E9E70068FFF721FC8369EB
:107180002A6943F008038361836923F00403836160
:10719000836913438361EDE70068FFF77BFF836931
:1071A0002A6943F400638361836923F48063836104
:1071B000836943EA02238361DCE70068FFF73CFC54
:1071C000C3692A6943F00803C361C36923F0040358
:1071D000C361C3691343C361CCE70068FFF76CFC6C
:1071E000C3692A6943F40063C361C36923F48063FC
:1071F000C361C36943EA0223C361BBE70068FFF7C9
:1072000091FC436D2A6943F008034365436D23F005
:1072100004034365436D13434365ABE7022038BD68
:10722000704700BF704700BF704700BFF8B500BF90
:10723000F8BC08BC9E467047F8B500BFF8BC08BC57
:047240009E467047AF
:10724800000414D5D51404000000FEFEFE00000062
:10725800000000000000FEFEFE000000FEFEFE86AC
:107268008686868686868686787878000000060672
:1072780006060606FEFEFE060606060606000000D0
:10728800F8F8F806060606060606060606060600C6
:107298000000000000E0000000E00000E01888485E
:1072A80038F0000000000000000010080888700096
:1072B80000000000000000001008088870000000AE
:1072C800000000000000000000001F1F1F60606039
:1072D8006060606060601F1F1F0000007F7F7F018B
:1072E8000101070707191919606060000000000014
:1072F800000000007F7F7F00000000000000000009
:107308001F1F1F6060606060606060606060600098
:107318000000000000000304030000000307040449
:10732800060100000606000000000406050404002B
:107338000000060600000000040605040400000022
:107348000000000000000000000000000000000035
:107358000000000000000000F80606060600FE8097
:107368008080FE00FE8686860600F8060606060071
:10737800FE80601806000000000000000606FE06F9
:107388000600FE060606F8000000000000000000E7
:1073980006FE0600FE000000FE00FE18E018FE00D3
:1073A800FE8686867800FE8686860600FE868686A7
:1073B800780078868686060000000000000000003D
:1073C80000000000000000000000000000000000B5
:1073D80000000000000000001F60606060007F0186
:1073E80001017F007F61616160001F606060600073
:1073F8007F010618600000000000000060607F60E8
:1074080060007F6060601F000000000000001860DE
:10741800601F00001F6060601F007F0001007F0088
:107428007F01010100007F61616160007F01071930
:107438006000606161611E00000000000000000043
:107448000000000000000000000000000000F03F05
:1074580059F3F8C21F6EA5010000000000000000EB
:10746800010203040607080974004001820036017E
:1074780092002C01A4002201B9001801D2000E01CB
:10748800EF0004011101FA003901F0006801E6007B
:10749800A001DC00E201D2003002C8008D02BE006B
:1074A800FB02B4007D03AA001504A000C5049600E1
:1074B8008F058C00720682006D07780079086E00CF
:1074C8008F096400A40A5A00AD0B5000A00C4600B6
:1074D800740D3C00250E3200B20E28001D0F1E0050
:1074E8006B0F1400A20F0A00C70F00000000000075
:1074F8000000004F00000700070000147F147F14ED
:10750800242A7F2A12231308646236495522500020
:1075180005030000001C2241000041221C00140841
:107528003E081408083E080800000000000000009B
:10753800000000606000003E5149453E00427F4027
:107548000042615149462141454B311814127F10C0
:1075580027454545393C4A494930017109050336F3
:1075680049494936064949291E0036360000005661
:107578003600000814224100141414141400412287
:1075880014080201510906324979413E7E11111150
:107598007E7F494949363E414141227F4141221C73
:1075A8007F494949417F090909013E4149497A7F93
:1075B8000808087F00417F41002040413F007F08C4
:1075C8001422417F404040407E020C027E7F040826
:1075D800107F3E4141413E7F090909063E41512144
:1075E8005E7F09192946464949493101017F010150
:1075F8003F4040403F1F2040201F3F4038403F63EE
:1076080014081463070870080761514945435C3A38
:107618002D205B00000000000000000000000000BA
:107628000000000000000040404040409249249281
:1076380049269249349249369249A49249A69249D8
:10764800B49249B6924D24924D26924D34924D36BD
:10765800924DA4924DA6924DB4924DB69269249241
:1076680069269269349269369269A49269A69269E8
:10767800B49269B6926D24926D26926D34926D36ED
:10768800926DA4926DA6926DB4926DB693492493AF
:1076980049269349349349369349A49349A6934973
:1076A800B49349B6934D24934D26934D34934D3658
:1076B800934DA4934DA6934DB4934DB693692493DB
:1076C80069269369349369369369A49369A6936983
:1076D800B49369B6936D24936D26936D34936D3688
:1076E800936DA4936DA6936DB4936DB69A49249A3D
:1076F80049269A49349A49369A49A49A49A69A49F0
:10770800B49A49B69A4D249A4D269A4D349A4D36D4
:107718009A4DA49A4DA69A4DB49A4DB69A69249A50
:1077280069269A69349A69369A69A49A69A69A69FF
:10773800B49A69B69A6D249A6D269A6D349A6D3604
:107748009A6DA49A6DA69A6DB49A6DB69B49249BBE
:1077580049269B49349B49369B49A49B49A69B498A
:10776800B49B49B69B4D249B4D269B4D349B4D366F
:107778009B4DA49B4DA69B4DB49B4DB69B69249BEA
:1077880069269B69349B69369B69A49B69A69B699A
:10779800B49B69B69B6D249B6D269B6D349B6D369F
:1077A8009B6DA49B6DA69B6DB49B6DB6D24924D2EC
:1077B8004926D24934D24936D249A4D249A6D24917
:1077C800B4D249B6D24D24D24D26D24D34D24D36FC
:1077D800D24DA4D24DA6D24DB4D24DB6D26924D240
:1077E8006926D26934D26936D269A4D269A6D26927
:1077F800B4D269B6D26D24D26D26D26D34D26D362C
:10780800D26DA4D26DA6D26DB4D26DB6D34924D3AD
:107818004926D34934D34936D349A4D349A6D349B1
:10782800B4D349B6D34D24D34D26D34D34D34D3696
:10783800D34DA4D34DA6D34DB4D34DB6D36924D3D9
:107848006926D36934D36936D369A4D369A6D369C1
:10785800B4D369B6D36D24D36D26D36D34D36D36C6
:10786800D36DA4D36DA6D36DB4D36DB6DA4924DA3B
:107878004926DA4934DA4936DA49A4DA49A6DA492E
:10788800B4DA49B6DA4D24DA4D26DA4D34DA4D3613
:10789800DA4DA4DA4DA6DA4DB4DA4DB6DA6924DA4F
:1078A8006926DA6934DA6936DA69A4DA69A6DA693E
:1078B800B4DA69B6DA6D24DA6D26DA6D34DA6D3643
:1078C800DA6DA4DA6DA6DA6DB4DA6DB6DB4924DBBD
:1078D8004926DB4934DB4936DB49A4DB49A6DB49C9
:1078E800B4DB49B6DB4D24DB4D26DB4D34DB4D36AE
:1078F800DB4DA4DB4DA6DB4DB4DB4DB6DB6924DBE9
:107908006926DB6934DB6936DB69A4DB69A6DB69D8
:10791800B4DB69B6DB6D24DB6D26DB6D34DB6D36DD
:10792800DB6DA4DB6DA6DB6DB4DB6DB6524541445F
:107938005920202020202020200000004C494748C2
:1079480054204F4E2020202020000000444953504E
:10795800454E53494E4720202000000044524956C6
:10796800494E472020202020200000005345415246
:107978004348494E472020202000000049444C45F8
:10798800202020202020202020000000524F544199
:1079980054494E4720202020200000005343414EE8
:1079A8004E494E4720202020200000005354414ECD
:1079B80044425920202020202000000048454154FE
:1079C800494E472E2E2E20202000000041524D45C2
:1079D8004420202020202020200000004452494C30
:1079E8004C494E472020202020000000504152548E
:1079F800205049434B454420200000005052494E36
:107A080054494E472020202020000000454E475270
:107A18004156494E47202020200000004752495037
:107A280050494E47202020202000000054454D504A
:107A38003A20000020432020202020202020000081
:107A480052504D3A200000002020202020202020E5
:107A5800202000004C41534552205057523A2000F4
:107A68002025202020202000484F54454E443A200D
:107A780000000000204320202020202000000000DB
:107A880056414355554D3A20000000002020202043
:107A9800202020005354524F42453A200000000055
:107AA800484954533A20000020202020202020203C
:107AB8002000000053544550533A20002020202035
:107AC8002020202000000000454E4453544F503AD7
:107AD8002048495420200000454E4453544F503A02
:107AE800204F50454E20000046494C4C00000000F5
:107AF8004F4B00004C494748543A204F46462020F7
:107B0800202000004C494748543A204649584544EB
:107B1800202000004C494748543A205354524F42C1
:107B280045200000434845434B204944204A554DD1
:107B380050455253000000005B20435249544943CA
:107B4800414C204552524F52205D0000205359535A
:107B580054454D20424C4F434B4544200000000003
:107B680054313220534F4C4445522049524F4E0015
:107B780050415354452044495350454E53455200B3
:107B88004C49515549442044495350454E5352009D
:107B9800534352455744524956455220202020000D
:107BA80056414355554D205049434B5550202000D0
:107BB8004452494C4C20424C34323630202020006C
:107BC800475249505045522047494D42414C2000A8
:107BD80047524950504552204E454D4120313400BE
:107BE80056414355554D2047524950204C47200097
:107BF800534D54205049434B26504C414345200097
:107C0800414F4920494E5350454354494F4E200057
:107C18004C415345522044494F4445203130570088
:107C28003344205052494E544552202056342000A7
:107C38005343414E2050524F4245202020202000DF
:107C4800454C454354524F4D41474E455420200022
:107C580053504F542057454C444552202020200073
:107C6800434F4E464F524D414C20434F4154200004
:107C7800464C59494E472050524F4245202020003B
:107C8800555620435552494E472020202020200099
:107C9800484F5420414952205245574F524B2000DB
:107CA80050524553532D46495420494E535254007F
:107CB8004352494D50494E47204143545541540081
:107CC800544845524D414C20494E53504543540069
:107CD8005041535445204A455454494E47202000AA
:107CE800554C545241534F4E49432057454C44003C
:107CF8002D2D2D2D2D2D2D2D2D2D2D2D2D2D2D2DAC
:107D08002D2D2D2D00000000204300005354455018
:107D1800532052454D3A20005354415455533A206C
:107D2800524541445900000056414355554D2041A4
:107D380044433A20000000004F424A3A2000000025
:107D48005245414C2052504D3A2000005345545062
:107D58004F494E543A200000504F5745523A202080
:107D6800202000004E4F5A5A4C453A004C46414E8E
:107D78003A00000052504D004846414E3A0000007B
:107D8800504552494F443A20000000005354415492
:107D980055533A2041524D4544200000494D504129
:107DA8004354533A202000004255532043414E206B
:107DB8004F4E4C494E4500000000000000000000F6
:107DC80000000000000000000000000000000000AB
:107DD800000000000000000000000000000000009B
:107DE800000000000000000000000000000000008B
:107DF800000000000000000000000000000000007B
:107E0800000000000000000000000000000000006A
:107E1800000000000000000000000000000000005A
:107E2800000000000000000000000000000000004A
:107E3800000000000000000000000000000000003A
:107E480000000000000000000000000F7F7F0F000E
:107E5800000000000000000000000000000000001A
:107E6800000000000000000000000000000000000A
:107E780000000000000000000000000000000000FA
:107E880000000000000000000000000000000000EA
:107E980000000000000000000000000000000000DA
:107EA80000000000000000000000000000000000CA
:107EB8000000000000000000000000000000FCFCC2
:107EC800FC1C1C1C1C1C1C1C1C1C1C1C1C1C1C1C0A
:107ED8001C1C1C1C1C1C1C1C1CFCFCFC00000000AA
:107EE800000000000000000000000000000000008A
:107EF800000000000000000000000000000000007A
:107F08000000000000000000000000000000000069
:107F18000000000000000000000000000000000059
:107F28000000000000000000000000000000000049
:107F38000000000000000000000000000000FFFF3B
:107F4800FF00007F7F7F7F7F7F7F000000000000B1
:107F58007F7F7F7F7F7F7F0000FFFFFF00000000A3
:107F68000000000000000000F0F0F0000000000039
:107F780000000000000000000000000000000000F9
:107F880000000000000000000000000000000000E9
:107F9800000000000000000000000000F0F0F030D9
:107FA80030F0F0E00000E0F0F03030F0F0E00030C9
:107FB80030F0F0F030303000000000000000FFFF2B
:107FC800FF000000C0C0C0C0C0C0C0C0C0C0C0C0AA
:107FD800C0C0C0C0C0C0000000FFFFFF000000001C
:107FE80000000000C0C00000FFFFFF00FFFFFF000F
:107FF80000FFFFFF00009EDFDF636323FFFFFEFF3C
:10800800FFFF0203FFFFFE0000FEFFFF3333BFBF89
:10801800BE00FFFFFF0203FFFFFE0000FFFFFF1887
:1080280018FFFFE70000FFFFFF0000FFFFFF000051
:1080380000FFFFFF00000000000000000000FFFF3D
:10804800FFE0E0E0E1E1E1E1E1E1E1E1E1E1E1E1FD
:10805800E1E1E1E1E1E1E0E0E0FFFFFF0000000035
:10806800000000000F0F0C0C0F0F0700070F0F0C7C
:10807800040F0F0F0000070F0F0C0C040F0F0F0F4A
:108088000F0F00000F0F0F0000070F0F0C0C0F0F42
:1080980007000F0F0F00000F0F0F00000F0F0F0C3E
:1080A8000C0F0F070000070F0F0C0C0F0F07000035
:1080B800000F0F0F0000000000000000000000008B
:1080C80000000000000000000F7F7F0F000000008C
:1080D8000000000000000000000000000000000098
:1080E8000000000000000000000000000000000088
:1080F8000000000000000000000000000000000078
:108108000000000000000000000000000000000067
:108118000000000000000000000000000000000057
:108128000000000000000000000000000000000047
:108138000000000000000000000000000000FCFC3F
:10814800FC1C1C1C1C1C1C1C1C1C1C1C1C1C1C1C87
:108158001C1C1C1C1C1C1C1C1CFCFCFC0000000027
:108168000000000000000000000000000000000007
:1081780000000000000000000000000000000000F7
:1081880000000000000000000000000000000000E7
:1081980000000000000000000000000000000000D7
:1081A80000000000000000000000000000000000C7
:1081B8000000000000000000000000000000FFFFB9
:1081C800FF00007F7F7F7F7F7F7F0000000000002F
:1081D8007F7F7F7F7F7F7F0000FFFFFF0000000021
:1081E8000000000000000000F0F0F00000000000B7
:1081F8000000000000000000000000000000000077
:108208000000000000000000000000000000000066
:10821800000000000000000000000000F0F0F03056
:1082280030F0F0E00000E0F0F03030F0F0E0003046
:1082380030F0F0F030303000000000000000FFFFA8
:10824800FF000000F0F0F0F0F0F0F0F0F0F0F0F0E7
:10825800F0F0F0F0F0F0000000FFFFFF0000000079
:1082680000000000C0C00000FFFFFF00FFFFFF008C
:1082780000FFFFFF00009EDFDF636323FFFFFEFFB9
:10828800FFFF0203FFFFFE0000FEFFFF3333BFBF07
:10829800BE00FFFFFF0203FFFFFE0000FFFFFF1805
:1082A80018FFFFE70000FFFFFF0000FFFFFF0000CF
:1082B80000FFFFFF00000000000000000000FFFFBB
:1082C800FFE0E0E0E3E3E3E3E3E3E3E3E3E3E3E363
:1082D800E3E3E3E3E3E3E0E0E0FFFFFF00000000A7
:1082E800000000000F0F0C0C0F0F0700070F0F0CFA
:1082F800040F0F0F0000070F0F0C0C040F0F0F0FC8
:108308000F0F00000F0F0F0000070F0F0C0C0F0FBF
:1083180007000F0F0F00000F0F0F00000F0F0F0CBB
:108328000C0F0F070000070F0F0C0C0F0F070000B2
:10833800000F0F0F00000000000000000000000008
:1083480000000000000000000000000F7F7F0F0009
:108358000000000000000000000000000000000015
:108368000000000000000000000000000000000005
:1083780000000000000000000000000000000000F5
:1083880000000000000000000000000000000000E5
:1083980000000000000000000000000000000000D5
:1083A80000000000000000000000000000000000C5
:1083B8000000000000000000000000000000FCFCBD
:1083C800FC1C1C1C1C1C1C1C1C1C1C1C1C1C1C1C05
:1083D8001C1C1C1C1C1C1C1C1CFCFCFC00000000A5
:1083E8000000000000000000000000000000000085
:1083F8000000000000000000000000000000000075
:108408000000000000000000000000000000000064
:108418000000000000000000000000000000000054
:108428000000000000000000000000000000000044
:108438000000000000000000000000000000FFFF36
:10844800FF00000C0C0C0C0C0C0C000000000000D1
:108458000C0C0C0C0C0C0C0000FFFFFF00000000C3
:108468000000000000000000F0F0F0000000000034
:1084780000000000000000000000000000000000F4
:1084880000000000000000000000000000000000E4
:10849800000000000000000000000000F0F0F030D4
:1084A80030F0F0E00000E0F0F03030F0F0E00030C4
:1084B80030F0F0F030303000000000000000FFFF26
:1084C800FF000000C0C0C0C0C0C0C0C0C0C0C0C0A5
:1084D800C0C0C0C0C0C0000000FFFFFF0000000017
:1084E80000000000C0C00000FFFFFF00FFFFFF000A
:1084F80000FFFFFF00009EDFDF636323FFFFFEFF37
:10850800FFFF0203FFFFFE0000FEFFFF3333BFBF84
:10851800BE00FFFFFF0203FFFFFE0000FFFFFF1882
:1085280018FFFFE70000FFFFFF0000FFFFFF00004C
:1085380000FFFFFF00000000000000000000FFFF38
:10854800FFE0E0E0E1E1E1E1E1E1E1E1E1E1E1E1F8
:10855800E1E1E1E1E1E1E0E0E0FFFFFF0000000030
:10856800000000000F0F0C0C0F0F0700070F0F0C77
:10857800040F0F0F0000070F0F0C0C040F0F0F0F45
:108588000F0F00000F0F0F0000070F0F0C0C0F0F3D
:1085980007000F0F0F00000F0F0F00000F0F0F0C39
:1085A8000C0F0F070000070F0F0C0C0F0F07000030
:1085B800000F0F0F00000000000000000000000086
:1085C80000000000000000000000000000000F7F15
:1085D8007F0F000000000000000000000000000005
:1085E8000000000000000000000000000000000083
:1085F8000000000000000000000000000000000073
:108608000000000000000000000000000000000062
:108618000000000000000000000000000000000052
:108628000000000000000000000000000000000042
:108638000000000000000000000000000000FCFC3A
:10864800FC1C1C1C1C1C1C1C1C1C1C1C1C1C1C1C82
:108658001C1C1C1C1C1C1C1C1CFCFCFC0000000022
:108668000000000000000000000000000000000002
:1086780000000000000000000000000000000000F2
:1086880000000000000000000000000000000000E2
:1086980000000000000000000000000000000000D2
:1086A80000000000000000000000000000000000C2
:1086B8000000000000000000000000000000FFFFB4
:1086C800FF00007F7F7F7F7F7F7F0000000000002A
:1086D8007F7F7F7F7F7F7F0000FFFFFF000000001C
:1086E8000000000000000000F0F0F00000000000B2
:1086F8000000000000000000000000000000000072
:108708000000000000000000000000000000000061
:10871800000000000000000000000000F0F0F03051
:1087280030F0F0E00000E0F0F03030F0F0E0003041
:1087380030F0F0F030303000000000000000FFFFA3
:10874800FF000000F0F0F0F0F0F0F0F0F0F0F0F0E2
:10875800F0F0F0F0F0F0000000FFFFFF0000000074
:1087680000000000C0C00000FFFFFF00FFFFFF0087
:1087780000FFFFFF00009EDFDF636323FFFFFEFFB4
:10878800FFFF0203FFFFFE0000FEFFFF3333BFBF02
:10879800BE00FFFFFF0203FFFFFE0000FFFFFF1800
:1087A80018FFFFE70000FFFFFF0000FFFFFF0000CA
:1087B80000FFFFFF00000000000000000000FFFFB6
:1087C800FFE0E0E0E3E3E3E3E3E3E3E3E3E3E3E35E
:1087D800E3E3E3E3E3E3E0E0E0FFFFFF00000000A2
:1087E800000000000F0F0C0C0F0F0700070F0F0CF5
:1087F800040F0F0F0000070F0F0C0C040F0F0F0FC3
:108808000F0F00000F0F0F0000070F0F0C0C0F0FBA
:1088180007000F0F0F00000F0F0F00000F0F0F0CB6
:108828000C0F0F070000070F0F0C0C0F0F070000AD
:10883800000F0F0F00000000000000000000000003
:10884800000000000000000000000000FCFCFC7CB0
:108858007C7C7C7C7C7C7C7C7C7C7C000000FCFCC4
:10886800FC7C7C7C7C7C7C7C7C7C80808000000028
:10887800FCFCFC7C7C7C7C7C7C7C7C7C8080800020
:1088880000008080807C7C7C7C7C7C7C7C7C808004
:1088980080000000FCFCFC7C7C7C7C7C7C7C7C7C00
:1088A8008080800000000000000000000000000040
:1088B80000000000000000000000000000000000B0
:1088C800000000000000000000000000FFFFFF00A3
:1088D8000000000000000000000000000000FFFF92
:1088E800FF000000000000000000FFFFFF00000084
:1088F800FFFFFF000000000000000000FFFFFF0076
:108908000000FFFFFF000000000000000000FFFF64
:10891800FF000000FFFFFF00000000000000000053
:10892800FFFFFF0000000000000000000000000042
:10893800000000000000000000000000000000002F
:10894800000000000000000000000000FFFFFF3EE4
:108958003E3E3E3E3E3E3E3E000000000000FFFF21
:10896800FF3E3E3EFEFEFE3E3E3E0101010000008F
:10897800FFFFFF3E3E3EFEFEFE3E3E3E0101010081
:108988000000FFFFFF000000000000000000FFFFE4
:10899800FF000000FFFFFF3E3E3EFEFEFE3E3E3E65
:1089A80001010100000000000000000000000000BC
:1089B80000000000000000000000000000000000AF
:1089C800000000000000000000000000FFFFFF00A2
:1089D8000000000000000000000000000000FFFF91
:1089E800FF000000070707F8F8F800000000000083
:1089F800FFFFFF000000070707F8F8F80000000075
:108A08000000FFFFFF000000000000000000FFFF63
:108A1800FF000000FFFFFF000000070707F8F8F855
:108A2800000000000000000000000000000000003E
:108A3800000000000000000000000000000000002E
:108A48000000000000000000000000001F1F1F1FA2
:108A58001F1F1F1F1F1F1F1F1F1F1F0000001F1F7B
:108A68001F0000000000000000001F1F1F00000082
:108A78001F1F1F0000000000000000001F1F1F0034
:108A880000000000001F1F1F1F1F1F1F1F1F0000C7
:108A9800000000001F1F1F00000000000000000071
:108AA8001F1F1F0000000000000000000000000061
:108AB800000000000000000000000000000000802E
:108AC800C0E0F0F87C3A140800806018040E1F0F0C
:108AD8000703010000000000000000000000008003
:108AE800C0E0F4FA7D38140800806018040E1F0FE7
:108AF80007030100000000000000000000000080E3
:108B0800C0E0F4FA7D38110600806018040E1F0FCB
:108B180007030100000000000000000000000080C2
:108B2800C0E0F0F87C3A110600806018040E1F0FB0
:108B3800070301000000000000000000F809090F09
:108B48000F0909F800000000000000000302CEFE33
:108B5800FECE02030000000000000000F80A0A0E22
:108B68000F0909F8000000000000000003E2EEFE13
:108B7800FECE02030000000000000000F80A0A0E02
:108B88000E0A0AF8000000000000000003E2EEFEF2
:108B9800FEEEE2030000000000000000F809090FE3
:108BA8000E0A0AF800000000000000000302CEFED2
:108BB800FEEEE2030000000000000000F809090FC3
:108BC8000F0909F8000000000000000003024EFE33
:108BD800FE4E02030000000000000000F80A0A0E22
:108BE8000F0909F8000000000000000003028EDEF3
:108BF800FE4E02030000000000000000F80A0A0E02
:108C08000E0A0AF8000000000000000003028EDED1
:108C18009E0E02030000000000000000F809090F82
:108C28000E0A0AF8000000000000000003024EFED1
:108C38009E0E02030000000000000000000080C03B
:108C4800E07C22414141221C40A0583C0E07030110
:108C5800000000000000000000000000000080C0CC
:108C6800E07C22414141221CA060583C0E070301D0
:108C7800000000000000000000000000000080C0AC
:108C8800E07C2241C141221CA060685C0E07030100
:108C9800000000000000000000000000000080C08C
:108CA800E07C2241C141221C40A0685C0E07030100
:108CB8000000000000000000000000C0C0C0C0FFAD
:108CC800FFC0C0C0C0000000000000010F1F1F1F30
:108CD8001F1F1F0F0100000000000000808080FFA0
:108CE800FF8080800000000000000000031F1F1F9D
:108CF8001F1F1F030000000000000000000000FF0D
:108D0800FF000000000000000000000000071F1F17
:108D18001F1F07000000000000000000000000FF07
:108D2800FF00000000000000000000000000001F1D
:108D38001F000000000000000000FEC2C2C2C2C244
:108D4800C242427E00000000000000000000020451
:108D5800C8102000000000000000FEC2C2C2C2C24B
:108D6800C242427E00000000000000000000201007
:108D7800C8040200000000000000FEC2C2C2C2C255
:108D8800C242427E00000000000000000000020411
:108D9800C8102000000000000000FEC2C2C2C2C20B
:108DA800C242427E000000000000000000002010C7
:108DB800C80402000000000000C0F0180C04C6C679
:108DC800C6C6040C18F0C00000030F1830206363F7
:108DD80063632030180F030100C0F0180C04C6C6E6
:108DE800C6C6040C18F0C00000030F1830206363D7
:108DF800E3632030180F030000C0F0180C04C6C647
:108E0800C6C6040C18F0C00001030F1830206363B5
:108E180063632030180F030000C0F0180C04C6C7A5
:108E2800C6C6040C18F0C00000030F183020636396
:108E380063632030180F030000C0C0C0C080BFA10A
:108E4800A1BF80C0C0C0C00000FFFFFFFF0000003E
:108E5800000000FFFFFFFF00000000C0C0C0FFA12E
:108E6800A1BF80C0C0C0C000000000FFFFFFFF78A6
:108E7800000000FFFFFFFF00000000C0C0C0FFA10E
:108E8800A1FFC0C0C0000000000000FFFFFFFF7886
:108E980078FFFFFFFF00000000C0C0C0C080BFA176
:108EA800A1FFC0C0C000000000FFFFFFFF000000DE
:108EB80078FFFFFFFF00000000804024289050B09A
:108EC800B0509028244080000001020404090A0DD3
:108ED8000D0A0904040201008080C2242890D0F001
:108EE800B0509028244080000001020404090B0FB0
:108EF8000D0A0904040201008080C2242890D0F0E1
:108F0800F0D0902824C280800001020404090B0FCD
:108F18000F0B09040402010000804024289050B07F
:108F2800F0D0902824C280800001020404090A0DB0
:108F38000F0B090404020100000000008060100CFF
:108F4800820C1060800000000000000000038458BC
:108F5800E058840300000000000000008060D0ECAE
:108F6800E20C106080000000000000008083455B78
:108F7800E058840300000000000000008060D0EC8E
:108F8800E2ECD06080000000000000008083455BB8
:108F9800E35B458380000000000000008060100C47
:108FA80082ECD060800000000000000000038458BC
:108FB800E35B4583800000000000000000001F7F85
:108FC8007F1F0000000000000000028AAAAAAAAAC7
:108FD800AAAAAAAA8A020000000080808080808055
:108FE800001F0000000000000000028AAAAAAAAA26
:108FF800AAAAAAAA8A020000000080808080808035
:10900800809FFFFF9F8000000000028AAAAAAAAAE8
:10901800AAAAAAAA8A0200000000000000001F7F76
:10902800FF9FFFFF9F8000000000028AAAAAAAAA49
:10903800AAAAAAAA8A020000808080C0201088CF2D
:10904800CF881020C080808001010103040811F33B
:10905800F3110804030101018080C0B0080884CF1F
:10906800CF881020C08080800101030D101021F3EB
:10907800F3110804030101018080C0B0080884CFFF
:10908800CF840808B0C080800101030D101021F3BF
:10909800F32110100D030101808080C0201088CFBB
:1090A800CF840808B0C0808001010103040811F3CF
:1090B800F32110100D0301010000000000E0E0FFA3
:1090C800E0E0E00000000000000000382828282820
:1090D80028282828380000000000000000C0C0FF31
:1090E800C0C0C0000000000000000038282929295D
:1090F800292929283800000000000000008080FF8E
:10910800808080000000000000000038282B2B2BF6
:109118002B2B2B28380000000000000000C0C0FFE7
:10912800C0C0C0000000000000000038282929291C
:10913800292929283800000000008080000000004C
:10914800000000000080800000707F7F7C183030B5
:109158003030187C7F7F7F00000080800000000096
:10916800000000000080800000707F7F7CF83030B5
:109178003030F87C7F7F7F00000080800000000096
:10918800000000000080800000707F7F7CF8303095
:109198003030F87C7F7F7F00000080800000000076
:1091A800000000000080800000707F7F7C18303055
:1091B8003030187C7F7F7F0000000001071C70C0E2
:1091C800808040701C070100000000000004E77F59
:1091D8003F0C04000000000000000001071C704064
:1091E800000040701C0701000000000000000002A1
:1091F800080000000000000000000001071C70C00B
:10920800808040701C070100000000000004E77F18
:109218003F0C04000000000000000001071C704023
:10922800000040701C070100000000000000000260
:109238000800000000000000000000000000CF7FD0
:10924800CF8F0000000000000000241E661D1338A8
:1092580011071A661F220000000000000000CF7FDF
:10926800CF8F0000000000000000241E661D133888
:1092780011071A661F220000000000000000CF7FBF
:10928800CF8F0000800000000000221F661D2370A1
:1092980021071A651B210000000000000000CF7F95
:1092A800CF8F0000000000000000241E661D133848
:1092B80011071A661F22000030F8F8B0B0F8F8B0AD
:1092C800B0F8F8B0B0F8F8B00000000000705050E6
:1092D8005F5050700000000020F0F0A0A0F0F0A057
:1092E800A0F0F0A0A0F0F0A0000000000070505026
:1092F8005F5050700000000030F8F8B0B0F8F8B0D7
:10930800B0F8F8B0B0F8F8B00000000000705050A5
:109318005F5050700000000010B8B89090B8B89036
:1093280090B8B89090B8B890000000000070505005
:109338005F5050700000000000000000040E1C3850
:1093480070E0C08000000000000C30C0300C00004D
:1093580000000103070F030000000000040E1C18A2
:109368003060E0C080808000000C30C0300C00000D
:10937800000000010307010000000000040E1C1893
:109388003060E0C080808000000C30C0300C0000ED
:10939800000000010307010000000000040E1C3853
:1093A80070E0C08000000000000C30C0300C0000ED
:1093B80000000103070F0300000000000018FCFE76
:1093C800FEFC180000000000000001122420013DEE
:1093D8000101202412010000000000000018FCFE1A
:1093E800FEFC180000000000000102122440017D6C
:1093F8000101402412020100000000000018FCFED8
:10940800FEFC180000000000000102122440017D4B
:109418000101402412020100000000000018FCFEB7
:10942800FEFC180000000000000001122420013D8D
:10943800010120241201000000000000607CFFFFF1
:10944800FFFF7C600000000000000000002A1400FC
:1094580000142A000000000000000000607CFFFFEC
:10946800FFFF7C60000000000000000000142A00DC
:10947800002A14000000000000000000607CFFFFCC
:10948800FFFF7C600000000000000000002A1400BC
:1094980000142A000000000000000000607CFFFFAC
:1094A800FFFF7C60000000000000000000142A009C
:1094B800002A1400000000000000000000FF818165
:1094C8008181FF000000000000000000041C7FFFF5
:1094D8007F3F0C04000000000000000000FF8181B5
:1094E8008181FF00000000000000000008187FFFD5
:1094F8007F3F1808000000000000000000FF818185
:109508008181FF00000000000000000010307FFF94
:109518007F3F3010000000000000000000FF818144
:109528008181FF00000000000000000008187FFF94
:109538007F3F18080000000000030C1C3870E0C0D2
:10954800C0E070381C0E0700000000000000737FA8
:109558000F7F70000000000000030C1C3870E0C092
:10956800C0E070381C0E07000000000000707F0F7C
:10957800030F7E700000000000030C1C3870E0C070
:10958800C0E070381C0E070000000000707E0F035A
:1095980003030E7E7000000000030C1C3870E0C04E
:1095A800C0E070381C0E07000000000000707F0F3C
:1095B800030F7E70000000000000F0101090505063
:1095C800505E9E1E1EFE000000001F101013141592
:1095D80014141310101F00000000F01010905050C9
:1095E800505E9E1E1EFE000000001F101013141473
:1095F80014141310101F00000000F01010905050A9
:10960800505E9E1E1EFE000000001F101013141551
:1096180014141310101F00000000F0101090505088
:10962800505E9E1E1EFE000000001F101013141432
:1096380014141310101F000000000007FFFFFFFFA5
:10964800FFFFFFFF070000000000000000307BFF65
:10965800FF7B30000000000000000007FFFFFFFF55
:10966800FFFFFFFF07000000000000000070FBFB89
:10967800FBFB70000000000000000007FFFFFFFF79
:10968800FFFFFFFF07000000000000000060F3F389
:10969800F3F360000000000000000007FFFFFFFF79
:1096A800FFFFFFFF07000000000000000060F3F369
:1096B800F3F3600000000000000000C0FCFFFFFFA3
:1096C800FFFFFFFCC0000000545454440000030393
:1096D8000303000044545454000000C0FCFFFFFF83
:1096E800FFFFFFFCC0000000545454440000030373
:1096F8000303000044545454000000C0FCFFFFFF63
:10970800FFFFFFFCC0000000545454000000030396
:109718000303000000545454000000C0FCFFFFFF86
:10972800FFFFFFFCC0000000545454440000030332
:1097380003030000445454540102030405060708B7
:10974800090A0B0C0D0E0F10020304050607080981
:089758000A0B0C0D0E0F10109E
:089760001C24FF7F0100000042
:04976800F181000883
:04976C00C9810008A7
:10977000040000200000000084000020EC00002015
:109780005401002000000000000000000000000064
:1097900000000000000000000000000000000000C9
:1097A00000000000000000000000000000000000B9
:1097B00000000000000000000000000000000000A9
:1097C00000127A000100000001000000FF00838504
:0897D000FF0101001000000080
:040000050800C0CD62
:00000001FF
