:020000040800F2
:1080000000A00020CDC000081DC10008550D0108CA
:108010001DC100081DC100081DC1000800000000AE
:108020000000000000000000000000001DC100086A
:108030001DC10008000000001DC10008A90E0108B4
:108040001DC100081DC100081DC100081DC1000898
:108050001DC100081DC100081DC100081DC1000888
:108060001DC10008990E01081DC100081DC10008AE
:108070001DC10008BD1301081DC100081DC1000875
:108080001DC100081DC100081DC100081DC1000858
:108090003D0D01081DC10008490D0108A10E010890
:1080A0001DC100081DC100081DC100081DC1000838
:1080B0001DC10008AD0E01081DC100081DC100084A
:1080C0001DC100081DC100081DC100081DC1000818
:1080D0001DC100081DC100081DC100081DC1000808
:1080E0001DC100081DC100081DC100081DC10008F8
:1080F0001DC100081DC100081DC100081DC10008E8
:108100000000000000000000000000001DC1000889
:108110001DC100081DC100081DC100081DC10008C7
:108120001DC100081DC100081DC100081DC10008B7
:108130001DC100081DC10008000000000000000073
:108140001DC100081DC100081DC10008000000007D
:10815000000000000000000000000000000000001F
:1081600000000000000000001DC100081DC1000843
:108170001DC1000800000000000000000000000019
:08818000000000001DC1000811
:108188000348044B834202D0034B03B1184770479E
:108198006800002068000020000000000548064B29
:1081A8001B1AD90F01EBA301491002D0034B03B1ED
:1081B8001847704768000020680000200000000091
:1081C80010B5064C237843B9FFF7DAFF044B13B117
:1081D8000448AFF300800123237010BD680000201D
:1081E80000000000E472010808B5044B1BB1044903
:1081F8000448AFF30080BDE80840CFE70000000066
:108208006C000020E47201082DE9F04F99B000F2EB
:108218007E631393002300F11E02129318AB0192A0
:108228000DF15F06C3F1110A019A0DF14F0132F801
:10823800023F019200910846012203EA02040AEB78
:1082480000052C4100F8014F5200864292B2F4D149
:108258009DF950209DF952B09DF95B709DF95CE045
:1082680000919DF951109DF955909DF959C0CDF88F
:1082780010E0CDE90A2182EA0105704687EA0B027F
:108288009DF958E09DF953809DF95640039789EA76
:10829800020271468CEA02029DF957E09DF954707A
:1082A800029742409DF95D0006908EEA0202424024
:1082B8000A989DF95A700C9480EA0800604078404A
:1082C8008BEA000089EA00008CEA000005900B9810
:1082D8000D9180EA0800484078408BEA00008CEA5B
:1082E80000008EEA00000790029860409DF95E4009
:1082F80008946240029C48400C9988EA04044C4067
:108308000D994C406A4003997C40654054409DF962
:108318005F20099285EA01020E92DDE904214A40B4
:108328000F92DDE90621784089EA00008CEA000016
:108338004A4008998EEA000041401091099961402D
:10834800119103998D420DD1DDE904158D4209D1B2
:10835800DDE906158D4205D10899884202D10999AF
:108368008C4213D00F99920002EB41020E990A44F5
:10837800109902EBC102119902EB011292B2A2F11B
:1083880010000F280ED96FF009021292019AC3F358
:108398000A031380139B9A427FF446AF129819B0D0
:1083A800BDE8F08F113A0E2A71D8DFE802F06A644E
:1083B8005E58524D48423C37312C26210800C7F1FF
:1083C80001078DF85A70129B0099002B08BF6FF0B7
:1083D8000803012212931046002311F9012F12FB02
:1083E80000F2440013448E429BB2A0B2F5D1CDE70F
:1083F800CCF101038DF85930E5E70D9BC3F101037A
:108408008DF85830DFE7CEF101038DF85730DAE701
:108418000C9BC3F101038DF85630D4E7C9F1010371
:108428008DF85530CFE7029BC3F101038DF8543026
:10843800C9E7089BC3F1010C8DF85EC0C3E7C8F11A
:1084480001038DF85330BEE7CBF101038DF85230AC
:10845800B9E70B9BC3F101038DF85130B3E7069BD5
:10846800C3F101038DF85D30ADE70A9BC3F1010349
:108478008DF85030A7E7049BC3F101038DF85C30F9
:10848800A1E7039BC3F101038DF85B309BE7099BD0
:10849800C3F101038DF85F3095E700BF10B50B46B7
:1084A8000C464FF450724FF4105109F08BF900B19B
:1084B80010BD2046BDE81040FFF7A6BE30B53022FB
:1084C80083B04FF40041054609F0BEF9421C10D0B4
:1084D80044F620640DF1060301224FF400412846BA
:1084E80009F070F9013CA4B218B9BDF806301B07B1
:1084F80001D503B030BD002CECD16FF00B0003B0F8
:1085080030BD00BF10B582B00DF10603012248F25C
:108518000D01044609F056F908B102B010BDBDF8C6
:10852800062048F20D0142F400422046ADF806202C
:1085380009F08AF90028F0D109F02CF90028ECD1CB
:108548000DF10603012248F20D01204609F03AF91F
:108558000028E2D1BDF90630002BB8BF6FF00A0041
:10856800DBE700BF002347F6FF7130F813208A428B
:1085780003F1100303D0C02BF7D1002070476FF030
:1085880007007047038847F6FF718B422BD000F134
:108598000E0300F1240C33F8022F8A4223D06345DE
:1085A800F9D1038D8B421ED0438D8B421BD0838D16
:1085B8008B4218D000F12E0300F1400C47F6FF71F2
:1085C80033F8022F8A420ED09C45F9D100F14E03B0
:1085D80047F6FF715E3033F8022F8A4203D0834298
:1085E800F9D1002070476FF0070070472DE9F0417E
:1085F80007469AB0884644F620650DF10603012225
:108608004FF40041384609F0DDF8013D0446ADB2AB
:10861800002840F08480BDF8066032077AD5302201
:108628004FF40041384609F00FF9431C044676D050
:1086380016F0010643464FF0200274D14FF48061D2
:10864800384609F0BFF80446002868D108F140030D
:1086580020224FF48861384609F0B4F8044600280F
:108668005DD108F1800320224FF49061384609F06B
:10867800A9F80446002852D108F1C00320224FF47B
:108688009861384609F09EF80446002847D108F555
:10869800807320224FF4A061384609F093F804460D
:1086A80000283CD108F5A07320224FF4A861384671
:1086B80009F088F8044690BB02AB30224FF4B06151
:1086C800384609F07FF8044648BB01AB384601221A
:1086D80048F20D0109F076F8BDF80430A8F8E03149
:1086E800A8F8E2610446D0B902A8FFF74BFF28B901
:1086F800602202A908F5C07003F01CFC47F6FF735E
:1087080038F814209A4204F110044CD0C02CF7D148
:10871800344604E0002D7FF470AF6FF00B04204660
:108728001AB0BDE8F0814FF48461384609F04AF880
:1087380004460028F3D108F1400320224FF48C614D
:10874800384609F03FF804460028E8D108F18003CC
:1087580020224FF49461384609F034F80446002882
:10876800DDD108F1C00320224FF49C61384609F09E
:1087780029F804460028D2D108F5807320224FF446
:10878800A461384609F01EF804460028C7D108F548
:10879800A07320224FF4AC61384609F013F8044660
:1087A800002889D0BBE76FF00704B8E730B583B07D
:1087B8000C460DF10603012248F20D01054609F0A9
:1087C80001F808B103B030BDBDF80620A10222F4BB
:1087D800406201F4406192B20A43284648F20D0112
:1087E80009F032F803B030BD00B583B00DF10603CF
:1087F800012248F20D0108F0E5FF18B9BDF806009E
:10880800C0F3812003B05DF804FB00BF30B583B02E
:108818000C460DF10603012248F20D01054608F049
:10882800D1FF08B103B030BDBDF80620E10122F444
:10883800607201F4607192B20A43284648F20D0151
:1088480009F002F803B030BD00B583B00DF106039E
:10885800012248F20D0108F0B5FF18B9BDF806006D
:10886800C0F3C21003B05DF804FB00BFD0B5B0F888
:10887800D431B0F8E0612DED028B07EE903A1B047D
:10888800B8EE678A48BFDFED287A91F8240048BF20
:1088980038EE678A0C4602F093FD9FED1F0B41EC02
:1088A800110B01F019FBC6F38126304657EC106B0B
:1088B80002F096FD9FED180B41EC110B01F00CFB3B
:1088C800304653EC102B394602F01EFF03F0EAF84D
:1088D800B4F9023007EE903A06EE900AB4F9003087
:1088E800F8EEE77A07EE103AD8EE267AB8EEC77AAD
:1088F800C7EE877A17EE900A02F084FD08A3D3E941
:10890800002302F021FC03F0CDF8BDEC028B00EE51
:10891800100AD0BDAFF30080000000000000004046
:108928006666666666660A40000080472DE9F84379
:1089380005460C46FFF79AFFB5F8C03194ED046A76
:1089480007EE903A1A04B8EE677AB5F8803144BF5A
:10895800DFED2D7A37EE677A07EE903A1B0448BFB1
:10896800DFED296AF8EE677A10EE109A48BF77EEC5
:10897800E67ADFED266AE6EE077A87EE276A66EE84
:10898800267A17EE900A02F03DFD064660680F460B
:1089980002F038FD024648469046894602F032FD0C
:1089A80017A3D3E9002302F0CDFB02460B4640464D
:1089B800494602F07FFD164B002202F0C5FB024635
:1089C8000B463046394602F09FFE0646A0890F4600
:1089D80002F006FD02460B463046394602F0B2FB6D
:1089E80003F060F894ED027A06EE900A86EE870AA4
:1089F800F3EE097A30EE270ABDE8F883AFF300807A
:108A08006666666666660A40000080470000804821
:108A18000000F03F2DE9F04F2DED108B91B00C4682
:108A280010EE909A83461746B0F8E2619FEDB4DAEB
:108A3800B0EE40AAFFF71AFF5846214610EE108AFA
:108A4800FFF774FF10EE100AF0EE409A02F0DAFC1D
:108A5800A3A3D3E9002302F077FB03F023F808EE81
:108A6800100A484602F0CEFC9DA3D3E9002302F089
:108A78006BFB03F017F809EE100A29EE099A28EEA5
:108A8800088A29EE099A94F89E05B0EE497AA8EE6C
:108A9800487A06EB4606ABF1020BB7EE008AC7EE42
:108AA8000A7A04F2DD4539EE679A02F089FC9FEDF7
:108AB8008E0B41EC110B01F00FFA51EC100B02F088
:108AC800F1FF0BEE100A94F85F0602F079FC9FEDB7
:108AD800860B41EC110B01F0FFF951EC100B02F081
:108AE800E1FF0BEE900A94F8DC0102F069FC9FEDBF
:108AF8007E0B41EC110B01F0EFF951EC100B02F079
:108B0800D1FFF7EE007A94ED0C6AB4F9543094ED85
:108B18000B4A94ED0D5AD4ED0F5AB3EE047AF0EEE9
:108B2800676AE6EE076A82460EEE903A87EEA6EA94
:108B3800B4F956300893B4F952301EEE902AF0EE8C
:108B4800674AE4EE074A07EE103AD31AF8EEC7DA96
:108B580007EE103A089AD4ED0E6AB4F9583094ED3D
:108B6800106A0B931EEE901AB8EEC77A521AF0EEFE
:108B780067FAE6EE87FA089907EE102ACEEE24CABD
:108B8800591AB4F95A200D92D31AF0EE674AE5EE55
:108B98002D4AB8EEC77AF0EE676AE5EE876A07EE07
:108BA800101A24EEAF5AB8EEC77A65EE265AF0EEE0
:108BB800676AE6EE076A07EE103A25EEA66AB8EE8F
:108BC800C77AD4ED116ABBF89631CDED094AE6EEC5
:108BD800877A19048DED0A5A66EE277ACDED0C5A7C
:108BE800CDED0F7A07EE903AB4F914308DED0E6A98
:108BF800B8EE677A44BFDFED427A37EE677A07EE60
:108C0800903AF8EEE77ABBF8923187EE87CA1A04F1
:108C180007EE903A48BF9FED3A7AF8EE677A48BF78
:108C280077EEC77A67EE8C7A17EE900A02F0EAFBC5
:108C3800F3EE097A02460B46CDE9002379EEE79A6E
:108C4800B4F96436D4ED087A4046A7EEA98A08EE4E
:108C5800903A02F0D7FB26A3D3E9002302F072FA78
:108C680080468946E069CDE9028902F0CBFB42469D
:108C78004B4602F01FFCF8EEE88A224B002202F075
:108C880063FA68EE887A804617EE900A894602F001
:108C9800B9FB02460B464046494602F00BFC024629
:108CA8000B46DDE9000102F04DFA02F0FBFE034637
:108CB80050460AEE903A02F0A5FB0FA3D3E9002331
:108CC80002F0F8FB04EBC61303F5EE73069304F504
:108CD800ED73CDE90401009704F15A0A07934CE0BB
:108CE800666666666612714000000000000000407B
:108CF8006666666666660A408DEDB5A0F7C6B03E44
:108D0800000080470000F03FB4F94C3094ED0B8A26
:108D180006EE903A6FEEACFAF8EEE66A37EE667A4F
:108D2800F7EE006AE7EE086A66EEAF7A88EEA70A01
:108D380070EE097AF5EE407AF1EE10FA00F17A81D8
:108D4800B1EEE70AB5EE400AF1EE10FA00F16D81D6
:108D5800F1EEC07A17EE900A02F054FBBAA3D3E9F9
:108D6800002302F0EFF902F09DFE009B43F8040B8C
:108D78000093079B534500F047813BF8023F0135BC
:108D880007EE903A1B0495F9C130B8EE677A07EE02
:108D9800903A48BF37EE4D7AF8EEE77AB7EE00FA28
:108DA80087EEAB8A67EE0C7AF0EE4FFA17EE900A70
:108DB80002F028FB95F9003007EE103AB8EEC77AB2
:108DC800069BC7EE0B6A33F9022F069306460F4639
:108DD80008EE902AE9EEA6FA18EE100A02F012FB45
:108DE800DDE9022302F066FBF8EEE88A984B0022E0
:108DF80002F0AAF968EEAF7A804617EE900A894623
:108E080002F000FB02460B464046494602F052FB80
:108E180002460B463046394602F094F902F042FE0B
:108E2800D4ED066A07EE100AA6EEEA7A3AF8020FBF
:108E3800C7EE0A8A02F0D4FA02460B46DDE90401BD
:108E480002F062FC02F02EFED4ED0A6AF0EE4F7AD0
:108E5800E9EEA67A07EE100A67EE87FAF0EE686A7E
:108E6800E9EE2F6A2FEEAF7A27EE2F7A27EE267AD1
:108E7800B5EE407AF1EE10FA00F1D280B1EEC70AF1
:108E8800B5EE400AF1EE10FA00F1D980B1EEC0FA61
:108E980018EE900A02F0B6FA94ED0D8A064618EE1E
:108EA800100A0F4602F0AEFA67A3D3E9002302F0D6
:108EB80001FB02460B460020654902F043F9804653
:108EC8001FEE900A894602F09DFA02460B4640467C
:108ED800494602F0EFFA68EE0F7A804617EE900ADC
:108EE800894602F08FFA02460B464046494602F090
:108EF8002BF902460B463046394602F005FC064679
:108F080019EE100A0F4602F07DFA02460B4630466B
:108F1800394602F019F941EC100B01F077F801F02D
:108F280075F849A3D3E9002351EC100B02F00AF9B4
:108F380002F0B8FDB4F94E3006EE103A07EE100A0A
:108F4800B8EEC66AB4EEC76AF1EE10FA3FF7DCAEC7
:108F5800B4F9503006EE903AF8EEE66AF4EEC76AD5
:108F6800F1EE10FA06DD6FEE8EFA94ED0C8AF0EE53
:108F7800466AD3E6F4EEC7DAF1EE10FA3FF7CEAE62
:108F8800F8EEEE6AF4EEC76AF1EE10FA08DDDDEDF0
:108F9800097A94ED0E8A6FEEA7FAF0EE6D6ABDE6D7
:108FA800DDED087AB8EEE76AB4EEC76AF1EE10FABA
:108FB80006DDDDED0A7A94ED0F8A6FEEA7FAADE6CD
:108FC800DDED0B7AF8EEE75AF4EEC75AF1EE10FA37
:108FD80008DDDDED0C7A94ED108A6FEEA7FAF0EE5D
:108FE800466A9BE6DDED0D7AF8EEE76AF4EEC76AAD
:108FF800F1EE10FA0DDDDDED0E7A94ED118A6FEECB
:10900800A7FAF0EE656A89E611B0BDEC108BBDE8F1
:10901800F08FDDED0F7A94ED128A6FEEA7FA7DE6F8
:10902800B0EE470A00F0D0FF2AE700F0CDFFF0EEDF
:10903800407A8FE6B0EE670A00F0C6FF82E600F0DD
:10904800C3FFB0EE40FA23E76666666666127140B3
:109058000000F03F2DE9F04F2DED0A8B89B08B46CB
:1090680090468246B0F8E291DFED8FBAFFF7FEFB3B
:109078005046594610EE105AFFF758FC9BF89E05CB
:10908800F0EE408A02F09CF99FED830B41EC110B46
:1090980000F022FF51EC100B02F004FD09EE900ADB
:1090A8009BF85F0602F08CF99FED7B0B41EC110BEE
:1090B80000F012FF51EC100B02F0F4FCBAF89431F6
:1090C80007EE903A1904B8EE677ABBF9143044BF3A
:1090D800DFED757A37EE677A07EE903AF8EEE77AC1
:1090E800BAF8903187EE87BA1A0409EB4909AAF150
:1090F800020A07EE903A48BF9FED6B7AF8EE677A5E
:109108000AEE100A48BF77EEC77AF7EE00AA67EEB4
:109118008B7AB0EE6A9A17EE900A02F073F9F3EEC2
:10912800097ABBF9643678EEE78ADBED087A0246FD
:109138002846A7EEA89A14460D4608EE103A02F003
:1091480061F957A3D3E9002301F0FCFF06460F4657
:10915800DBF81C00CDE9046702F054F932463B46BF
:1091680002F0A8F9B8EEC88A504B002201F0ECFFD3
:1091780068EE097A064617EE900A0F4602F042F9A1
:1091880002460B463046394602F094F90B46024631
:109198002946204601F0D6FF02F084FC0BEBC913E8
:1091A800474603F5EE790BF5ED7809EE100ACDF890
:1091B8001C800BF2DD44B8460BF15A050BF5CC6662
:1091C8004F463AF8023F07EE903A0134B8EE677A14
:1091D8001B0494F9C13048BF37EE6B7A07EE903A1A
:1091E80027EE0B7AF8EEE77A17EE100AC7EE8ACA6E
:1091F80002F008F994F90030CDE9000107EE903A41
:10920800F8EEE77A37F9023F87EEA97AB0EE6ACA34
:10921800A8EE87CA08EE103A1CEE900A02F0F2F89F
:10922800DDE9042302F046F9B8EEC88A1F4B002294
:1092380001F08AFF68EE0C7ACDE9020117EE900A78
:1092480002F0E0F802460B46DDE9020102F032F9CD
:109258000B460246DDE9000101F074FF02F022FC32
:1092680035F8023FDBED066A96ED006A07EE103A24
:1092780007EE900AB8EEC77AE6EEC97A079BA6EE23
:10928800C67AAB4267EE877AE8EC017A99D109B0E1
:10929800BDEC0A8BBDE8F08F000000000000004024
:1092A8006666666666660A40000080470000F03F12
:1092B800B0F8E201704700BFBF2813D800F00F03D1
:1092C80001EB80000F2B0ED8DFE803F034270D0DDB
:1092D8000D0D0D0D0D0D0D0D0D0D273776EEA76A31
:1092E800C0ED006A7047D0ED016AD0ED027A10ED4A
:1092F800016A10ED027A76EEE77A36EE477AB0EE3A
:10930800E75AF0EEC75AB4EEE55AF1EE10FAE5DD89
:1093180036EE076A80ED006A704750ED017AD0EDAD
:10932800016A77EEA67AB6EE007A67EE877AC0ED24
:10933800007A704743680360704750F8043C036044
:10934800704700BFB0F94E20B0F84E30B0F94CC0AD
:10935800B2F5806FA8BFA3F50063B0F84C20A8BF92
:109368009BB2BCF5806FA8BFA2F500624FEA431319
:10937800A8BF92B21BB252010B804A80704700BF4F
:10938800B0F85630B0F8502007EE903AB3F5806F39
:10939800F8EE677A28BF9FED167AB0F8543028BFE8
:1093A80077EEC77A9FED137A27EE877A07EE903A21
:1093B800B3F5806FF8EE677AB0F8583024BFDFED68
:1093C8000C6A77EEE67A06EE903AB4EE006AB0F8E8
:1093D800523081ED017AFAEEEC6A67EE867A03EB99
:1093E8004213C1ED027A8B81C1ED046A704700BF58
:1093F8000000004500008039B0F84820B0F84A3035
:1094080003EB42138B827047B0F866309FED0B7AFE
:10941800C3F3080307EE903AF8EEE77AF4EEC77A5A
:10942800F1EE10FAC4BF9FED067A77EEC77A9FED8A
:10943800057A67EE877AC1ED067A704700007F43A8
:10944800000000440000803CB0F8463007EE903A37
:10945800B3F5806FF8EE677A24BF9FED067A77EE52
:10946800C77A9FED057A67EE877A01F5CD61C1ED80
:10947800007A7047000000450000003BB0F86630F5
:10948800C3F3412381F82430704700BFB0F844305B
:1094980007EE903AB3F5806FF8EE677A24BF9FED38
:1094A800057A77EEC77A9FED047A67EE877AC1ED81
:1094B8000A7A7047000000450000003810B43B4CA1
:1094C8009FED3B6ADFED3B5A4FF4A002C1E913421E
:1094D8007823A1F85430B0F87430A1F85630B0F8B9
:1094E8007830A1F85830B0F87C30A1F85A30B0F88C
:1094F8006A30B0F8682007EE903AB0F86C3002EEA7
:10950800903AB0F86E3003EE103AB0F8703003EECF
:10951800903AB0F8723004EE103AB0F8763004EEB3
:10952800903AB0F87A3005EE103AB0F87E3007EE8F
:10953800103A0123934006EE903AF8EE677AF8EE77
:10954800622AB8EE433AF8EE633AB8EE444AF8EEC7
:10955800644AB8EE455AB8EE477AC1ED0B7AC1EDC8
:109568000C2A81ED0D3AC1ED0E3A81ED0F4AC1ED9D
:10957800104A81ED115A81ED127A01F13003F8EEAB
:10958800E66A4C3101E0F3EC017AF4EEC67AF1EECA
:1095980010FAC8BF77EEE57A8B4287EEA67A03ED1C
:1095A800017AF0D15DF8044B704700BFD8FFECFF9B
:1095B80000C07F44000000452DE9F04F83462DEDA3
:1095C800048BBBF83230BBF834209FED7D8AADF5B3
:1095D8004D7D00205D0957095E4603F01F031437CF
:1095E8000446143502F01F02143267F30F04009189
:1095F80065F30F0003F1140136F8363F61F31F409D
:1096080062F31F449FED689B5A09CDE9020403F0F9
:109618001F0306A914321433ADF81020ADF8123028
:1096280002AF0BF1420A8946884636F8020F01F06C
:10963800D7FE044637F8020B0D4601F0C1FEB0EE26
:10964800490AF0EE690A41EC110B00F045FC20468E
:1096580053EC102B294602F057F802F023FA07EED4
:10966800100AC7EE087A5645E9EC017ADDD1009A6E
:1096780002F5CC63D2ED067AD3ED008A4CA7D7E980
:1096880000670CAD414668EEE78A0BF23E29A84612
:1096980001950BF2BE3B0D46B5EC018AA9F14004D9
:1096A800C24634F8023F07EE903AF8EEE77AB0EE99
:1096B800687AA7EE887A17EE100A01F0A3FE024630
:1096C8000B463046394602F01FF802F0EBF9A14587
:1096D8004AF8040BE5D109F14009D94508F1800899
:1096E800DAD1019DDDED0C7A0DABCCACB3EC017A8F
:1096F800B4EE677AF1EE10FAC8BFF0EE477A9C42F2
:10970800F4D19FED307AF4EEC77AF1EE10FA45D530
:109718004FF0000A77EEA77A0AF1010AF4EEC77A49
:10972800F1EE10FA5FFA8AFAF4D4504601F048FED6
:1097380041EC180B009B244F9FED1B9B03F15A092A
:109748000026CB46B0EE481AF0EE681AB0EE490A89
:10975800F0EE690A55F8048B00F0BEFB404659EC60
:10976800108B01F04FFE42464B4601F0A3FE02F07B
:1097780099F901F047FE32463B4601F0E5FC02F05C
:1097880071F9A5422BF8020FDCD1009B83F8DCA10C
:109798000DF54D7DBDEC048BBDE8F08F9FED068B7C
:1097A8004FF0000AC6E700BF0000000000000040BC
:1097B8008DEDB5A0F7C6B03E000000000000000027
:1097C80000E0FF44000000470000E03F038C428CAB
:1097D80010B5B0F824E05B094FF0010C0EEB421E07
:1097E8000CFA03FC1FFA8EFE1FFA8CFC00F17E02B5
:1097F80001F5EE7100F5FF7432F8023F18B2B0F5CA
:10980800806FA4BFA3F500639BB213FB0CE321F8A0
:10981800023FB2F98004B2F88034B0F5806FA4BF7B
:10982800A3F500639BB21CFB03E3A242A1F88031BD
:10983800E2D110BD2DE9F04FB0F92A40438D2DED4E
:10984800068BB4F5806F8346808DADF5437DA4BF4C
:10985800A3F500631CB2C0F3471300F01F00019189
:10986800009301F0ADFD07EE904A9FED638B0DF17B
:109878000808B8EEE7AA41EC190B0BF27E3B0DF590
:109888004279C2463BF8023FB0EE491AF0EE691A37
:10989800B3F5806F4FEA531428BF403CB0EE480A36
:1098A800F0EE680A28BFA4B200F016FB009857EC47
:1098B800106B01F085FDB0EE480AF0EE680A41EC45
:1098C800110B00F009FB20B255EC104B01F088FD9C
:1098D80032463B4601F0EEFD02F0E4F807EE900A4E
:1098E80077EE8A7A17EE900A01F08CFD22462B4615
:1098F80001F00AFF02F0D6F84AF8040BCA45C1D1B4
:109908009DED027A03ABB0EEC77AF3EC017AF0EE84
:10991800E77AF4EE477AF1EE10FAC8BFB0EE677A4C
:109928004B45F2D1DFED387AB4EEE77AF1EE10FA72
:109938005AD54FF0000B37EE077A0BF1010BB4EE56
:10994800E77AF1EE10FA5FFA8BFBF4D4584601F08F
:1099580037FD41EC180B019B2C4D9FED279B03F223
:10996800DD4A00240CE001F04DFD22462B4601F0B3
:10997800EBFB02F04FF8C84540B20AF8010F2AD0B5
:10998800B0EE481AF0EE681AB0EE490AF0EE690A2D
:1099980058F8046B00F0A0FA304657EC106B01F051
:1099A80031FD32463B4601F085FD02F07BF807EEBB
:1099B800900AF5EEC07AF1EE10FAD4D501F022FD46
:1099C80022462B4601F0BEFB02F024F8C84540B2FF
:1099D8000AF8010FD4D1019B83F89EB50DF5437D9C
:1099E800BDEC068BBDE8F08F9FED058B4FF0000BAB
:1099F800B1E700BFAFF300800000000000000040A6
:109A08000000000000000000000080420000E03F6D
:109A18002DE9F04FB0F92E40C38D2DED068BB4F52E
:109A2800806F8346008EADF5437DA4BFA3F5006328
:109A38001CB2C0F3471300F01F000191009301F01E
:109A4800BFFC07EE904A9FED628B0DF10808B8EE57
:109A5800E7AA41EC190B0BF27E3B0DF54279C246A1
:109A68003BF8023FB0EE491AF0EE691A03F01F0402
:109A7800DB0648BF203CB0EE480AF0EE680A48BF53
:109A8800A4B200F029FA009857EC106B01F098FC8A
:109A9800B0EE480AF0EE680A41EC110B00F01CFA2F
:109AA80020B255EC104B01F09BFC32463B4601F0CE
:109AB80001FD01F0F7FF07EE900A77EE8A7A17EEBC
:109AC800900A01F09FFC22462B4601F01DFE01F092
:109AD800E9FF4AF8040BCA45C2D19DED027A03ABEF
:109AE800B0EEC77AF3EC017AF0EEE77AF4EE477A53
:109AF800F1EE10FAC8BFB0EE677A4B45F2D1DFED50
:109B0800387AB4EEE77AF1EE10FA5AD54FF0000B36
:109B180037EE077A0BF1010BB4EEE77AF1EE10FAA3
:109B28005FFA8BFBF4D4584601F04AFC41EC180B61
:109B3800019B2C4D9FED269B03F29E5A00240CE0BE
:109B480001F060FC22462B4601F0FEFA01F062FFAC
:109B5800C84540B20AF8010F2AD0B0EE481AF0EE14
:109B6800681AB0EE490AF0EE690A58F8046B00F07A
:109B7800B3F9304657EC106B01F044FC32463B46D3
:109B880001F098FC01F08EFF07EE900AF5EEC07A1E
:109B9800F1EE10FAD4D501F035FC22462B4601F03F
:109BA800D1FA01F037FFC84540B20AF8010FD4D105
:109BB800019B83F85FB60DF5437DBDEC068BBDE8D0
:109BC800F08F9FED058B4FF0000BB1E7AFF30080EE
:109BD800000000000000004000000000000000003D
:109BE800000080420000E03F2DE9F843B0F85A3009
:109BF800B0F85E20B0F8606007EE903AB3F5806F79
:109C08002DED028BB8EE678A28BFDFED437A044654
:109C180090F85C0028BF38EE678A06EB42160D46BE
:109C280001F0CEFB9FED3A0B41EC110B00F054F91B
:109C380059EC108B18EE100A01F0E4FB42464B4633
:109C480001F062FD01F02EFFB4F8623003F03F022C
:109C580008EE102AB8EEC88AF3EE0F7AB4EEE78A57
:109C6800F1EE10FAC8BFDFED2D7A0746C3F387106F
:109C7800C8BF38EE678A01F0A3FB9FED250B41ECC6
:109C8800110B00F029F959EC108B18EE100A01F0AD
:109C9800B9FB42464B4601F037FD01F003FFB4F82B
:109CA8006430286203F03F0208EE102AB8EEC88A32
:109CB800F3EE0F7AB4EEE78AF1EE10FAC8BFDFEDE3
:109CC800177AC3F38710C8BF38EE678A01F078FBAC
:109CD8009FED0F0B41EC110B00F0FEF859EC108BC7
:109CE80018EE100A01F08EFB4B46424601F00CFDBF
:109CF80001F0D8FEBDEC028B05F5CC6336B2E86105
:109D08001F60A5F86466BDE8F88300BFAFF3008064
:109D180000000000000000400000004500008042F4
:109D280000F5CD6090ED000A704700BF30B54FF6E2
:109D3800FF730022A1F86C367E30134630F8024FCC
:109D480003F1010C44B11FFA8CF3C02BF6D1022A9F
:109D580018BF002019D030BDB0F88041002CF2D1D6
:109D6800B0F80043002CEED1B0F88054E646541CFD
:109D7800002DE8D1A1F86C361FFA8CF3C02BA2B2E3
:109D8800E5D0022A01D00122D8E76FF0020030BDE9
:109D980038B5838A5B0640F18680B0F94E20B0F86A
:109DA8004E300D46B2F5806FB0F94C10B0F84C202B
:109DB800A4BFA3F500639BB2B1F5806FA4BFA2F561
:109DC800006292B25B011BB2520129462B806A8065
:109DD800FFF7D6FAB0F84820B0F84A309FED337A4A
:109DE80003EB4213AB82B0F86630C3F3080207EE08
:109DF800902AF8EEE77AB0F84620F4EEC77AF1EE4A
:109E080010FAC4BF9FED2A7A77EEC77A9FED297AB8
:109E180067EE877A07EE102AB2F5806FC5ED067AED
:109E2800B8EE477A24BFDFED247A37EE677ADFEDA4
:109E3800237A27EE277A05F5CD62C3F3412382ED15
:109E4800007A85F82430B0F8443007EE903AB3F53C
:109E5800806F28BF9FED187AF8EE677A044628BF0E
:109E680077EEC77A9FED167A67EE877AC5ED0A7A9C
:109E7800FFF724FB2946FFF7B7FE29462046FFF7E0
:109E88009BFB29462046FFF7A1FC29462046FFF701
:109E9800D1FC29462046FFF7BBFD29462046BDE8F0
:109EA8003840FFF743BF6FF0060038BD00007F431E
:109EB800000000440000803C000000450000003B1A
:109EC80000000038838A13F0400F0CBF6FF00600C3
:109ED8000020704700000000F8B52DED028B55EC0E
:109EE800114B57EC106B00F0C7F822462B46204662
:109EF8002946B0EE408AF0EE608A01F075FD78B927
:109F0800002200233046394601F03CFDF0B1002222
:109F180000232046294601F035FD40B19FED288BEE
:109F2800B0EE480AF0EE680ABDEC028BF8BD45ECCD
:109F3800104B00F0A1FF0028F2D000220023204699
:109F4800294601F029FD0028EAD02EE0B0EE480AA3
:109F5800F0EE680A00F090FFA0B151EC180B002257
:109F6800002301F00FFD0028DAD047EC106B00F059
:109F780083FF0028D4D045EC104B00F07DFF00286B
:109F8800CED012E047EC106B00F076FF0028E4D04A
:109F980045EC104B00F070FF0028DED053EC182B76
:109FA80051EC180B01F020FD20B901F0BDFF222370
:109FB8000360B5E701F0B8FF21230360B0E700BFF5
:109FC800000000000000F03F08B52DED028BB0EE58
:109FD800408A01F025F8B4EE488AF1EE10FA06D668
:109FE800DFED098AB4EEE88AF1EE10FA02D4BDEC8E
:109FF800028B08BD01F098FF88EEA80ABDEC028B21
:10A008002123036008BD00BF0000000038B52DED16
:10A01800028B55EC104B00F039FE22462B462046A9
:10A028002946B0EE408AF0EE608A01F0DDFC30B9D6
:10A03800002200232046294601F0AEFC30B9B0EEDC
:10A04800480AF0EE680ABDEC028B38BD01F06CFFDF
:10A0580000220023212101601046194601F054FB1B
:10A0680041EC180BB0EE480AF0EE680ABDEC028B22
:10A0780038BD00BF000000002DE9F04F55EC114B32
:10A0880025F0004353EA040057EC106B93B012D14B
:10A09800B3198D4987F4002252419842914120D248
:10A0A80022462B463046394601F04EF841EC100B5B
:10A0B80013B0BDE8F08F854827F0004A8245B846BE
:10A0C800314613D908F1404808F5801858EA0108C4
:10A0D800E6D123197C4985F40022524198459141E3
:10A0E800DED39FED770B13B0BDE8F08FA94622466B
:10A0F80016D08342E6D8504600F0B680B8F1000F7B
:10A1080016DB002A40F0C580DFF8CCC1634540F07B
:10A11800FD83B9F1000FC0F2068547EC106BC7E765
:10A12800002EBDD15345BBD800F024845046E5E746
:10A13800DFF8A8C1634500F2E383DFF898C16345FF
:10A1480042D8002A40F01284B9F1804F33D09346A8
:10A1580047EC106B04910290009300F099FE04996B
:10A16800009B0298002953D04FEAD872013A52EA6C
:10A178000B0100F0A0800BF1FF3B5BEA020B00F043
:10A18800BA839FED4F7B8DED067BB3F1844F40F290
:10A19800A7804F4A93424F4B40F226849A4500F2DB
:10A1A800DA84B9F1000FC0F2DA84002013B0BDE8F8
:10A1B800F04F00F0A1BE32463B463046394601F02A
:10A1C80079F941EC100B73E74FEA235CACF2FF3CE2
:10A1D800BCF1140F40F38C84CCF1340C22FA0CFE41
:10A1E8000EFA0CFC944500F00185002A40F0BE836D
:10A1F800B9F1804F049102900093DCD047EC106BCA
:10A2080000F046FE0499009B0298002953D18B4622
:10A21800314A28F04041914202D0BAF1000FA3D14F
:10A22800B9F1000F07DA53EC102B2B49002001F08D
:10A238006BFA41EC100BB8F1000FBFF639AF0AF119
:10A24800404A0AF5801A5AEA0B0A40F0768453EC21
:10A25800102B1046194600F075FF02460B4601F018
:10A2680053FA41EC100B23E7002C7FF42BAF0AF1D3
:10A27800404303F5801333433FF433AF154B9A45FE
:10A2880040F22884B9F1000FC0F29F8445EC104BCE
:10A298000EE74FF0000B47EC106B0491029000930F
:10A2A80000F0F6FD0499009B02980029B0D04FEA0F
:10A2B800D872013A5FE732463B46CAE7AFF30080FF
:10A2C800000000000000F03F0000F0FF0000F07FF9
:10A2D8000000F043FFFFEF3F0000F03FFFFF3F4368
:10A2E800DB4B08EA0303002253B951EC100BD94B9E
:10A2F80001F0E0F841EC100B10EE900A6FF0340218
:10A308000315A3F2FF339A18D34B0B92C0F3130033
:10A3180040F07F56984246F4401640F3CD83CF4B29
:10A32800984240F322849FEDB47B8DED087B9FED2E
:10A33800B47B8DED047B9FEDB07B8DED107B0132FE
:10A348000B92A6F58016002753EC102B9246504628
:10A35800DDE90423314600F0F5FEB346DDE90423C8
:10A368008046894650463146CDE90CAB00F0ECFEFC
:10A3780002460B460020BA4901F0C6F98C468346CE
:10A3880063465A4640464946CDE90EBC01F092F86C
:10A398000A460146CDE90012CDE9021200210091DA
:10A3A8007610DDE900AB46F0005606F500230020E4
:10A3B800D91906460F4602460B465046594601F043
:10A3C80079F802460B464046494600F0BBFEDDE9F7
:10A3D8000423804689463046394600F0B3FE0246DB
:10A3E8000B46DDE90C0100F0ADFE52465B4601F07C
:10A3F80061F802460B464046494600F0A3FEDDE9F7
:10A408000E2301F057F8DDE90267CDE90401324671
:10A418003B463046394601F04DF87BA3D3E900238B
:10A4280006460F4601F046F879A3D3E9002300F069
:10A438008BFE32463B4601F03DF877A3D3E9002373
:10A4480000F082FE32463B4601F034F874A3D3E9AB
:10A45800002300F079FE32463B4601F02BF872A348
:10A46800D3E9002300F070FE32463B4601F022F8A3
:10A478006FA3D3E9002300F067FE32468046894681
:10A488003B463046394601F015F802460B46404631
:10A49800494601F00FF8524606460F465B46DDE98D
:10A4A800020100F051FEDDE9042301F003F8324611
:10A4B8003B4600F049FE524606460F465B4650466C
:10A4C800594600F0F7FF674B00228046894600F0A6
:10A4D8003BFE32463B46CDE90C6700F035FE0026D0
:10A4E8000F4632463B465046594600F0E3FF5D4B67
:10A4F80082468B4600223046394600F023FE42460B
:10A508004B4600F01FFE02460B46DDE90C0100F049
:10A5180019FEDDE9022300F0CDFF32468046894668
:10A528003B46DDE9040100F0C5FF02460B46404604
:10A53800494600F009FE8046894642464B46504649
:10A54800594600F001FE00263BA3D3E9002330461C
:10A558000F4600F0AFFF52465B4682468B463046B8
:10A56800394600F0EFFD02460B464046494600F0EA
:10A57800E9FD33A3D3E9002300F09CFF02460B4614
:10A588003046394616461F462FA3D3E9002300F06C
:10A5980091FF02460B463046394600F0D5FDDDE90D
:10A5A800102300F0D1FD80460B98894600F018FF73
:10A5B800424606460F464B4650465946CDE902AB41
:10A5C80000F0C2FDDDE9082300F0BEFD32463B463F
:10A5D80000F0BAFD002032463B4682468B4600F02A
:10A5E800B1FDDDE9082300F0ADFDDDE9022300F04F
:10A5F800A9FD39E0AFF30080000000000000000072
:10A60800000000000000F03FEF4E454A287ECA3F98
:10A6180065DBC9934A86CD3F01411DA96074D13FCE
:10A628004D268F515555D53FFFAB6FDBB66DDB3FE0
:10A63800033333333333E33F000000E009C7EE3F11
:10A64800FD033ADC09C7EE3FF5015B14E02F3EBE7F
:10A658000000F07F000040438E98030079B60B009D
:10A668000000F03F0000084002460B4640464946BD
:10A6780000F068FDCDE902010023CDE90045009313
:10A68800DDE900892046424629464B4600F05AFD3E
:10A6980052465B4600F00EFF224606460F462B4602
:10A6A800DDE9020100F006FF02460B463046394656
:10A6B80000F04AFD424604460D464B465046594670
:10A6C800CDE9024500F0F6FE06460F46204629462B
:10A6D8003B46324600F038FDBD4B994204460D46D4
:10A6E800884640F3238101F13F4303F5E003034328
:10A6F80040F05382A2A3D3E90023DDE9020100F070
:10A7080023FD02460B462046294614461D4632467E
:10A718003B4600F017FD02460B462046294601F04D
:10A7280059F9002840F039824FF400734344C3F3C9
:10A738000A52A84CA2F2FF321441C3F3130AC2F121
:10A748001402002004EA03014AF4801A4AFA02FAC1
:10A758000B460246B8F1000F30463946B8BFCAF179
:10A76800000A00F0EFFC02460B4606460F46DDE9FC
:10A77800020100F0E9FC4FEA0A5B0D46002482A3BF
:10A78800D3E900232046294600F094FE324680464D
:10A7980089463B462046294600F0D4FC02460B4633
:10A7A800DDE9020100F0CEFC79A3D3E9002300F033
:10A7B80081FE02460B462046294614461D4676A3CE
:10A7C800D3E9002300F076FE02460B4620462946D0
:10A7D80000F0BAFC06460F4632463B46404649461C
:10A7E80000F0B2FC42464B4604460D4600F0AAFC77
:10A7F80002460B463046394600F0A4FC2246804605
:10A8080089462B462046294600F054FE64A3D3E926
:10A81800002306460F4600F04DFE63A3D3E900234C
:10A8280000F090FC32463B4600F044FE60A3D3E9BA
:10A83800002300F089FC32463B4600F03BFE5EA355
:10A84800D3E9002300F07EFC32463B4600F032FE9E
:10A858005BA3D3E9002300F077FC32463B4600F0C7
:10A8680029FE02460B462046294600F06BFC0646A8
:10A878000F4632463B462046294600F01BFE02465C
:10A888000B463046394616461F4600224FF0804395
:10A8980000F058FC02460B463046394600F034FFBB
:10A8A800424606460F464B462046294600F002FE21
:10A8B80042464B4600F048FC02460B4630463946B5
:10A8C80000F040FC22462B4600F03CFC0B460246BA
:10A8D8004149002000F036FC0B465B44B3F5801F6D
:10A8E800C0F253811946DDE9062300F0E3FD41EC8F
:10A8F800100BFFF7DDBB9FED347B8DED067B44E449
:10A908004FF0020B002A7FF4C6AC21E4B9F1804F66
:10A918003FF451ACDFF8C8C0E1457FF418AC47EC10
:10A92800106B13B0BDE8F04F00F0B0B9DFF8B4C059
:10A9380021F00043634540F2ED80284B0B4403436C
:10A948000AD132463B4600F0FDFBDDE9022301F067
:10A9580037F800283FF4E8AEDDE9060100220023BD
:10A9680001F01AF8003818BF01201FE40491029082
:10A97800009343E4002C7FF493AB7FE4AFF30080B3
:10A98800FE822B654715973C00000000432EE63FEA
:10A99800EF39FAFE422EE63F396CA80C615C20BE06
:10A9A800D0A4BE726937663EF16BD2C541BDBB3ECD
:10A9B8002CDE25AF6A56113F93BDBE166CC1663FAB
:10A9C8003E5555555555C53F000000000000F0BFE5
:10A9D800FFFF8F400000F0FF0000F03F00346F3FA2
:10A9E8000000E03FFFCB90409A45C0F0E080A44BC8
:10A9F8009A454FF0000200F2EC8051EC100BA04B8E
:10AA080000F0A0FB8CA3D3E9002306460F4600F014
:10AA180051FD8BA3D3E90023804689463046394649
:10AA280000F048FD974B82468B4600223046394657
:10AA380000F040FD02460B4683A1D1E9000100F079
:10AA480081FB32463B4600F035FD02460B460020AE
:10AA58008D4900F077FB3246CDE900013B46304690
:10AA6800394600F027FD02460B46DDE9000100F0FB
:10AA780021FD77A3D3E9002300F01CFD02460B4615
:10AA88005046594600F05EFB06460F4632463B46A6
:10AA98004046494600F058FB002042464B46824655
:10AAA8008B4600F04FFB02460B463046394600F015
:10AAB80049FBCDE90201DFE59FED677B8DED087B62
:10AAC8009FED677B8DED047B9DED087B00278DED69
:10AAD800107B39E4B9F1000F9FED5F0BBFF6E8AAD0
:10AAE80005F1004300EE104A00EE903AFFF7E0BA95
:10AAF800002A7FF43BAFCCF1140C43FA0CFE0EFA9B
:10AB08000CFC9C4579D0DFF878C163453FF401AB74
:10AB1800FFF71ABB5C4A934200F28580DDE9002307
:10AB2800934692462AE65649002032463B4600F0B4
:10AB3800EBFD41EC100BFFF7BBBABBF1010F7FF443
:10AB4800B7AA10EE901A10EE102A01F1004343EC58
:10AB5800102BFFF7ADBAB9F1000F7FF726AB002035
:10AB680013B0BDE8F04F00F0D7B99FED3F7B8DEDF6
:10AB7800087B9FED3F7B8DED107B9FED3F7B4FF476
:10AB880080278DED047BFFF7DFBB41EC100B5046AF
:10AB980000F04AFA51EC100BA5E6DDE906010022A7
:10ABA800002300F0F9FE003818BF0120D8E7DDE9DE
:10ABB80006010022002300F0EFFE003818BF012034
:10ABC800B9F1000FBFF6F2AACAE79FED230BFFF712
:10ABD8006FBADDE90601002300F0DEFE003818BF79
:10ABE8000120B9F1000FBBDCFFF7E0BA9AB10EF013
:10ABF800010ECEF1020BFFF74EBB214A93423FF400
:10AC080088AAB9F1804F3FF4D6AA0EF0010ECEF112
:10AC1800020BFFF79DBAB9F1804F3FF4CCAA4FF071
:10AC2800020BFFF795BA1B15A3F2FE334FF48012FF
:10AC380042FA03F37AE500BF000000604715F73FCA
:10AC480044DF5DF80BAE543E555555555555D53F27
:10AC5800FE822B654715F73F00000000000000004A
:10AC6800000000000000F03F0000004003B8E23F91
:10AC780006D0CF43EBFD4C3E000000000000F83F3B
:10AC88000000F03F0000D03F0000E03F2DE9F04712
:10AC9800774855EC104BA84300F0A480002D2146BE
:10ACA8002A46234656DD2C1500F0D080C2F3130245
:10ACB800E107A4F2FF3742F4801203D4D90F01EB65
:10ACC80042025B005200002602EBD3727F105B0049
:10ACD8001624B4464FF400110CEB010090424FEAE1
:10ACE800D3754FEA430303DC00EB010C121A0E4440
:10ACF800013C05EB42024FEA5101EDD1A046202567
:10AD08004FF000400AE03CD0510001EBD371013D07
:10AD18000A464FEA43034FEA50003ED0944508EBF9
:10AD2800000EF0DABEF1000F0EEB00080CDBE14676
:10AD3800A2EB0C019E4588BF01F1FF314900CC46CA
:10AD4800A3EB0E030444E0E7B8F1000FEFDB0CF1CE
:10AD58000109EDE725F0004020433DD0002D68D1E2
:10AD6800D90A153A5B050029FAD0CE0214461846CE
:10AD78000A466CD520254FF0FF31E840641A02439B
:10AD880094E79E4502D94FEA4C01BEE7BEF1000F99
:10AD98000EEB000822DB0021D2E7194310D0DFF8C0
:10ADA800D4A0DAE90001DAE9022300F0CBF9DAE904
:10ADB800008902460B464046494600F0F7FDF8B9BF
:10ADC8006508711001F17F5101F5001101EB07537E
:10ADD80045EAC67243EC102BBDE8F087B8F1000FC6
:10ADE800B5DAD8E722462B462046294600F062FB12
:10ADF80022462B4600F0A8F941EC100BBDE8F0877D
:10AE0800B4F1FF3FDAE90001DAE902232BD000F0C0
:10AE18009BF9DAE9008902460B464046494600F0AC
:10AE2800BBFD10B3A31C04F1020508BF01366D0871
:10AE3800C7E722462B462046294600F083F90246FA
:10AE48000B4600F061FC41EC100BC5E708460023F7
:10AE58005200D502194603F10103F9D5C3F12005C3
:10AE680000FA03F389E70136ABE70134A8E700BF2E
:10AE78000000F07F0875010882B08DED000B019885
:10AE880040F0004000F58010C00F02B0704700BFCE
:10AE980051EC100B024621F0004343EC102B704795
:10AEA80010B52DED028BB0EE408AF0EE608A0446B4
:10AEB80001F03AF8B0EE480AF0EE680ABDEC028BF1
:10AEC800046010BD00B5034683B051EC100B7BB194
:10AED800024601F10043CDE90023DDE9002300F03B
:10AEE800E9FA41EC100B222003B05DF804EBD7E738
:10AEF80002460B46EFE700BF9FED010BE2E700BFFC
:10AF080000000000000000109FED010BDAE700BF11
:10AF1800000000000000581E9FED010BD2E700BFA3
:10AF2800000000000000007000B5002283B078B176
:10AF3800084BCDE90023DDE900010022002300F0E1
:10AF4800E3FB41EC100B222003B05DF804EBA7E70C
:10AF5800014BEEE70000F0BF0000F03F38B555ECBC
:10AF6800104B2DED028B22462B462046294600F039
:10AF7800E9F802460B4600F0C7FB224641EC180BE5
:10AF88002B462046294600F02FFDB0EE480AF0EE89
:10AF9800680A28B9BDEC028B2120BDE838407FE75C
:10AFA800BDEC028B38BD00BF08B551EC100B2DED80
:10AFB800028BB0EE408AF0EE608A0022002300F097
:10AFC800E1FCB0EE480AF0EE680A10B9BDEC028B5D
:10AFD80008BDBDEC028B2220BDE8084060E700BF39
:10AFE800F8B555EC104B25F000470C4B4FF0FF32ED
:10AFF8002046394600F0F8FC38B9084B2046394657
:10B008004FF0FF3200F0D2FC10B145EC104BF8BD08
:10B0180045EC104B2220BDE8F84041E7FFFFEF7FE9
:10B02800B1EEC00A704700BF70B555EC104BC5F3C0
:10B038000A5206462B4672BB25F00043234329D00B
:10B048003B4B20462946002200F034FA394B9E42F9
:10B0580004460D4652DBC1F30A520B46363A4CF20F
:10B0680050318E4223DC164440F2FE7296421EDCBA
:10B07800002E34DC16F1350F38DB6FF31E533636ED
:10B0880043EA065520462C4B2946002200F012FAC6
:10B0980041EC100B70BD40F2FF718A42DFD12246AD
:10B0A8002046294600F050F841EC100B70BD002DE9
:10B0B80017A1D1E9000107DB15A3D3E9002300F0AC
:10B0C800F9F941EC100B70BD13A1D1E9000110A3EF
:10B0D800D3E9002300F0EEF941EC100BF3E76FF32E
:10B0E8001E5343EA065545EC104B70BD002D0CA1CC
:10B0F800D1E9000102DA0CA1D1E9000108A3D3E9E2
:10B10800002300F0D7F941EC100B70BDAFF30080BD
:10B118009C7500883CE4377E9C7500883CE437FECB
:10B1280059F3F8C21F6EA50159F3F8C21F6EA58125
:10B1380000005043B03CFFFF0000903C81F000410C
:10B1480002E000BF83F0004330B54FEA41044FEA04
:10B15800430594EA050F08BF90EA020F1FBF54EA9F
:10B16800000C55EA020C7FEA645C7FEA655C00F03B
:10B17800E2804FEA5454D4EB5555B8BF6D420CDD0C
:10B188002C4480EA020281EA030382EA000083EA8F
:10B19800010180EA020281EA0303362D88BF30BD2F
:10B1A80011F0004F4FEA01314FF4801C4CEA113185
:10B1B80002D0404261EB410113F0004F4FEA0333E4
:10B1C8004CEA133302D0524263EB430394EA050F6F
:10B1D80000F0A780A4F10104D5F1200E0DDB02FADE
:10B1E8000EFC22FA05F2801841F1000103FA0EF272
:10B1F800801843FA05F359410EE0A5F120050EF138
:10B20800200E012A03FA0EFC28BF4CF0020C43FA68
:10B2180005F3C01851EBE37101F0004507D54FF075
:10B22800000EDCF1000C7EEB00006EEB0101B1F5C5
:10B23800801F1BD3B1F5001F0CD349085FEA30000B
:10B248004FEA3C0C04F101044FEA445212F5800F16
:10B2580080F09A80BCF1004F08BF5FEA500C50F1B3
:10B26800000041EB045141EA050130BD5FEA4C0C96
:10B27800404141EB0101013C28BFB1F5801FE9D2F3
:10B2880091F0000F04BF01460020B1FA81F308BF16
:10B298002033A3F10B03B3F120020CDA0C3208DDE2
:10B2A80002F1140CC2F10C0201FA0CF021FA02F1BD
:10B2B8000CE002F11402D8BFC2F1200C01FA02F12D
:10B2C80020FA0CFCDCBF41EA0C019040E41AA2BF52
:10B2D80001EB0451294330BD6FEA04041F3C1CDA1A
:10B2E8000C340EDC04F11404C4F1200220FA04F03A
:10B2F80001FA02F340EA030021FA04F345EA0301E4
:10B3080030BDC4F10C04C4F1200220FA02F001FAA5
:10B3180004F340EA0300294630BD21FA04F0294627
:10B3280030BD94F0000F83F4801306BF81F48011C0
:10B338000134013D4EE77FEA645C18BF7FEA655C33
:10B3480029D094EA050F08BF90EA020F05D054EA05
:10B35800000C04BF1946104630BD91EA030F1EBF0A
:10B368000021002030BD5FEA545C05D1400049410E
:10B3780028BF41F0004130BD14F580043CBF01F501
:10B38800801130BD01F0004545F0FE4141F47001E7
:10B398004FF0000030BD7FEA645C1ABF19461046C2
:10B3A8007FEA655C1CBF0B46024650EA013406BFC3
:10B3B80052EA033591EA030F41F4002130BD00BF82
:10B3C80090F0000F04BF0021704730B54FF480643F
:10B3D80004F132044FF000054FF0000150E700BFC0
:10B3E80090F0000F04BF0021704730B54FF480641F
:10B3F80004F1320410F0004548BF40424FF000010C
:10B408003EE700BF42004FEAE2014FEA31014FEA4E
:10B4180002701FBF12F07F4393F07F4F81F060519D
:10B42800704732F07F4208BF704793F07F4F04BFE8
:10B4380041F40021704730B54FF4607401F00045C5
:10B4480021F000411CE700BF50EA010208BF704725
:10B4580030B54FF000050AE050EA010208BF704716
:10B4680030B511F0004502D5404261EB41014FF47F
:10B47800806404F132045FEA915C3FF4D8AE4FF087
:10B4880003025FEADC0C18BF03325FEADC0C18BF6A
:10B49800033202EBDC02C2F1200300FA03FC20FABB
:10B4A80002F001FA03FE40EA0E0021FA02F1144408
:10B4B800BDE600BF70B54FF0FF0C4CF4E06C1CEA21
:10B4C80011541DBF1CEA135594EA0C0F95EA0C0F92
:10B4D80000F0DEF82C4481EA030621EA4C5123EA05
:10B4E8004C5350EA013518BF52EA033541F4801134
:10B4F80043F4801338D0A0FB02CE4FF00005E1FBE7
:10B5080002E506F00042E0FB03E54FF00006E1FB30
:10B5180003569CF0000F18BF4EF0010EA4F1FF0473
:10B52800B6F5007F64F5407404D25FEA4E0E6D41B3
:10B5380046EB060642EAC62141EA55514FEAC520C4
:10B5480040EA5E504FEACE2EB4F1FD0C88BFBCF540
:10B55800E06F1ED8BEF1004F08BF5FEA500E50F1F1
:10B56800000041EB045170BD06F0004646EA0101B7
:10B5780040EA020081EA0301B4EB5C04C2BFD4EBE9
:10B588000C0541EA045170BD41F480114FF0000EE2
:10B59800013C00F3AB8014F1360FDEBF002001F050
:10B5A800004170BDC4F10004203C35DA0C341BDCCA
:10B5B80004F11404C4F1200500FA05F320FA04F09C
:10B5C80001FA05F240EA020001F0004221F00041D0
:10B5D80010EBD37021FA04F642EB06015EEA430E43
:10B5E80008BF20EAD37070BDC4F10C04C4F1200573
:10B5F80000FA04F320FA05F001FA04F240EA020026
:10B6080001F0004110EBD37041F100015EEA430EF6
:10B6180008BF20EAD37070BDC4F1200500FA05F216
:10B628004EEA020E20FA04F301FA05F243EA020395
:10B6380021FA04F001F0004121FA04F220EA0200A4
:10B6480000EBD3705EEA430E08BF20EAD37070BDEA
:10B6580094F0000F0FD101F00046400041EB0101CA
:10B6680011F4801F08BF013CF7D041EA060195F0AC
:10B67800000F18BF704703F00046520043EB030366
:10B6880013F4801F08BF013DF7D043EA0603704753
:10B6980094EA0C0F0CEA135518BF95EA0C0F0CD05E
:10B6A80050EA410618BF52EA4306D1D181EA0301A4
:10B6B80001F000414FF0000070BD50EA410606BF9E
:10B6C8001046194652EA430619D094EA0C0F02D1E3
:10B6D80050EA013613D195EA0C0F05D152EA033628
:10B6E8001CBF104619460AD181EA030101F0004146
:10B6F80041F0FE4141F470014FF0000070BD41F08F
:10B70800FE4141F4780170BD70B54FF0FF0C4CF468
:10B71800E06C1CEA11541DBF1CEA135594EA0C0F87
:10B7280095EA0C0F00F0A7F8A4EB050481EA030ED4
:10B7380052EA03354FEA013100F088804FEA0333BB
:10B748004FF0805545EA131343EA12634FEA022289
:10B7580045EA111545EA10654FEA00260EF000414A
:10B768009D4208BF964244F1FD0404F5407402D29C
:10B778005B084FEA3202B61A65EB03055B084FEA2D
:10B7880032024FF480104FF4002CB6EB020E75EB2A
:10B79800030E22BFB61A754640EA0C005B084FEA52
:10B7A8003202B6EB020E75EB030E22BFB61A7546CF
:10B7B80040EA5C005B084FEA3202B6EB020E75EB1A
:10B7C800030E22BFB61A754640EA9C005B084FEA92
:10B7D8003202B6EB020E75EB030E22BFB61A75469F
:10B7E80040EADC0055EA060E18D04FEA051545EA8E
:10B7F80016754FEA06164FEAC30343EA52734FEA37
:10B80800C2025FEA1C1CC0D111F4801F0BD141EAAF
:10B8180000014FF000004FF0004CB6E711F4801F14
:10B8280004BF01430020B4F1FD0C88BFBCF5E06FF4
:10B838003FF6AFAEB5EB030C04BFB6EB020C5FEA04
:10B84800500C50F1000041EB045170BD0EF0004E59
:10B858004EEA113114EB5C04C2BFD4EB0C0541EA8B
:10B86800045170BD41F480114FF0000E013C90E688
:10B8780045EA060E8DE60CEA135594EA0C0F08BF4C
:10B8880095EA0C0F3FF43BAF94EA0C0F0AD150EA4B
:10B8980001347FF434AF95EA0C0F7FF425AF1046DE
:10B8A80019462CE795EA0C0F06D152EA03353FF406
:10B8B800FDAE1046194622E750EA410618BF52EA83
:10B8C80043067FF4C5AE50EA41047FF40DAF52EA57
:10B8D80043057FF4EBAE12E74FF0FF3C06E000BFF4
:10B8E8004FF0010C02E000BF4FF0010C4DF804CD01
:10B8F8004FEA410C7FEA6C5C4FEA430C18BF7FEAC1
:10B908006C5C1BD001B050EA410C0CBF52EA430CEE
:10B9180091EA030F02BF90EA020F0020704710F16E
:10B92800000F91EA030F58BF994208BF90422CBFFD
:10B93800D8176FEAE37040F0010070474FEA410CF6
:10B948007FEA6C5C02D150EA013C07D14FEA430C14
:10B958007FEA6C5CD6D152EA033CD3D05DF8040B85
:10B96800704700BF8446104662468C4619466346B7
:10B9780000E000BF01B5FFF7B7FF002848BF10F18E
:10B98800000F01BD4DF808EDFFF7F4FF0CBF0120D3
:10B9980000205DF808FB00BF4DF808EDFFF7EAFF4F
:10B9A80034BF012000205DF808FB00BF4DF808ED0A
:10B9B800FFF7E0FF94BF012000205DF808FB00BFFF
:10B9C8004DF808EDFFF7CEFF94BF012000205DF889
:10B9D80008FB00BF4DF808EDFFF7C4FF34BF012096
:10B9E80000205DF808FB00BF4FEA410C7FEA6C5C61
:10B9F80002D150EA013C0AD14FEA430C7FEA6C5C61
:10BA080002D152EA033C02D14FF0000070474FF0D8
:10BA1800010070474FEA410212F5001215D211D504
:10BA28006FF47873B3EB625212D94FEAC12343F033
:10BA3800004343EA505311F0004F23FA02F018BFB5
:10BA4800404270474FF00000704750EA013005D17E
:10BA580011F0004008BF6FF0004070474FF0000041
:10BA6800704700BF4A0011D212F5001211D20DD54D
:10BA78006FF47873B3EB62520ED44FEAC12343F0EC
:10BA8800004343EA505323FA02F070474FF0000096
:10BA9800704750EA013002D14FF0FF3070474FF045
:10BAA800000070474FEA4102B2F1E04324BFB3F50A
:10BAB800001CDCF1FE5C0DD901F0004C4FEAC0021D
:10BAC8004CEA5070B2F1004F40EB830008BF20F001
:10BAD8000100704711F0804F21D113F13872BCBFBB
:10BAE80001F00040704741F480114FEA5252C2F110
:10BAF8001802C2F1200C10FA0CF320FA02F018BF59
:10BB080040F001004FEAC1234FEAD32303FA0CFCAB
:10BB180040EA0C0023FA02F34FEA4303CCE77FEA3A
:10BB2800625307D150EA01331EBF4FF0FE4040F484
:10BB38004000704701F0004040F0FE4040F4000033
:10BB4800704700BF53B94AB9002908BF00281CBF75
:10BB58004FF0FF314FF0FF3000F06AB9ADF1080C3B
:10BB68006DE904CE00F006F8DDF804E0DDE9022313
:10BB780004B070472DE9F047089D0E4604460F466D
:10BB8800002B4AD194468C45B2FA82F260D942B170
:10BB9800C2F12003974020FA03F30CFA02FC1F437A
:10BBA80094404FEA1C4E1FFA8CF6B7FBFEF1230CAB
:10BBB8000EFB117743EA074301FB06F098420AD9C6
:10BBC8001CEB030301F1FF3780F01581984240F226
:10BBD8001281023963441B1AA4B2B3FBFEF00EFBB8
:10BBE800103344EA034400FB06F6A6420AD91CEBCC
:10BBF800040400F1FF3380F00081A64240F2FD808A
:10BC08006444023840EA0140A41B00211DB1D4401D
:10BC18000023C5E90043BDE8F0878B4205D90DB183
:10BC2800C5E9000100210846F5E7B3FA83F10029C8
:10BC380046D1B34202D3824200F2F580841A66EB01
:10BC4800030201201746002DE5D0C5E90047E2E7C9
:10BC5800002A40F09380A1EB0C034FEA1C471FFA1F
:10BC68008CFE0121B3FBF7F607FB1630230C43EAE1
:10BC780000430EFB06F0984208D91CEB030306F1BB
:10BC8800FF3802D2984200F2D08046461B1AA4B26E
:10BC9800B3FBF7F007FB103344EA03440EFB00FE46
:10BCA800A64508D91CEB040400F1FF3302D2A645CF
:10BCB80000F2B6801846A4EB0E0440EA0640A5E759
:10BCC800C1F120078B4022FA07FC4CEA030C06FA64
:10BCD80001FE20FA07F426FA07F344EA0E0400FAF4
:10BCE80001F84FEA1C404FEA1449B3FBF0FE1FFA73
:10BCF8008CF600FB1E3349EA03430EFB06F999450F
:10BD080002FA01F20BD91CEB03030EF1FF3A80F0A3
:10BD18008580994540F28280AEF1020E6344A3EB20
:10BD28000909A4B2B9FBF0F300FB139944EA0944EA
:10BD380003FB06F6A64208D91CEB040403F1FF3006
:10BD480068D2A64266D9023B644443EA0E40A41B6B
:10BD5800A0FB02E6B4427346B14652D34FD05DB160
:10BD6800B8EB030264EB090404FA07F722FA01F3BB
:10BD78001F43CC40C5E9007400214CE7C2F1200103
:10BD880020FA01F30CFA02FC26FA01F1964033433B
:10BD98004FEA1C471FFA8CFEB1FBF7F007FB1016A1
:10BDA800190C41EA064100FB0EF68E4204FA02F431
:10BDB80008D91CEB010100F1FF382DD28E422BD996
:10BDC80002386144891B9BB2B1FBF7F607FB1611D9
:10BDD80043EA014306FB0EF1994208D91CEB030321
:10BDE80006F1FF3814D2994212D9023E63445B1A15
:10BDF80046EA004136E73946EDE6184602E7F045DF
:10BE0800ADD2BEEB020366EB0C060138B146A6E7DD
:10BE18004646ECE7034698E74046D3E7D6467EE732
:10BE28006444023847E708460DE7023E63442DE7BD
:10BE3800704700BF70B50F4B0F4DAB42A3EB050623
:10BE480007D0B610002455F8043B01349847A642A1
:10BE5800F9D80BF043FA094D094B5E1BAB424FEA88
:10BE6800A60606D0002455F8043B01349847A6429C
:10BE7800F9D870BD3C9801083C9801083C98010825
:10BE880040980108830730B547D0541E002A3ED099
:10BE9800CAB2034601E0013C39D303F8012B9D07E0
:10BEA800F9D1032C2CD9CDB205EB05250F2C05EBC8
:10BEB800054535D9A4F1100222F00F0C03F1100E3C
:10BEC800E6444FEA121C1A46C2E90055C2E9025577
:10BED80010327245F8D10CF1010214F00C0F03EB8B
:10BEE800021204F00F0C13D0ACF1040323F0030387
:10BEF8000433134442F8045B9342FBD10CF003046F
:10BF08002CB1C9B21C4403F8011BA342FBD130BDBC
:10BF180064461346002CF4D1F9E703461446C0E7FB
:10BF28001A46A446E0E700BF014B1868704700BFF7
:10BF380000000020844641EA000313F003036DD19A
:10BF4800403A41D351F8043B40F8043B51F8043BD4
:10BF580040F8043B51F8043B40F8043B51F8043BDB
:10BF680040F8043B51F8043B40F8043B51F8043BCB
:10BF780040F8043B51F8043B40F8043B51F8043BBB
:10BF880040F8043B51F8043B40F8043B51F8043BAB
:10BF980040F8043B51F8043B40F8043B51F8043B9B
:10BFA80040F8043B51F8043B40F8043B51F8043B8B
:10BFB80040F8043B51F8043B40F8043B51F8043B7B
:10BFC80040F8043B403ABDD2303211D351F8043B1B
:10BFD80040F8043B51F8043B40F8043B51F8043B5B
:10BFE80040F8043B51F8043B40F8043B103AEDD2CA
:10BFF8000C3205D351F8043B40F8043B043AF9D21B
:10C00800043208D0D2071CBF11F8013B00F8013BED
:10C0180001D30B8803806046704700BF082A13D3FA
:10C028008B078DD010F003038AD0C3F10403D21A12
:10C03800DB071CBF11F8013B00F8013B80D331F846
:10C04800023B20F8023B7BE7043AD9D3013A11F8C6
:10C05800013B00F8013BF9D20B7803704B78437031
:10C068008B78837060467047032A30B415D941EA4B
:10C078000004A40784460B4604D0541E0FE0043A7B
:10C08800032A08D91946604653F8044B5CF8045B48
:10C09800A542F4D0F1E760461946541E7AB1431E12
:10C0A8000139021901E09A4209D013F8010F11F879
:10C0B80001CF6045F7D0A0EB0C0030BC70470020E2
:10C0C80030BC7047DFF834D000F026F80C480D4932
:10C0D8000D4A002302E0D458C4500433C4188C42DB
:10C0E800F9D30A4A0A4C002301E013600432A24241
:10C0F800FBD3FFF79FFE01F093FCFEE700A00020B2
:10C108000000002068000020449801086800002012
:10C11800E0520020FEE70000034AD2F8883043F4DA
:10C128007003C2F88830704700ED00E0000000009E
:10C138002DE9F04F2DED088BB0F84030ADF60C5DD1
:10C148000C460146064603F00F05180BC3F3031708
:10C15800C3F3032306931E3031F8423F079306F1D9
:10C168004E0C0AAA864631F8023F103203F00F003F
:10C1780042F8100CC3F3031042F80C0C6145C3F3EA
:10C1880003204FEA133342F8080C42F8043CEAD182
:10C1980009AA704621AB914652F8041F0729C4BF6B
:10C1A800103911609A42F7D106F15E0E22A998461D
:10C1B8003CF8022F103102F00F0341F8103CC2F393
:10C1C800031341F80C3CE645C2F303234FEA12324D
:10C1D80041F8083C41F8042CEAD1434621AA0DF560
:10C1E800827C52F8041F0729C4BF10391160944596
:10C1F800F7D10122AA4007EE902A0293F8EEE78AC7
:10C20800FFF7DEF89FED7CAB41EC190B029B9FED2D
:10C2180084BA019706F17E01002042AE029604F529
:10C22800805A0F46CC46099306465CF8043F069AA6
:10C23800CDF814C003FA02FB079BCDE903679B44C2
:10C2480042AB089303EB860922ADB84638F8023FA3
:10C25800019AB0EE491AF0EE691AC3F3051307EE16
:10C26800903AB0EE4A0AF0EE6A0A55F8043BF8EE46
:10C27800E77A93405B44B3EE0F7AF4EEC77A08EEA0
:10C28800103AF1EE10FAC8BF77EECB7AB8EEC88A4A
:10C29800A8EEA78AFDF720FEDAED956A9AED947A62
:10C2A800D4ED067A37EE267A57EC106B18EE100AA2
:10C2B80027EEC78AFFF7A6F832463B46FFF724FA6F
:10C2C800FFF7F0FB07EE900AB6EE007AE8EE077A81
:10C2D80017EE900AFFF796F80B46024648A1D1E9F7
:10C2E8000001FFF711FAFFF7DDFB029B49F8040B89
:10C2F8009D42ABD1DDE90367DDF814C0099B9C457D
:10C3080007F1400706F120068FD19DED428A43AB25
:10C318000DF60855F3EC017AF4EE487AF1EE10FACE
:10C32800C8BFB0EE678AAB42F4D118EE100AFFF727
:10C3380069F835A3D3E90023FFF72EFB82460028CE
:10C3480056D031A7D7E900674FF0000A02E0BAF1EA
:10C35800400F4AD038EE088A0AF1010A18EE100A8E
:10C36800FFF750F832463B465FFA8AFAFFF714FBAC
:10C378000028ECD15046FFF723F841EC180B9FED4D
:10C388001E9B04F1480B0194DFF89890089C4FF02D
:10C398000008B0EE481AF0EE681AB0EE490AF0EE5E
:10C3A800690A54F8046BFDF797FD304657EC106B9B
:10C3B800FFF728F832463B46FFF77CF8FFF772FB99
:10C3C800FFF720F842464B46FEF7BEFEFFF74AFB52
:10C3D800AC422BF8020FDCD1019C84F84AA60DF67A
:10C3E8000C5DBDEC088BBDE8F08F9FED098BC6E7AF
:10C3F8009FED098BC3E700BF00000000000000406C
:10C408008DEDB5A0F7C6B03E9A999999D9FFDF404E
:10C418000000000000005040000000000000000084
:10C42800000080420000E03F2DE9F04F83462DEDEB
:10C43800088B9BF96D30B0F86E00BBF86C4008EEC5
:10C44800103AADF61C4D18EE102A002362F30703CC
:10C458000291010A61F30F23BBF8702064F31743BC
:10C468000DF1140A60F31F6302F00F01CAF80030DF
:10C4780001238B4007EE903AC2F3031202F1080041
:10C48800B8EEE7BAFEF79CFF9FED79AB06AE002544
:10C4980041EC190B0BF1BE0BF2EE00BAB146039654
:10C4A800A84608F101074D46CDF80490ABF14004C9
:10C4B800F0EE088AB94605E01AF9033008EE103A9A
:10C4C80009F1010934F8023FB0EE491AF0EE691A91
:10C4D800C3F3420307EE903AB0EE4A0AF0EE6A0A56
:10C4E800F8EEE77AB8EEC88AF4EEE87AF1EE10FAD8
:10C4F800C8BF77EEEB7AABEE278AFDF7EDFC57EC79
:10C50800106B18EE100AFEF77DFF32463B46FFF728
:10C51800FBF8FFF7C7FAC9F3401209F00103A34576
:10C5280045F8040B03EB4203C6D1DDF8049008F18B
:10C538002008B8F5407F0BF1400B09F1800906D0BF
:10C54800C8F340131AF9133008EE103AA9E79DED25
:10C55800068A039E07ABB0EEC88A0DF61847F3ECBF
:10C56800017AF0EEE77AF4EE487AF1EE10FAC8BFF5
:10C57800B0EE678ABB42F2D118EE100AFEF742FF0E
:10C5880041A3D3E90023FFF707FA824600286BD0BE
:10C598003DA5D5E900454FF0000A02E0BAF1400F89
:10C5A8005FD038EE088A0AF1010A18EE100AFEF781
:10C5B80029FF22462B465FFA8AFAFFF7EDF9002891
:10C5C800ECD15046FEF7FCFE41EC180B029BDFF85D
:10C5D800C0909FED279B03F64B4B4FF000080CE0F3
:10C5E800FEF710FF42464B46FEF7AEFDFFF712FA84
:10C5F800BE4240B20BF8010F2AD0B0EE481AF0EE56
:10C60800681AB0EE490AF0EE690A56F8044BFDF7CD
:10C6180063FC204655EC104BFEF7F4FE22462B46F1
:10C62800FEF748FFFFF73EFA07EE900AF5EEC07AEC
:10C63800F1EE10FAD4D5FEF7E5FE42464B46FEF77A
:10C6480081FDFFF7E7F9BE4240B20BF8010FD4D1E4
:10C65800029B83F84CAF0DF61C4DBDEC088BBDE872
:10C66800F08F9FED058BB1E79FED058BAEE700BF1F
:10C6780000000000000000400000000000005040E2
:10C6880000000000000000003333333333B34F4061
:10C698000000E03F000000002DE9F04F2DED048B75
:10C6A800B0F86830ADF6144D1C0BB3F5004F0DF122
:10C6B8000C09019128BF103CC3F303211D0548BF95
:10C6C8001039024689F802101806C3F3031148BF4F
:10C6D8001039B2F8700089F8011003F00F011B0738
:10C6E80048BF103964B289F8004089F80310C0F3D4
:10C6F8000320FEF765FE9FED6A9B41EC180B0DF1D8
:10C70800100A0DF190084FF0000BA8F180070BF10B
:10C71800010602E019F903400136B0EE481AF0EEBE
:10C72800681AB0EE490AF0EE690AFDF7D5FB07EE84
:10C73800904AF8EEE77A55EC104B17EE900AFEF7A0
:10C7480061FE22462B46FEF7DFFFFFF7ABF947F8FD
:10C75800040BC6F3401206F00103B84503EB42038D
:10C76800D8D108F180080DF5496343450BF1200B3A
:10C7780004D0CBF3401319F91340C6E79DED048AA2
:10C7880005ABB0EEC88A0DF54168F3EC017AF0EE1E
:10C79800E77AF4EE487AF1EE10FAC8BFB0EE678A8D
:10C7A8009845F2D118EE100AFEF72CFE43A3D3E900
:10C7B8000023FFF7F1F8834600286BD03FA5D5E9A1
:10C7C80000454FF0000B02E0BBF1400F5FD038EEA0
:10C7D800088A0BF1010B18EE100AFEF713FE224629
:10C7E8002B465FFA8BFBFFF7D7F80028ECD15846A9
:10C7F800FEF7E6FD41EC180B019B2F4F9FED289BA0
:10C8080003F64C7900260CE0FEF7FCFD32463B4669
:10C81800FEF79AFCFFF7FEF8D04540B209F8010F81
:10C828002AD0B0EE481AF0EE681AB0EE490AF0EED7
:10C83800690A5AF8044BFDF74FFB204655EC104B9C
:10C84800FEF7E0FD22462B46FEF734FEFFF72AF9F5
:10C8580007EE900AF5EEC07AF1EE10FAD4D5FEF79D
:10C86800D1FD32463B46FEF76DFCFFF7D3F8D045C5
:10C8780040B209F8010FD4D1019B03F5805383F826
:10C888004DB20DF6144DBDEC048BBDE8F08F9FED55
:10C89800068BB1E79FED068BAEE700BFAFF30080D4
:10C8A80000000000000000400000000000005040B0
:10C8B80000000000000000000000E03F3333333385
:10C8C80033B34F400B464FF450724FF4105104F0FD
:10C8D80041BE00BF10B582B00DF10603012248F237
:10C8E8000D01044604F036FE08B102B010BDBDF8D3
:10C8F800062048F20D0142F400422046ADF8062019
:10C9080004F06AFE0028F0D104F00CFE0028ECD1F7
:10C918000DF10603012248F20D01204604F01AFE2B
:10C928000028E2D1BDF90630002BB8BF6FF008002F
:10C93800DBE700BF70B50546A2B00E4644F620649A
:10C9480006E0BDF806301A0710D4002C00F09D80D0
:10C958000DF1060301224FF40041284604F0FAFDC8
:10C96800013CA4B20028ECD022B070BD30224FF4B4
:10C978000041284604F030FE431CF5D033464FF4FE
:10C9880040724FF48061284604F0E4FD0028EBD1A2
:10C9980002AB40224FF4E061284604F0DBFD00289A
:10C9A800E2D101AB0122284648F20D0104F0D2FD84
:10C9B800BDF80640BDF80430A6F8803604F001043E
:10C9C800A6F882460028CFD1BDF8083047F6FF7197
:10C9D8008B4248D00DF116030BA833F8022F8A4278
:10C9E80041D08342F9D1BDF830308B423BD0BDF8FD
:10C9F80032308B4237D0BDF834308B4233D00DF112
:10CA0800360312A847F6FF7133F8022F8A422AD05C
:10CA18008342F9D10DF156031BA847F6FF7133F88D
:10CA2800022F8A421FD08342F9D1BDF870308B4261
:10CA380019D0BDF872308B4215D0BDF874308B42D6
:10CA480011D00DF176030DF1860047F6FF7133F82A
:10CA5800022F8A4207D09842F9D1802202A906F50E
:10CA6800C060FFF767FA002347F6FF7102E0013361
:10CA7800182B0ED09A01B25A8A42F8D103F001025B
:10CA8800A242F4D16FF007006EE76FF0090022B000
:10CA980070BD204668E700BF2DE9F04FB0F866305A
:10CAA80090F96720DFEDE06A63F0FF035B01520154
:10CAB800A3F500532DED028B0A804B80B0F864304B
:10CAC8009A0A07EE902AF8EEE77AB3EE0F7AF4EEB8
:10CAD800C77AF1EE10FAC8BF9FEDDA7AC3F30903FB
:10CAE800C8BF77EEC77A07EE103AB8EEC78A9FED4F
:10CAF800CF7AB4EEC78A0746F1EE10FA008CC8BFA9
:10CB08009FEDCB7AB7F86250BFB000F470400C4686
:10CB180067EEA68AC8BF38EE478AFEF761FCC54BA8
:10CB28000022FEF7C7FCC44B0022FEF70DFBFEF700
:10CB3800B9FFA581B7F86030A382B7F87830C4EDA3
:10CB4800018AB4EE007A43F3072328EE078A07EE3A
:10CB5800103A97F97830206107EE903AB7F87030BC
:10CB680084ED028AC3F3013384F824304FF6D87277
:10CB7800B7F87E302264B7F87E20C3F30133C2F3DE
:10CB88000312A4F8442003EB8303B7F87E105B007C
:10CB980012FB03F292B2C1F30321A4F8442001FB73
:10CBA80003234FF4C872A4F84630A4F84820B7F815
:10CBB8007E0097F97A30B7F87A10B7F87C2000F041
:10CBC8000F00FAEEED7A05EE103A083001238340A3
:10CBD80041F3072106EE901AC4ED067A07EE903A63
:10CBE80097F97C30B7F87410B7F84000B7F872803E
:10CBF80042F30722B8EEE66A05EE903A06EE902A6E
:10CC0800F8EEE55AF8EEE66AF8EEE77AB8EEC55AB5
:10CC1800C6EE274A894BE3638D05C1F3090348BF74
:10CC2800A3F580634FEA912248BF9BB2B1F5004F4C
:10CC380024BF403A92B21EB213441DB285EE274A71
:10CC4800C8F30903000B1B304FEA982885EEA75A52
:10CC580086EEA76A08EE103ADFED747A84ED0B4A87
:10CC6800B8EEC88ABAEEE97AB4EEE78AF1EE10FABD
:10CC7800C8BFDFED6F7AC4ED0C4A84ED0D5A84ED20
:10CC88000E6A84ED0A7AC8BF38EE678AFEF798FB09
:10CC98009FED630B41EC110BFDF71EF95BEC10AB3C
:10CCA80018EE100AFEF7AEFB52465B46FEF72CFD67
:10CCB800FEF7F8FE07EE908AF8EEE77AB3EE0F7A01
:10CCC800F4EEC77AF1EE10FAC8BF9FED5E7AB7F8B6
:10CCD8007090B7F87680C8BF77EEC77A08EE900AEA
:10CCE8009FED577AC9F30310B7EE008A0830A7EE14
:10CCF800878AFEF765FB9FED4A0B41EC110BFDF7A8
:10CD0800EBF84FFA88F007EE900AF8EEE77A5BEC5A
:10CD180010AB17EE900AFEF775FB52465B46FEF71E
:10CD2800F3FCFEF7BFFE2062C9F30320FEF748FBC1
:10CD38009FED3B0B41EC110BFDF7CEF848F30720B4
:10CD480007EE900AF8EEE77A59EC108B17EE900A86
:10CD5800FEF758FB4B464246FEF7D6FCFEF7A2FE0E
:10CD680004F5805A28EE888AE0612146AAF85862BC
:10CD78003846CAED948A8AED958AAAF85A52FFF77E
:10CD8800D7F93E8C394606F00F03019331F8229FFC
:10CD9800C6F303130293C6F3032607F12E0006AA6F
:10CDA80031F8023F103203F00F0542F8105CC3F36C
:10CDB800031542F80C5C8842C3F303254FEA13338A
:10CDC80042F8085C42F8043CEAD105AA1DAD1346B6
:10CDD80053F8041F0729C4BF103919609D42F7D1C1
:10CDE80007F13E0C1EA9964630F8023F103103F0B9
:10CDF8000F0241F8102CC3F3031241F80C2C8445A0
:10CE0800C3F303224FEA133341F8082C41F8043CDA
:10CE1800EAD172461DAB3DA81AE000BFAFF300800F
:10CE28000000000000000040000080390080FF433F
:10CE3800000080440000103F0000204017B751B99F
:10CE48000000003C000080420000803D00000042DD
:10CE580053F8041F0729C4BF103919609842F7D145
:10CE680007F17E083EABCDE9043804F24A6041463A
:10CE7800BB4652F8043FB3404B449BB286461EAFB4
:10CE88008C4600933CF8028FB8F5004F4FEA982380
:10CE9800A3F1400838BF0FFA83F8019B28BF0FFAA7
:10CEA80088F808FA03F3039357F8048B029B08FAEF
:10CEB80003F8009B9844039B9844049B2EF8028F28
:10CEC8009F42DFD1954201F1400100F14000D0D1ED
:10CED80021465846DDF81480FFF7A6FA2146584641
:10CEE800FFF7DAFBBBF86A30BBF8142003F03F0108
:10CEF80007EE901AF8EEE77AB3EE0F7AF4EEC77AF7
:10CF0800F1EE10FAC4BF1FED317A77EEC77A1FED44
:10CF1800327AC3F3841167EE876A07EE101AB8EE07
:10CF2800C77AB2EE0E6AB4EEC67AF1EE10FAC8BF4E
:10CF38005FED3A7A4FEAD323C8BF37EE677A07EE38
:10CF4800903AF8EEE77AB2EE0E6AF4EEC67AF1EEAF
:10CF580010FAC4BF1FED436A77EEC67A6FEA121261
:10CF6800F6EE005AB4EE006A41F2682302F080023D
:10CF780027EE257A67EE867A84F82520E5184FF0A3
:10CF8800FF32CAED976A8AED987ACAED997AE2502B
:10CF980000236A60AA60EA602A611E46184640F2C9
:10CFA800FF2E38F8022F00F6341C471C99B24AB9F4
:10CFB800714524F81C10B8B21ED0052800F0BA80BC
:10CFC8000133EEE706F63817D20704EB470706F1F8
:10CFD800010C0FD5734579801FFA8CF603F1010314
:10CFE80044D0052EDDD16FF003003FB0BDEC028BBD
:10CFF800BDE8F08F7145E3D1052800F09B808319C7
:10D00800042B00F39180C0BB002E00F0878004F54C
:10D01800935804F5935E012708F110080EF1120EDB
:10D02800B7423A461BDA38F817C04FEA5C190CF0D9
:10D038001F0C3EF812304FEA531AA9EB5311A3EB19
:10D048004A1301319BB2ACEB0303022902F101023E
:10D0580003F1010301D8022B69D9B242E9DB013798
:10D068007B1E9BB29E42DBD8A8BB57E0052EBAD0E8
:10D078008319042B58DC0028C9D000F1010904F5F4
:10D0880093581FFA89F908F106084FF0010E8645F2
:10D0980072461ADA38F81E704FEA571C07F01F0755
:10D0A80035F812304FEA531AACEB5311A3EB4A137D
:10D0B80001319BB2FB1A022902F1010203F10103BB
:10D0C80001D8022B33D98242EADB0EF1010EF14579
:10D0D800DDD1002E9BD104F59354103405EB4000AC
:10D0E80004EB4607E6B1298826464FEA511C01F0B1
:10D0F8001F0136F8022F5309A2EB4313ACEB52126F
:10D108009BB20132CB1A022A03F1010301D8022B88
:10D118000DD9BE42EDD102358542E4D1002064E745
:10D1280002358542FCD1F9E76FF004005DE76FF046
:10D1380005005AE76FF0020057E700BF0000000043
:10D14800F8B52DED028BB0F88066054691F82400FD
:10D158009FED258B0C46FEF733F9B0EE480AF0EE4A
:10D16800680A41EC110BFCF7B7FEC6F3812630467E
:10D1780057EC106BFEF724F9B0EE480AF0EE680A97
:10D1880041EC110BFCF7A8FEB5F9541653EC102B23
:10D1980008EE101A30463946FEF7B6FAFEF782FC5A
:10D1A800B4F9023007EE903A06EE900AB4F900306E
:10D1B800B8EEC88AF8EEE77A07EE103AD8EE267A83
:10D1C800B8EEC77AC7EE877A17EE900AFEF71AF913
:10D1D80007A3D3E90023FDF7B7FFFEF763FCBDEC17
:10D1E800028B00EE100AF8BD0000000000000040AD
:10D1F8006666666666660A402DE9F84305460C468B
:10D20800FFF79EFFB5F9403694ED046ADFED2A6A10
:10D2180007EE103AB5F9003607EE903AB8EEC77A3D
:10D22800F8EEE77A10EE105AE7EE067A87EE276AEC
:10D2380066EE267A17EE900AFEF7E4F8064660686E
:10D248000F46FEF7DFF8804628468946FEF7DAF8EB
:10D2580017A3D3E90023FDF775FF02460B464046A6
:10D268004946FEF727F9154B0022FDF76DFF0246E8
:10D278000B4630463946FEF747FA0646A0890F4660
:10D28800FEF7AEF802460B4630463946FDF75AFF20
:10D29800FEF708FC94ED027A06EE900A86EE870AFD
:10D2A800F3EE097A30EE270ABDE8F883AFF3008081
:10D2B8006666666666660A40000080480000F03FC1
:10D2C8002DE9F04F2DED0E8B93B0B0F88236039315
:10D2D8008A4610EE904A064690460F90F0EE409A25
:10D2E800FFF72EFF3046514610EE105AFFF784FF25
:10D2F80010EE100AB0EE409AFEF784F892A3D3E934
:10D308000023FDF721FFFEF7CDFB08EE100A2046AB
:10D31800FEF778F88CA3D3E90023FDF715FFFEF795
:10D32800C1FB08EE900A68EEA88A28EE088A68EE23
:10D33800A88A9AF84C0FB0EE687AA8EE487AB7EE49
:10D34800008AC7EE297AB0EE48DA78EEE78AFEF767
:10D3580037F89FED770B41EC110BFCF7BDFD51EC55
:10D36800100BFEF79FFB0AF580530AEE100A93F89C
:10D378004D020993FEF724F89FED6D0B41EC110B5C
:10D38800FCF7AAFD51EC100BFEF78CFB0AEE900A95
:10D398009AF84A06FEF714F89FED650B41EC110B5D
:10D3A800FCF79AFD51EC100BFEF77CFBDAED0B5AFB
:10D3B8009FED637ABAF94620B6F91416BAF94430E3
:10D3C800DAED0D6AB6F880469AED0C6A0E90F0EE2A
:10D3D800487AE5EE877A64090CEE902ABAF91420A7
:10D3E80088EE27CA07EE102A07EE901AB8EEC77A19
:10D3F800F8EEE77A1CEE901A87EE27BA04F080025E
:10D408000C9207EE903ACB1AF8EEE7BA07EE903A8C
:10D41800B6F91016F8EEE77AF0EE48DAA6EEA7DAD3
:10D4280007EE901AF8EEE77AB6F9501667EE8B7A9F
:10D43800E6EE2BDA17EE900A0EEE101AFDF7E2FF71
:10D44800099BF3EE097AB3F9583239EE679ADAEDA7
:10D45800087A06462846A7EE898A0F460EEE903AC5
:10D46800FDF7D0FF34A3D3E90023FDF76BFECDE928
:10D478000A01DAF81C00FDF7C5FFDDE90A23FEF70B
:10D4880019F8F8EEEEEA2F4B0022FDF75DFE6EEE7E
:10D49800887ACDE9000117EE900AFDF7B3FFDDE9C0
:10D4A8000023FEF707F802460B4630463946FDF7DB
:10D4B80049FEB8EECEEAFEF7F5FA9AF825300C9A4E
:10D4C80010902EEE0BEA93422DEE8DDA1EEE100A26
:10D4D8000D9300F0D081FDF795FF099B93ED977AA6
:10D4E800B3F95A3207EE903AF8EEE77A064677EE45
:10D4F800877A0F4667EE887A0AF14A0B17EE900A88
:10D50800FDF780FFDDE90023FDF7D4FF0B46024657
:10D5180039463046FDF716FEFEF7C4FA63B211909D
:10D528000893CDF800800AF64C4700261CE000BF9F
:10D5380000000000000000406666666666660A40F5
:10D54800000020420000F03F666666666612714081
:10D55800009BB6F5407F03F1040300930BF1020B27
:10D5680007F1010700F08281089AC6F34018002AE3
:10D57800B1464346039ABCBF09F0010388EA030396
:10D588009A4206F10106E3D10F9B023BB7EE008AEF
:10D5980033F9163007EE903A97F90133F8EEE77A47
:10D5A80007EE103A67EE8B7AB8EEC77A17EE900A54
:10D5B800C7EE2AEAFDF726FF97F90030CDE9040106
:10D5C80007EE903AF8EEE77ABBF9023687EE8A7AE8
:10D5D8000EEE103AA9EE078A1EEE900AFDF712FF2A
:10D5E800DDE90A23FDF766FFB8EECEEAAC4B002270
:10D5F800FDF7AAFD6EEE087A044617EE900A0D466E
:10D60800FDF700FF02460B4620462946FDF752FF6C
:10D6180002460B46DDE90401FDF794FDFEF742FAE8
:10D62800DDE90C2307EE900A9342B0EE677A30D01A
:10D63800099B4FEA480893ED996A08F1FF3309F10D
:10D64800030206EE903A002A09F102031146F8EEA9
:10D65800E66AB8BF09F106019B10A3EBA103E6EE49
:10D66800267A12EA290238BF4A4603EBA603A3EB3F
:10D67800A203C8F1010813FB08F35BB2B0EE677AA6
:10D6880007EE903A099BF8EEE77AD3ED986AA6EE92
:10D69800E77A039B0E98DAED066A12AA02EB830377
:10D6A80053ED027AA6EEE77AB7EE008A87EE29EA0A
:10D6B800FDF7A8FE76A3D3E90023FDF7FBFE044699
:10D6C800BBF800000D46FDF78BFE02460B462046D0
:10D6D8002946FEF719F8FEF7E5F99AED0A7AA9EE58
:10D6E800078A07EE900A28EE278AB0EE4E7AA8EE4F
:10D6F800887A68EE087A67EE887A67EE877A17EE96
:10D70800900AFDF77FFE41EC100BFCF77FFCFCF75D
:10D718007DFCDAED0CEA1EEE900A8DED040BFDF7A8
:10D7280071FE04461EEE100A0D46FDF76BFE5AA365
:10D73800D3E90023CDE9060120462946FDF7BAFEC4
:10D7480002460B4600205649FDF7FCFC804618EEC1
:10D75800100A8946FDF756FE02460B4640464946E2
:10D76800FDF7A8FE22462B4680468946DDE90401DE
:10D77800FDF7A0FEFEF796F9FDF744FE02460B46BC
:10D7880040464946FDF7E0FC02460B46DDE9060146
:10D79800FDF7BAFF044618EE900A0D46FDF732FE73
:10D7A80002460B4620462946FDF7CEFC41EC100BFD
:10D7B800FCF72CFCFCF72AFC37A3D3E9002351EC37
:10D7C800100BFDF7BFFCFEF76DF9BAF9423007EE12
:10D7D800103A07EE900AB8EEC77AB4EEE77AF1EE9F
:10D7E80010FA2BDDBAF94030DAED0BEA07EE103A01
:10D7F80028EE0C8AB8EEC77A77EEC77AB7EE007AC9
:10D80800A7EEAE7A67EE087A8EEE277A77EE287A58
:10D8180017EE900AFDF7F6FD41EC100BFCF7F6FB4E
:10D82800FCF7F4FB1CA3D3E9002351EC100BFDF724
:10D8380089FCFEF737F9009B186089E6F4EEE7BA31
:10D84800F1EE10FAD8DCB8EEEC7AB4EEE77AF1EE45
:10D8580010FA06DD28EE2D8ADAED0DEAB0EE6B7AC5
:10D86800CAE728EE0D8ADAED0EEAC5E713B0BDEC7B
:10D878000E8BBDE8F08FFDF7C5FD099BB3F95A3251
:10D8880007EE903A0646F8EEE77A0F4632E600BF12
:10D898008DEDB5A0F7C6B03E666666666612714045
:10D8A8000000F03F70B521F4006384B023B16FF03D
:10D8B8000105284604B070BD0C460DF1060301228F
:10D8C80041F2F411064604F09BF8051EF1DBBDF8A1
:10D8D80006300B49029123F400631C43A4B263BAD7
:10D8E800062202A93046ADF80C30ADF8064004F027
:10D8F800C9F805460F2004F0E9F8284604B070BDC1
:10D908003A2E11F470B521F4807384B023B16FF00E
:10D918000105284604B070BD0C460DF1060301222E
:10D9280041F2F411064604F06BF8051EF1DBBDF870
:10D9380006300B49029123F480731C43A4B263BAE6
:10D94800062202A93046ADF80C30ADF8064004F0C6
:10D9580099F805460F2004F0B9F8284604B070BDC0
:10D968003A2E11F400B583B00DF10603012243F6F7
:10D97800144104F045F80028A4BFBDF80600C0F320
:10D98800002003B05DF804FB10B582B001AB0122A2
:10D9980043F22C41044604F033F800280DDB0DF166
:10D9A8000603012243F61441204604F029F8002812
:10D9B800A4BFBDF80600C0F3002002B010BD00BF30
:10D9C80000B5042283B0044B01930DEB020104F06F
:10D9D80059F803B05DF804FB0180000170B51E46DC
:10D9E80015460B46142242F60261044604F008F874
:10D9F800002813DB2B464FF4407242F62A6120467A
:10DA080003F0FEFF002809DB3346204640F20132CE
:10DA1800BDE8704043F22C4103F0F2BF70BD00BF77
:10DA28002DE9F04F2DED028BAF4BB04AB04D9A6007
:10DA3800B1B005F073FF02F0EBFE02F01DFF04F039
:10DA4800B9F802F043FD02F08BFF02F07BFE03F011
:10DA580085F802F017FE02F047FE2A78002303211A
:10DA6800CDE90B31CDE90D330F937AB12B78042B27
:10DA780002D02B780A2B09D101239E480B930BA9BE
:10DA880007F0E8F90B2003F00DF909E001244FF045
:10DA980090400BA90B9407F0DDF9204603F002F93A
:10DAA8002B780A2B00F01E832B78052B08D02B78B7
:10DAB800092B05D02B78122B02D02B78132B03D1EE
:10DAC80040F67F4003F078F806AB039310AB13AC35
:10DAD80002932B780B2B00F0F6822B78012B22D0A7
:10DAE8002B78022B1FD02B78032B1CD02B78062BDE
:10DAF80019D02B78072B16D02B780A2B13D02B781C
:10DB08000C2B10D02B78102B0DD02B785BB1002369
:10DB1800CDE9133311930822012376480299109214
:10DB2800129307F097F97449744C0323C4E900135E
:10DB3800204640F2E733A36007F0BEFF04F05CF82C
:10DB4800204607F0E7FF04F0ABF920466C4C07F0DD
:10DB5800E1FF02F001FB2378062B6A4B00F09E825E
:10DB68002278062A00F0A1822278062A00F0A482F0
:10DB7800624807F0CFFF2378032B00F089822378CF
:10DB8800042B00F0858202F017FC5C48DFF89481D2
:10DB98005A4F07F0BFFF002004F09CFFDDF808A0F3
:10DBA8000026384607F0B6FF002E00F09B8172076A
:10DBB800F3B200F0B08105F03FFD013605F066FDD7
:10DBC80005F0D2FD05F05CFE05F0F4FD05F016FE4B
:10DBD80005F088FD05F0A8FD01F014FF01F0D2FF63
:10DBE800642005F0BFFE322EDBD1474B00241C70A9
:10DBF800E0B2013404F0AAFB082CF9D19FED388B70
:10DC08000026DFF824B1DFF824A1404CB146B04625
:10DC180037463A4807F07EFF9BF80030002B52D178
:10DC280005F09AFE3A4B1B78002BA0EB07000CBFBF
:10DC38004FF4FA736423984280F0358105F08CFE26
:10DC4800A0EB0900132800F2148105F085FE801B63
:10DC5800B0F5FA7F80F0028105F07EFEA0EB0800A7
:10DC6800952800F2A2802B4B1B78002B40F09A805D
:10DC780003F09CF9284B1B78002B40F08A802B7806
:10DC8800082B55D09AF80030002BC2D005F064FE5E
:10DC9800224B1B68C01A0028BBDB00228AF8002030
:10DCA800114602EB42030132E1542344082A597019
:10DCB8009970F6D103F014FA104807F02BFF9BF87F
:10DCC8000030002BACD00023072115488BF800301A
:10DCD80006F052FD124806F0CFFCA1E7AFF3008032
:10DCE800000000000000000000ED00E000800008D7
:10DCF8004E05002000040048003000407802002053
:10DD08002905002026050020540000205802002084
:10DD18002E020020DE010020DC010020E0010020AE
:10DD2800DC040020147F01082D020020E4010020FB
:10DD3800B14B1B78002BA5D0AF4B00221A70AF4B0C
:10DD4800198889B2012938BF0121B1F5FA7F28BFA6
:10DD58004FF4FA71AA4B187802EB4203C0B2E054B0
:10DD6800A84800782344C0B25870A7480078013208
:10DD7800C0B2082A9870EDD1019103F0B1F905F00D
:10DD8800EBFD0199A14B0144196001238AF8003089
:10DD980078E703F063F910B19D4A0023137003F08C
:10DDA8009FF96CE704F0E6FE62E705F0D5FD8046D2
:10DDB80001F0D2FD01F002FE05F004FC05F020FCA4
:10DDC80005F042FD934A13780133DBB2022B07D9E1
:10DDD800914A1378013303F0030313708D4A00232B
:10DDE800137004F0F7FE00F049FA2B7800228DED4D
:10DDF800128B8DF85420002B5FD02B78132B5CD01E
:10DE08002B780A2B00F0A2802B78042B00F0CF800F
:10DE18002B78112B00F0E4802B78052B00F00C8177
:10DE28002B78092B00F01F812B78082B7FF41BAF70
:10DE38007A4B1B788DF8143040F2551310937848BC
:10DE48000123149306F0BCFC00283FF40CAF039B9D
:10DE58000299734805AA06F03DFC04E705F07CFD2D
:10DE68009AF800300646002B7FF4F6AE04F0C4F8AA
:10DE7800F2E605F071FD814601F0C4FD01F082FE75
:10DE880005F0DAFB05F002FC05F06EFC05F0F8FC85
:10DE980005F090FC05F0B2FC05F024FC05F044FC0C
:10DEA80001F03CFDD1E605F057FD4FF4004107466F
:10DEB8004FF0904007F0D2F8C0E65A4A1388C3F3EF
:10DEC80007238DF8143013888DF8153040F2351378
:10DED800109353480223149306F072FC00283FF471
:10DEE800C2AEB4E705F0A8FB05F0D0FB05F03CFC9A
:10DEF80005F0C6FC05F05EFC05F080FC05F0F2FBC1
:10DF080005F012FC01F07EFD01F03CFE642005F0F6
:10DF180029FD012645E6C3F3C10303EB830308EBA0
:10DF2800C3190224802249465046FEF703F82046CA
:10DF38000021013403F01EFEE4B28021504603F0B4
:10DF4800FBFD072C09F18009ECD134E6354A344849
:10DF58001388C3F307238DF8143013888DF8153010
:10DF680040F2751310930223149306F029FC00283D
:10DF780040F087802C4A2A4813681B0A8DF8143011
:10DF880013688DF8153040F2771310930223149319
:10DF980006F016FC00286DD1244A13681B0A8DF878
:10DFA800143013688DF8153040F2791390E7204A41
:10DFB8001B481388C3F307238DF8143013888DF892
:10DFC80015301C4B1B788DF8163040F24513109312
:10DFD8000323149306F0F4FB00283FF444AE36E71D
:10DFE800134A1388C3F307238DF8143013888DF868
:10DFF800153040F243236BE7D8010020E6010020EA
:10E00800DB010020DA010020D9010020E001002016
:10E01800DC010020C0010020C1010020D001002047
:10E02800DC0400204A020020300200200802002000
:10E03800460200204502002040F2471310930323B4
:10E04800149372B63B4B1B6862B65BBAADF81430DA
:10E05800394B3A481B788DF8163006F0B1FB00288A
:10E068003FF401AEF3E6344B1B788DF8143040F2E0
:10E078006513E3E6039B0299304805AA06F02AFBDC
:10E088008AE7039B02992D4805AA06F023FB71E74E
:10E098002B490122142002F09FF874E51A78012A0E
:10E0A8007FF45EAD03F08CF962E51A78022A7FF4FA
:10E0B8005BAD03F0BDFA5BE51B78032B7FF458AD2D
:10E0C80003F0FEFB54E500231393082263604FF42A
:10E0D8000413CDE910231B4802990123129306F07B
:10E0E800B9FE20E540F6FF1002F066FD06A8032100
:10E0F800002620220223039009910127014613AC30
:10E108004FF09040CDE9062308960A9706F0A2FE44
:10E1180002F092FD10AB13960293666019464022F6
:10E128004FF404134FF09040CDE91023129706F0F6
:10E1380091FECEE43C020020D0010020DC04002047
:10E1480026050020000400480A4B10B51880044634
:10E1580001F0EEFD902001F09BFE012001F098FEF9
:10E16800200A01F095FEE0B201F092FEBDE81040F1
:10E1780001F03ABE5E0000200B4B10B51C8801F080
:10E18800D7FD902001F084FE44F40044012001F002
:10E198007FFE200A01F07CFEE0B201F079FEBDE8C6
:10E1A800104001F021BE00BF5E00002038B501F02C
:10E1B800BFFD902001F06CFEB8B1002001F068FEB0
:10E1C80098B101F0B5FD912001F062FE68B101201F
:10E1D80001F010FF0546002001F00CFF044601F095
:10E1E80003FE44EA052000B238BD01F0FDFD002021
:10E1F80038BD00BF00B51D4A1D4B10781D491B785E
:10E20800ADF52B7D012200918DF804201A498DF877
:10E21800050040F29E2202A88DF80630FDF78AFE1E
:10E2280000230DF1FF310DF5297C11F8012F08208D
:10E2380053405AB2002A4FEA430300F1FF30BCBFF3
:10E24800530083F0070310F0FF00DBB2F1D18C45D7
:10E25800EBD140F2A62269464FF480708DF8073062
:10E2680002F0ECF80DF52B7D5DF804FB510500205C
:10E2780052050020424B4C425405002070B5264DF3
:10E288002C7805F069FB254B2549264A0978128820
:10E2980004EB840403EB440C43F81400ACF80520A9
:10E2A800214B224A1B888CF8041011782A78204CBC
:10E2B800ACF807301F4B0132A3FB0203207800396A
:10E2C80018BF0121003818BF012041EA40015B084E
:10E2D8008CF8091003EB4310174903EB4003D21ADB
:10E2E8000B782A70422B9CBF01330B702378134D97
:10E2F80023B1134E2B783278134308D0237803F0D8
:10E30800FF020BB90E4B1A7023782B7070BDFFF704
:10E3180071FF01233370F1E75205002054050020F6
:10E328004E0500204A02002048020020D0010020AB
:10E338002E0200206B4CA407510500204F05002039
:10E3480050050020152800D970472DE9F0432022F8
:10E3580091B0044600210DEB0200FDF793FD40F259
:10E36800A622A2EB441292B2202A4FEA441028BFF8
:10E37800202208A900F5807002F092F8E8B1104D4B
:10E3880008AC10AF40F2A9164FF000084FF0000992
:10E39800284606F015FA80B10823069300238DF865
:10E3A8001C30224601AB02A928460834CDE904896D
:10E3B800029606F08FF9BC42EAD111B0BDE8F083AD
:10E3C800DC040020274B1A68B2F5A87F00D07047FC
:10E3D8001B69022BFBD92449244AB1F8013024488F
:10E3E800097811705BBA03801378012BD9B214D065
:10E3F8001378022B14D000231E4A194603EB430C52
:10E4080002EB0C000133082B02F80C1041708170EC
:10E41800F4D1194B01221A707047184B19707047C4
:10E4280000B572B61649174A174B91F800E092F8F2
:10E4380000C018785FFA8EFE5FFA8CFCC0B262B634
:10E448000C4A002101EB4103013102F803E01344B7
:10E45800082983F801C09870F4D1074B01221A707B
:10E468005DF804FBC0040020B8040020E801002087
:10E47800E601002058020020DC010020D80100201D
:10E48800DB010020DA010020D9010020F8B5204B7B
:10E498001A68B2F5F87F00D0F8BD1B69042BFBD9C8
:10E4A8001C4B1B7803F0FF05002BF5D172B61A4EF2
:10E4B8001A4834781A4F4FF4005106F0C3FDA4F1FE
:10E4C8000104B4FA84F46409A0422246134818BF30
:10E4D8003D604FF4005106F0BBFDD6F8013013B98A
:10E4E8003B6062B6F8BD0F4A0F4D0C4800241BBABA
:10E4F80013604FF4805122463B602C7006F0A8FD53
:10E50800064822464FF4804106F0A2FDE9E700BF25
:10E51800C004002054000020B80400200004004873
:10E5280054020020580000205002002038B5334C17
:10E53800334B2246002106F057F900B138BD05F0EB
:10E548000BFA304D304B186000F09CFA2B781BB159
:10E558002368B3F5807FF1D100F038F900F07CFE34
:10E568002B78002BEAD1294B187800F051F80138A4
:10E578000D28E3D8DFE800F03B37332F2B27231F84
:10E588001B17130F0B07BDE8384000F0FDBFBDE8AF
:10E59800384000F0B3B8BDE8384000F095BDBDE89C
:10E5A8003840FFF773BFBDE8384000F0ADBCBDE8A8
:10E5B800384001F057B9BDE8384001F021B9BDE84D
:10E5C800384000F07DB8BDE8384000F0A3BDBDE894
:10E5D800384000F0D7BCBDE83840FFF7F3BEBDE8CF
:10E5E800384000F01DB8BDE8384000F00FBD00F01D
:10E5F80049FFBDE8384000F009BD00BFC004002055
:10E60800B80400202E020020CC0100204E05002076
:10E6180018289ABF014B185C00207047287501081C
:10E6280038B51F4B1A68B2F5A07F00D038BD1B69FA
:10E63800012BFBD91B4B1B78002BF7D11A4D1B4C18
:10E648002B78237005F088F96A78194BA2F101023A
:10E65800B2FA82F21860520910214FF0904006F089
:10E66800F7FC2378134A144940F67F4000FB03F374
:10E67800A2FB032309681148DB094B63237803F0E5
:10E68800FF0233B1BDE8384001224FF4007106F0B3
:10E69800DFBCBDE838404FF4007106F0D9BC00BFBC
:10E6A800C004002054000020B804002044020020C8
:10E6B8001802002081808080200400200004004887
:10E6C8000B4B1A68B2F5D87F00D070471B69002B36
:10E6D800FBD0084B1B78002BF7D1074B1A78003A70
:10E6E8004FF002014FF0904018BF012206F0B0BC75
:10E6F800C004002054000020B80400202E4A1368EB
:10E70800B3F5107F27D040F24122934216D040F251
:10E718004222934222D100B5284B1B78052B89B0A1
:10E728001DD002226946222001F082FD18B124483A
:10E7380006F046F830BB09B05DF804FB214B1B78A6
:10E7480003F0FF0253B91D4B1B78052B2ED01E4931
:10E75800212001F041BD1269022A06D07047FFF757
:10E7680025FD40BAADF80000E1E7164B1B78002BF9
:10E77800F4D1124B14491B780888052B18D0202097
:10E7880001F02ABD40F24222002000210223CDE9F7
:10E7980004014FF0000C029206936A4601AB02A9ED
:10E7A80007488DF81CC005F095FFC4E7FFF7E4BCE7
:10E7B80040BA80B2FFF7C8BCC00400202905002079
:10E7C800DC04002054000020B80400202DE9F041AA
:10E7D800994D2B68B3F5C07F94B03ED0B3F5C17F97
:10E7E8006FD0B3F5C97F09D0B3F5807F03D12B690A
:10E7F800082B00F0AC8014B0BDE8F0812B69042B25
:10E80800F9D18E4B1A78E32AF5D15A78A52AF2D194
:10E818009A78E02AEFD1DE78FF2EECD12222314619
:10E828000AA8FDF72FFB22220AA9002001F006FE04
:10E838000024834B83481C7022222146FDF722FBCB
:10E84800814822223146FDF71DFB804805F0B8FFBC
:10E85800002840F0DC802B68C6E72B69012BCAD959
:10E86800764A1478072CA04603F1FF3328BF4FF0EF
:10E87800070898452BD8002204214FF090408DF8C6
:10E88800108006F0E5FB002C00F09C806B4F04AE76
:10E89800002417F8010F01F04BFD0134E4B24445A0
:10E8A80006F8010FF5D34FF090400122042106F03D
:10E8B800CFFB664805F084FF98BB2B68B3F5C17F92
:10E8C8008FD1624805F07CFF60B92B6889E75FFA51
:10E8D80083F8002204214FF090408DF8108006F054
:10E8E800B7FBD3E74FF40041594806F0ABFBA0F162
:10E8F8000100B0FA80F0400940F2831201230021A0
:10E90800002600278DF808000A920E938DF83C1017
:10E9180004AB02AA0AA94D48CDE90C6705F0DAFE56
:10E92800D3E708F101085FFA88F240F2811000216C
:10E93800002600270A900E928DF83C1002AB04AA1C
:10E948000AA94248CDE90C6705F0C4FEB5E73B4F7C
:10E95800404B414A79783878187001245970B97851
:10E968009970147004F0F8FF3C4B3D49FA783D4E1D
:10E978003D4D00F51C50103008601A703B4A3B7939
:10E98800147033703A4C7B792B703A4ABB792370F8
:10E998001278FB79082A17D037496BB300223078F0
:10E9A80002EB4203C0B2C85428780B44C0B2587076
:10E9B80020780132C0B2082A9870F0D12F4B01227A
:10E9C8001A7018E7A0466EE72D4B1B78022BF5D17D
:10E9D80072B632782B782078D5B2DCB2C0B262B683
:10E9E8002549002202EB42030132CD540B44082A88
:10E9F8005C709870F6D1E1E71A4603EB43040819F6
:10EA08000133082B0A5542708270F6D1D6E740F2DE
:10EA18009113049300220023CDE9062308220892CB
:10EA280001AB6A4404A9094802948DF82440039470
:10EA380005F050FE0FE700BFC0040020B804002016
:10EA48002A0500202C05002004050020DC040020F5
:10EA58000008004870020020C8010020DD010020E5
:10EA6800C4010020DB010020DA010020DE010020C3
:10EA7800D90100204E05002058020020DC010020AA
:10EA8800E801002030B5A24C2368B3F5FE6F8BB0C7
:10EA980000F0F480B3F5FF6F33D040F2FB7293427D
:10EAA8003AD0B3F5887F42D0B3F5C87F49D0B3F5E3
:10EAB800D07F00F0858040F2A112934200F0888058
:10EAC800B3F5D17F00F08F8040F2A312934200F09B
:10EAD8009280B3F5D27F00F0998040F2A51293425C
:10EAE80000F09A80B3F5D37F00F0A180A3F5D3722C
:10EAF800012A40F2AD80B3F5D47F00F0B4800BB0AA
:10EB080030BD844805F05CFE002840F095812368FC
:10EB180040F2FB729342C4D17E4D284605F050FE68
:10EB2800002840F070812368B3F5887FBCD179480C
:10EB380005F046FE002840F094812368B3F5C87FAD
:10EB4800B5D1744805F03CFE002834D0724B7349A7
:10EB5800DA88097858798DF80810197E8DF8090037
:10EB68008DF80A1002B91A89987A8DF80C20110AC2
:10EB78008DF80B1000B9187BDA7A597B9D7B8DF8DC
:10EB88000D000A434FF000010CBF0B46012308207B
:10EB98008DF80E3040F29113CDE9061104930DEB78
:10EBA800000208908DF824105A488DF80F5001ABD8
:10EBB80004A905F08FFD2368B3F5D07F7FF47BAF00
:10EBC80023692BB1564B1B78062B01D8554A137075
:10EBD800504805F0F5FD002840F000812368B3F5A2
:10EBE800D17F7FF471AF23692BB14D4B1B78192B63
:10EBF80001D84D4A1370474805F0E2FD002840F05F
:10EC0800A7802368B3F5D27F7FF467AF23691BB170
:10EC1800434A464B12781A703E4805F0D1FD002849
:10EC280040F0C4802368B3F5D37F7FF45FAF2369D6
:10EC380073B13B4B1B78032B0AD83D49394A0B70FB
:10EC48001378032B00F037811378042B00F03381FD
:10EC5800304805F0B5FD002840F093802368B3F5EF
:10EC6800D47F7FF44CAF2369002B3FF448AF2C4B83
:10EC780018780BB0BDE83040FFF764BB2269042A5E
:10EC88007FF42BAF264A1178B0297FF41DAF517855
:10EC980007297FF410AF91781D297FF40CAFD27843
:10ECA8005A2A7FF408AF234A234B12681B6823486B
:10ECB8000024546340215C63012206F0C9F91F480F
:10ECC80022464FF4007106F0C3F9224602214FF0A4
:10ECD800904006F0BDF91A4B1B78092B00F0F28022
:10ECE8000023184A049302E0049B01330493049B15
:10ECF8009342F9D9BFF34F8F1349144BCA6802F4F2
:10ED0800E0621343CB60BFF34F8F00BFFDE700BF46
:10ED1800C0040020DC0400202C0500202A05002067
:10ED2800B804002029050020280500202705002018
:10ED38002605002020040020D403002000040048F9
:10ED48004E050020FFE1040000ED00E00400FA0594
:10ED58005F4A604B12781B788DF80420002140F23E
:10ED6800A3100222CDE906118DF80530049008920F
:10ED78008DF8241002AB01AA04A9574805F0AAFC93
:10ED88003FE7564B00211A788DF8042040F2A7136C
:10ED98000120CDE90611049308908DF8241002ABE8
:10EDA80001AA04A94C4805F095FC57E74C4B0322EF
:10EDB80000211B788DF8042040F2A5100222CDE92D
:10EDC80006118DF80530049008928DF8241002ABD6
:10EDD80001AA04A9404805F07DFC23E7414B002126
:10EDE8001A788DF8042040F2A1130120CDE906110C
:10EDF800049308908DF8241002AB01AA04A93648A0
:10EE080005F068FCEAE62B689B69180C1B0E0021CC
:10EE180040F2FC728DF805300223CDE906118DF819
:10EE28000400049208938DF82410284602AB01AA26
:10EE380004A905F04FFC76E62B4A2C4B0021CDE9BE
:10EE4800022340F2F9700822CDE9061104900892D5
:10EE58008DF8241001AB6A4404A91F4805F03AFC58
:10EE680055E623482349244A0078244B0978127828
:10EE78001B788DF80400003918BF0121003A18BF2B
:10EE88000122003B18BF01238DF8051040F2111034
:10EE980000218DF806200422CDE906118DF80730EF
:10EEA800049008928DF8241002AB6A4404A90A4819
:10EEB80005F010FC41E612490122142001F08CF9FA
:10EEC800236813E60F482246402106F0C1F807E7F9
:10EED8005C00002028050020DC0400202605002016
:10EEE8002705002029050020000303CC01000003AA
:10EEF8004E0500202E0200202D0200205400002084
:10EF0800B80400200004004838B5154B1A68B2F55B
:10EF1800F07F00D038BD1B69022BFBD9114B1B7841
:10EF2800002BF7D1104D114A2B88114C5BBA138076
:10EF380004F012FD0F4AAB781060237004F00CFD4A
:10EF48000D4B0E4A186023780D4940F67F4000FBB0
:10EF580003F30968A2FB0323DB094B6338BD00BF39
:10EF6800C004002054000020B804002048020020FB
:10EF7800F001002000020020EC0100208180808048
:10EF880020040020194B1A68B2F5B07F00D07047F2
:10EF98001B69012BFBD970B5154B1B7803F0FF04D7
:10EFA80003B170BD134D144E2B78337004F0D4FCAC
:10EFB8006A78124B012A18600DD0114B11481B6852
:10EFC800A2F10102B2FA82F25C635209BDE8704014
:10EFD800402106F03DB834780B4B40F67F4101FBE9
:10EFE80004F4A3FB0434E409E7E700BFC0040020ED
:10EFF80054000020B80400202C0200202802002021
:10F00800200400200004004881808080254B1A6875
:10F01800B2F5907F00D070471B69042BFBD92DE90E
:10F02800F041214B1B7803F0FF040BB1BDE8F081E0
:10F0380072B61E4D1E4895F800801E4F202106F01E
:10F0480001F8A8F10106B6FA86F67609B04232460A
:10F05800174818BF3C60202105F0FAFFD5F80130A9
:10F06800E3B11549154A1BBA0B603B6012783AB9EF
:10F078001349B8F1010F0A6818BF5B4213440B60CB
:10F088000024104B0A481C702246082105F0E0FFB6
:10F0980007482246402105F0DBFF00E03B6062B6EE
:10F0A800C4E700BFC004002054000020B8040020BA
:10F0B8000004004854020020580000204E0500209B
:10F0C8004C020020500200200F4B1A68B2F50C7F4A
:10F0D80007D040F231218A4202D11A69032A0BD0A3
:10F0E80070471A69032AFBD1084B1B78002BF7D10C
:10F0F8000749302001F070B8044B1B78002BEFD182
:10F108000349312001F068B8C004002054000020F1
:10F11800B8040020404AF8B51368B3F5B87F22D088
:10F1280040F273118B4203D11369002B4DD1F8BD06
:10F13800B3F5BC7FFBD11369002BF8D0374A384BA5
:10F1480012781A701B78374A374903EB8300C3EBF0
:10F1580040230968A2FB0323DB094B6304F0FCFB93
:10F16800324B1860F8BD1369052BE0D92B4C304A97
:10F1780023885BBA138004F0EFFB2E4A2E4B1060F5
:10F188001B7803F0FF06002BD1D172B6A5782B4867
:10F198002B4F202105F056FFA5F10105B5FA85F59D
:10F1A8006D09A8422A464FF02001244818BF3E6046
:10F1B80005F04EFF2379E17862791B0243EA0143A7
:10F1C800134317D13B6062B6F8BD144A1D4B127841
:10F1D8001A701B78134A1C4903EB8300C3EB4023C6
:10F1E8000968A2FB0323DB094B6304F0B5FB174B4B
:10F1F8001860F8BD164A174D1360002422460F48C0
:10F208003B6008212C7005F023FF0C482246402162
:10F2180005F01EFFD7E700BFC0040020B804002097
:10F228001002002081808080D40300200402002086
:10F2380048020020FC01002054000020000400487F
:10F24800540200203802002020040020140200206C
:10F25800580000205002002030B5844B1C68B4F5DB
:10F26800047F8BB034D040F21122944204D11A6941
:10F27800082A3ED00BB030BD40F2122294421AD177
:10F288001B69082BF6D17A4C2378032BF2D8794DD9
:10F29800794905EBC302013308684968DBB2042BDE
:10F2A80003C22370E6D120222946022000F094FFF1
:10F2B80000232370DEE740F21322944212D0B4F503
:10F2C800057F1CD11A69082AD4D16B49042004E0AF
:10F2D8001A69042ACED1684902200BB0BDE8304033
:10F2E80000F07ABF1A69002AC4D06349D2B2032059
:10F2F800F3E75F4B6049002401201C70EDE76FF4D1
:10F308000572A2180B2A07D8DFE802F09F8E58066C
:10F31800380606060606062F40F221229442A9D195
:10F328001B69022BA6D1544B5D781878082D28BF8D
:10F3380008252A4601A900F07BFF00289AD04F48EB
:10F3480005F03EFA002895D000200021CDE90601FD
:10F358004FF0000C01AA6B4604A94848049408958C
:10F368008DF824C005F0B6F984E71A69012A81D915
:10F378004349013A11F8010CD2B2AEE701226946BD
:10F38800072000F055FF00283FF474AF3B4805F014
:10F3980017FA00283FF46EAF40F21920012100242B
:10F3A8000025049008916A4601AB04A933488DF8FA
:10F3B8002440CDE9064505F08DF95BE70A2201A94D
:10F3C800062000F035FF00283FF454AF2B4805F025
:10F3D800F7F980B140F21720082100240025049095
:10F3E800089126488DF8244001AA6B4604A9CDE966
:10F3F800064505F06FF9214805F0E2F900283FF4C9
:10F4080039AF4FF40672002000210223CDE906012E
:10F4180000240492089303AA6B4604A917488DF8A0
:10F42800244005F057F925E701226946052000F038
:10F43800FFFE00283FF41EAF104805F0C1F9002870
:10F448003FF418AF40F21620A8E7012269460020D1
:10F4580000F0EEFE00283FF40DAF084805F0B0F9C3
:10F4680000283FF407AF40F2152097E7C0040020BA
:10F47800F2070020F4070020B8040020DC04002074
:10F48800B904002010B5264C2368B3F5987F88B0DE
:10F4980026D040F23112934204D0B3F5997F04D0BC
:10F4A80008B010BD2369042B28D01E4805F088F940
:10F4B8000028F5D01C4B1A6804214FF4997012BA31
:10F4C80000240DEB01030092029006916A4602A9FE
:10F4D80014488DF81C40CDE9044405F0FBF8DFE73B
:10F4E8002369012BDCD9114B114A1B885BBA1380A5
:10F4F80004F032FA0F4A23681060CAE70B4B1A78F7
:10F50800522AD2D15A78532ACFD19A78502ACCD1BC
:10F51800DB78302BC9D1044B00221A60C5E700BF45
:10F52800C0040020DC0400204C020020B8040020A5
:10F5380048020020000200202DE9F04D114D88B04E
:10F548000C46064601F120084FF0000A4FF0000B68
:10F558000827284605F034F94FF0000C01AB224685
:10F5680002A958B128460834CDE904AB029606979B
:10F578008DF81CC005F0AEF84445EAD108B0BDE8E6
:10F58800F08D00BFDC040020974A1368B3F5147FA0
:10F598004CD000B540F251218B428BB019D040F2CB
:10F5A80052218B427CD1136983B1904B1A78062A79
:10F5B80000F0DA801A78062A00F0E6801A78062A1F
:10F5C80000F0F2801B78062B40F0A0800BB05DF8AD
:10F5D80004FB864B1A780021062A8DF8031044D0C4
:10F5E8001A78062A4AD01A78062A50D01B78062B91
:10F5F80032D1FF238DF803307D4805F0E1F800286B
:10F60800E4D040F25122002000210123CDE9040179
:10F618004FF0000C029206930DF1030201AB02A910
:10F6280073488DF81CC005F055F8CFE7714B1B786F
:10F638008BB96E4B1A78062A56D01A78062A59D0F2
:10F648001A78062A5CD01B78062B04D06A49002257
:10F65800102000F0C1BD704701220DF103011120F7
:10F6680000F0E6FD0028B1D0C6E7644A1278012A06
:10F67800B6D101F0E7FE8DF80300BDE75F4A1278C6
:10F68800022AB0D102F016F88DF80300B4E75B4AFD
:10F698001278032AAAD102F037F98DF80300ABE7F4
:10F6A800B3F5157F92D11369002B8FD04F4B1A7881
:10F6B800062A00F089801A78062A37D01A78062A8E
:10F6C80043D01B78062B81D04B4B02AA1978132004
:10F6D800202300F0E9FD00283FF478AF02A940F2AA
:10F6E8005520FFF729FF71E7444A1278012AA4D16F
:10F6F80001F07ABE414A1278022AA1D101F0ACBFCA
:10F708003E4A1278032A9ED102F0EAB83A4B02AA7E
:10F7180019781220202300F0C7FD00283FF456AFC7
:10F7280002A940F25320FFF707FF4FE7334A127848
:10F73800022AC3D1304B02A9187801F0E1FF02A9CF
:10F7480040F25520FFF7F8FE40E72C4A1278032ACA
:10F75800B7D1294B02A9187802F01AF902A940F288
:10F768005520FFF7E9FE31E7244A1278012A7FF491
:10F7780021AF214B02A9187801F06AFE02A940F2D4
:10F788005320FFF7D9FE21E71C4A1278022A7FF49A
:10F7980015AF194B02A9187801F092FF02A940F29F
:10F7A8005320FFF7C9FE11E7144A1278032A7FF4A1
:10F7B80009AF114B02A9187802F0CAF802A940F261
:10F7C8005320FFF7B9FE01E70C4A1278012A7FF4AB
:10F7D80072AF094B02A9187801F05AFE02A940F24B
:10F7E8005520FFF7A9FEF1E6C004002029050020F6
:10F7F800DC04002054000020B80400202605002066
:10F80800114B1A68B2F5E87F00D070471B69002BCE
:10F81800FBD00E4B1B78002BF7D110B50C4B0D4CC1
:10F828001B78237004F098F80B4B0C4A1860237867
:10F838000B4940F67F4000FB03F30968A2FB032352
:10F84800DB094B6310BD00BFC0040020540000203A
:10F85800B8040020F8010020F40100208180808095
:10F868002004002070B5254C23788BB9244B1A68E6
:10F87800B2F5E07F0DD0B2F5007F09D11B69022BEC
:10F8880006D9204B1B781BB91F4B1B78182B2DD082
:10F8980070BD1B69022BFBD91A4B1B78002BF7D1C3
:10F8A800194B1B780E2BF3D1184E3578012DEFD15B
:10F8B8001748082105F0C6FB0028E9D1B6F8013041
:10F8C800144A5BBA9BB2B3F5FA6F28BF4FF4FA63D8
:10F8D800138004F041F8104B186025702A46022165
:10F8E800BDE870404FF0904005F0B2BB074B1D7863
:10F8F800012DCDD1B3F80130E2E700BF240200208A
:10F90800C0040020540000204E050020B804002048
:10F91800000400481C0200202002002010B50B4CF7
:10F92800237803B910BD04F017F8094A094B126887
:10F938001B88801A9BB29842F4D3002202214FF010
:10F94800904005F085FB0023237010BD24020020A1
:10F95800200200201C02002008B5124B1A78042A45
:10F9680003D01B78112B00D008BD0F4804F030FAE3
:10F978000D48022104F0E0FA60B10C4B01221A7024
:10F98800094804F0B5FA0A48082105F05BFB094B61
:10F99800187008BD044804F067FB074B80B2188054
:10F9A800EEE700BF4E050020880200202E0200204E
:10F9B80000040048450200204602002008B50D4B0F
:10F9C8001A78052A06D01A78092A03D01B78082B3A
:10F9D80000D008BD0848082105F034FB074BB0FAF1
:10F9E80080F01A784009824208BF054A187008BF9B
:10F9F800107008BD4E05002000040048600000207B
:10FA0800D0010020554B1A7812B11B78132B49D11D
:10FA18002DE9F041002282B002214FF0904005F01C
:10FA280017FB00230193019BB3F5207F06D2019BAE
:10FA380001330193019BB3F5207FF8D3484804F0C4
:10FA4800C7F94748022104F077FA002851D0454EFB
:10FA580001233370444D424804F04AFA2B889BB284
:10FA6800B3F5DF7F1FD2337803F0FF0423BB3F4F8A
:10FA78003F4B97F80080B8F1000F1FD03D491C702C
:10FA88000A882B889BB292B2023B9A424CDA012434
:10FA98003C70224602214FF0904002B0BDE8F04190
:10FAA80005F0D6BA7047012300222A8033703378D4
:10FAB80003F0FF04002BDAD00022EBE71A78002AC3
:10FAC8003CD003F049FF2C4B2A491B68C01A40F66A
:10FAD800B8339842D4D9294B0A881B8892B2053387
:10FAE8009A42CDDD0123424602214FF09040337007
:10FAF800D3E71B4804F0B8FA40F6E973A0F1100206
:10FB08009A42A4D84FF4E17202FB00F01C4B194949
:10FB1800144E00F2FF70A3FB0023C01A03EB50033E
:10FB2800C3F3CF230B8095E70A882B889BB292B248
:10FB380002339A420DDD00233B70AAE701221A70B6
:10FB480003F00AFF0C4B0B4918600C4B0A881A800B
:10FB580096E73C78003C18BF01249AE74E05002040
:10FB6800880200202E0200204802002025080020DC
:10FB7800240800204A020020200800201E08002037
:10FB880001011000604B1B780A2B00D070472DE94B
:10FB9800F0415E4804F01CF95C48022104F0CCF9FD
:10FBA8000446002849D05A4E01233370594D57480E
:10FBB80004F09EF92B889BB2B3F5967F29D8337849
:10FBC80003F0FF04002B5ED1534F544B97F800808D
:10FBD800B8F1000F22D1197800295CD101221A70DE
:10FBE80003F0BAFE4E4B4F4918604F4B0A881A80F3
:10FBF8000A882B889BB292B2023B9A4211DA0124FE
:10FC08003C7022460221BDE8F0414FF0904005F0DB
:10FC18001FBA002201232A803370D0E741491C70A3
:10FC2800E6E70A882B889BB292B202339A424DDCEF
:10FC38003C78003C18BF0124E3E7344804F014FA88
:10FC480040F6E973A0F110029A42ACD883B2742B43
:10FC58003FD940F6C67293423ED8344A05B223468D
:10FC6800171D32F92310A94202EB830603DC37F98A
:10FC78002340AC4232DA0133202BF2D10023294948
:10FC8800234E0B8092E7BDE8F041002202214FF09D
:10FC9800904005F0DDB903F05FFE214B21491B6858
:10FCA800C01A40F6B8339842A2D91F4B0A881B885D
:10FCB80092B205339A429BDD0123337042460221FA
:10FCC800BDE8F0414FF0904005F0C2B900233B7009
:10FCD80097E74FF4A073D2E72346D0E7B6F902506E
:10FCE800B6F90630641A5B1B401A03FB00F004EBFC
:10FCF800D4735B100028B8BF5B42034493FBF4F352
:10FD08002B449BB2BBE700BF4E05002088020020B1
:10FD18002E020020480200201D0800201C08002098
:10FD2800180800204A020020140800204475010821
:10FD380070B52B4E2B482B4D002384B001224FF475
:10FD48000061337005F084F9264801224FF4806180
:10FD580005F07EF94FF4FA6401E0002C3DD04FF431
:10FD68008061284605F06EF9013C0128A4B2F4D15F
:10FD780000230393039BB3F5A07F06D2039B0133B3
:10FD88000393039BB3F5A07FF8D3164800224FF4E2
:10FD9800006105F05DF900230293029BB3F5A07F93
:10FDA80006D2029B01330293029BB3F5A07FF8D3DE
:10FDB8000C4800224FF4806105F04AF900230193B2
:10FDC800019BB3F5A07F06D2019B01330193019BF0
:10FDD800B3F5A07FF8D304B070BD01233370C7E733
:10FDE800260800200004004830B5274885B00022C6
:10FDF8004FF4006105F02CF900230393039BB3F53E
:10FE0800A07F06D2039B01330393039BB3F5A07F26
:10FE1800F8D31D481C4D01224FF4806105F018F9F4
:10FE28004FF4FA6400E054B34FF48061284605F0BB
:10FE380009F9013C0128A4B2F5D100230293029BE1
:10FE4800B3F5A07F06D2029B01330293029BB3F560
:10FE5800A07FF8D30C4801224FF4006105F0F8F8B0
:10FE680000230193019BB3F5A07F06D2019B0133C8
:10FE78000193019BB3F5A07FF8D305B030BD034BC8
:10FE880001221A70D9E700BF0004004826080020A4
:10FE98002DE9F041554D86B080460726002748FADF
:10FEA80006F202F001024FF40061284605F0D0F88E
:10FEB8000297029BB3F5A07F06D2029B01330293FF
:10FEC800029BB3F5A07FF8D301224FF48061284646
:10FED80005F0BEF84FF4FA6401E0002C7ED04FF430
:10FEE8008061284605F0AEF8013C0128A4B2F4D19F
:10FEF8000197019BB3F5A07F06D2019B01330193C3
:10FF0800019BB3F5A07FF8D300224FF48061284607
:10FF180005F09EF80097009BB3F5A07F06D2009BE2
:10FF280001330093009BB3F5A07FF8D3013EB6D20E
:10FF38002E4801224FF4006105F08AF8002305934A
:10FF4800059BB3F5A07F06D2059B01330593059B5E
:10FF5800B3F5A07FF8D32548244D01224FF48061E2
:10FF680005F076F84FF4FA6401E0002C3AD04FF42B
:10FF78008061284605F066F8013C0128A4B2F4D156
:10FF880000230493049BB3F5A07F06D2049B01339E
:10FF98000493049BB3F5A07FF8D34FF40061134892
:10FFA80005F050F80446013C10484FF000024FF4A9
:10FFB800806118BF012405F04BF800230393039BCD
:10FFC800B3F5A07F06D2039B01330393039BB3F5DC
:10FFD800A07FF8D3204606B0BDE8F081044B01228B
:10FFE8001A7085E7024B01221A70C9E7000400481D
:08FFF800260800202DE9F0436A
:020000040801F1
:10000000012287B081464FF400615348524D05F0FC
:1000100023F800270826B846CDF80880029BB3F5E0
:10002000A07F06D2029B01330293029BB3F5A07F0F
:10003000F8D301224FF48061284605F00DF84FF403
:10004000FA6401E0002C7FD04FF48061284604F070
:10005000FDFF013C0128A4B2F4D1CDF80480019B3E
:10006000B3F5A07F06D2019B01330193019BB3F549
:10007000A07FF8D34FF40061284604F0E7FFA0F119
:100080000103B3FA83F35B0943EA470300224FF409
:1000900080612846013EDFB204F0DEFF16F0FF0665
:1000A000BAD1B9FA89F22C4852094FF4006104F030
:1000B000D3FF0596059BB3F5A07F06D2059B0133C0
:1000C0000593059BB3F5A07FF8D32348224D012269
:1000D0004FF4806104F0C0FF4FF4FA6401E0002C9B
:1000E00036D04FF48061284604F0B0FF013C01286F
:1000F000A4B2F4D100230493049BB3F5A07F06D2ED
:10010000049B01330493049BB3F5A07FF8D31248FA
:1001100000224FF4806104F09FFF0F4801224FF44A
:10012000006104F099FF00230393039BB3F5A07FC4
:1001300006D2039B01330393039BB3F5A07FF8D34F
:10014000384607B0BDE8F083044B01221A7084E7FB
:10015000024B01221A70CDE7000400482608002057
:100160001C4B30B55A691C4D42F480225A615B69C0
:1001700089B003F480234FF440601121CDE90201DE
:10018000002401931448019A0494032302A9CDE9A1
:10019000053404F063FE104801224FF4806104F03E
:1001A0005BFF4FF4FA6400E084B14FF480612846AD
:1001B00004F04CFF013C0128A4B2F5D1064801220D
:1001C0004FF4006104F048FF09B030BD034B012239
:1001D0001A70F3E7001002400004004826080020CF
:1001E00070B506460C461546FFF7A6FD8420FFF7BE
:1001F00053FE18B9FFF7FCFD002070BD3046FFF735
:100200004BFE06465DB1254410B9F3E70028F1D056
:1002100014F8010BFFF740FEAC420646F6D1FFF79B
:10022000E7FD002EE8D0034B1878B0FA80F04009C3
:1002300070BD00BF26080020F0B583B004460E460E
:100240001546FFF779FD8420FFF726FE18B12046FA
:10025000FFF722FE20B9FFF7CBFD002003B0F0BD71
:10026000FFF76AFD8520FFF717FEC8B17DB1741E48
:100270006F1EC6F1010625443019B842ACBF0020FC
:100280000120FFF7BBFE04F8010FAC42F4D1FFF7E9
:10029000AFFD064B1878B0FA80F0400903B0F0BD0E
:1002A0000190FFF7A5FD019803B0F0BD26080020DE
:1002B000F0B583B004460F4616461D46FFF73CFDD9
:1002C0008420FFF7E9FD20B9FFF792FD002003B07D
:1002D000F0BD2046FFF7E0FD0028F5D03846FFF7D7
:1002E000DBFD0028F0D0FFF727FD8520FFF7D4FDC8
:1002F000C8B17DB1741E6F1EC6F1010625443019C8
:10030000B842ACBF00200120FFF778FE04F8010FCF
:10031000AC42F4D1FFF76CFD064B1878B0FA80F0D0
:10032000400903B0F0BD0190FFF762FD019803B0F2
:10033000F0BD00BF260800202DE9F04100241F4E2B
:1003400082B080460725274648FA05F212F00102DE
:1003500018BF01224FF40041304604F07DFE002218
:100360000421304604F078FE0097009B132B05D83B
:10037000009B01330093009B132BF9D90122042128
:10038000304604F069FE4FF48071304604F05EFEA2
:1003900064000128E4B201D144F001040197019BFB
:1003A000132B05D8019B01330193019B132BF9D922
:1003B000013DC9D2204602B0BDE8F08100040048EA
:1003C000F0B51E4D87B00024012204214FF090406B
:1003D000CDE90044CDE90244049404F03DFE01223D
:1003E0002846042104F038FE012703230426694629
:1003F0004FF0904003930096CDE9017404F02EFD78
:1004000069462846009604F029FD4FF400466946E7
:100410002846009604F022FD4FF4807200236946BE
:100420002846CDE90023029704F018FD0448009601
:100430006946029404F012FD07B0F0BD00040048C4
:10044000000800485AB32DE9F043DFF8588085B022
:1004500081460E461546322706E02D1BA144ADB25B
:100460001FFA89F92644B5B109F01F04C4F120042C
:10047000A4B2AC4228BF2C46CDE901470096022326
:100480004A46A021404605F07BF80028E5D0002030
:1004900005B0BDE8F083012005B0BDE8F083012080
:1004A000704700BFD802002000B585B084463223D3
:1004B000CDE90123009102236246A021044805F002
:1004C0005FF9B0FA80F0400905B05DF804FB00BFA9
:1004D000D80200202DE9F047DFF85C81514FDFF8AA
:1004E0005C918AB00A254FF0FF0A002601214046A0
:1004F00004F0ACFD0221B0FA80F44046640904F037
:10050000A5FD08B944F002041021384604F09EFD10
:1005100008B944F004048021384604F097FD08B976
:1005200044F008044FF40051484604F08FFD08B928
:1005300044F0100454450CD10136F6B2032E0AD013
:10054000022003F013FA6B1E13F0FF0503D0A2463E
:10055000CCE70126F4E7344B182C1C7004D8334B3D
:100560001C700AB0BDE8F0871F2C1DD02F49304BFE
:100570002C4819240C70012240211A7004F06CFDE3
:10058000284800224FF4007104F066FD254800223F
:10059000402104F061FD002202214FF090400AB09A
:1005A000BDE8F04704F058BD222201A90020FFF762
:1005B0007BFF18B11F4B019A9A421DD01B491C4B5F
:1005C000184819240C70012240211A7004F044FDCF
:1005D000144800224FF4007104F03EFD114800223F
:1005E000402104F039FD002202214FF0904004F038
:1005F00033FD0AB0BDE8F0879DF80830072BDDD148
:1006000001A801F035FC9DF825308342D6D19DF834
:100610001E20013AD2B2182AD0D8044B1A700AB060
:10062000BDE8F087000400485C0000204E05002073
:100630002E02002043545255001400480008004880
:100640000E4A0F48D16930B441F48001D161D269BA
:100650000C4C0D4982B002F480020192019D0023EE
:100660000122C0E90041C0E90232C0E90433C0E917
:100670000633036202B030BC04F034BE0010024006
:10068000D8020020005800402A231000144B1549BE
:100690005A6930B542F001025A615B69124C83B06D
:1006A00003F00103019300258023019810222046C6
:1006B000C4E90253C4E90012C4E90455C4E906556B
:1006C00004F000FB2A4603210D2004F097FA0D20C8
:1006D00004F0D0FA054B63625C6503B030BD00BF27
:1006E00000100240300002402C0300207003002064
:1006F000134A1448916930B441F480519161926970
:10070000114982B002F4805201924FF48272C0E922
:100710000012019D4FF4007200234FF4E064202189
:1007200082610722C0E90234C0E90433C0E907133B
:10073000C0E90933C26202B030BC06F00FB800BF96
:100740000010024070030020003001402F4BF0B534
:10075000DA692F4C42F00072DA61DB6991B003F084
:100760000073009302274FF4C0510126CDE9011711
:10077000009801A9032209234FF09040CDE90362BC
:10078000059304F06BFB234A04230025C4E90023EE
:100790004FF080734FF44022C4E902534FF48013AA
:1007A000C4E904234FF00123A36120464FF4807372
:1007B000A38303F06DFE06A92046CDE90B55CDE9D4
:1007C0000655CDE908550D960A950E9603F0E0FE04
:1007D000204603F055FF3946204604F08DF84FF4CB
:1007E0000441204604F088F82A463146142004F0DB
:1007F00005FA142004F03EFA2A463146162004F089
:10080000FDF9162004F036FA11B0F0BD00100240D8
:10081000DC0400200064004030B5A1B00024202298
:10082000002107A8FBF732FB21463C2210A8CDE9A6
:100830000144CDE903440594FBF728FB0122102372
:10084000CDE90A2302254FF4601306A80F930695FD
:100850000D9505F071F90F23019329464FF480633C
:1008600001A8CDE903430295059405F08FFC6023B0
:1008700010A8CDE91744109305F03AFD21B030BD22
:1008800070B500258CB0CDE90655CDE90855324C40
:100890000A95A36943F00103A361A36903F001036F
:1008A0000093009B636943F400336361636903F45D
:1008B00000330193019B636943F48023636163699F
:1008C00003F480230293029B636943F48003636112
:1008D000636903F480032A4603934FF400414FF009
:1008E0009040039B012604F0B7FB4FF4004306A998
:1008F0004FF09040CDE90636CDE9085504F0AEFA48
:100900000322002306A915480896CDE9062304F022
:10091000A5FA06A912489023069304F09FFAE3690A
:1009200043F08053E361E36903F080530493049B35
:1009300005F0FAF863690B4843F4002363616369C7
:1009400003F400234FF40052059306A9059B069279
:1009500004F084FA0CB070BD00100240001400488E
:10096000000400480008004870B5002486B07B4DA4
:100970007B48049422462021CDE90044CDE902447D
:1009800004F06AFB2B78092B00F0B5802B78052B3F
:1009900000F0D7802B78192B00F0A180704801223D
:1009A000402104F059FB4FF418710123CDE90013E5
:1009B000002203236A486946CDE9022304F04EFA77
:1009C0002B78012B16D02B78022B13D02B78032BEE
:1009D00010D02B78062B0DD02B78072B0AD02B7834
:1009E0000A2B07D02B780C2B04D02B78102B01D09E
:1009F0002B7883B95A480022082104F02DFB0821E6
:100A00000123CDE900130022032355486946CDE9AF
:100A1000022304F023FA2B78152B72D000225048C1
:100A2000022104F019FB022569464D48009504F0A7
:100A300015FA002229464FF0904004F00DFB69465C
:100A40004FF09040009504F009FA80230024CDE98E
:100A500000350326052369464FF090400493CDE905
:100A6000024604F0FBF94FF48073009369460623B5
:100A70004FF09040CDE90363CDE9015404F0EEF965
:100A80000125224610214FF09040CDE90154CDE9D7
:100A9000034404F0E1FA102369464FF090400093BC
:100AA00004F0DCF94FF40413694608224FF090403B
:100AB000CDE90023029504F0D1F922462146092010
:100AC00004F09CF8092004F0D5F82246314617209E
:100AD00004F094F8172004F0CDF806B070BD22465B
:100AE0001F48402104F0B8FA1D4822464FF4007117
:100AF00004F0B2FA57E71A482246402104F0ACFA53
:100B000051E7174801224FF4804104F0A5FA144838
:100B100000224FF4805104F09FFA114800224FF454
:100B2000005104F099FA4FF4E0400121CDE90001B1
:100B3000002203230A486946CDE9022304F08EF916
:100B40006CE7224606484FF4007104F085FA044829
:100B50000122402104F080FA25E700BF4E05002065
:100B600000040048134B1449DA6930B542F0020220
:100B7000DA61DB69114C83B003F0020301930025B5
:100B80004FF47A73019825613F222046C4E9001290
:100B9000C4E9025306F076FA2A4602211D2004F029
:100BA0002DF81D2004F066F8204603B0BDE8304063
:100BB00006F080B800100240000400406C040020E1
:100BC00030B500248BB0CDE90244CDE90444CDE931
:100BD0000644184B08949A69174D42F400629A61D2
:100BE0009B696C6103F40063014601932846134B33
:100BF000019A2B60C5E90314C5E9014406F074FAB3
:100C00006023029300220023CDE9062302A9224695
:100C10002846CDE903440594089406F0D9FA214604
:100C2000284606F015F92A68536C43F400435364D0
:100C30000BB030BD0010024020040020002C014009
:100C400030B500248BB0CDE90244CDE90444CDE9B0
:100C50000644144B0894DA69134D42F00102DA613C
:100C6000DB696C6003F0010301934FF0804240F6B2
:100C7000FF132846C5E9024301992A602C6106F05A
:100C800033FA00236022CDE9022302A92246284636
:100C90000494069406F09CFA2146284606F0D8F8FB
:100CA0000BB030BD00100240D4030020F0B500248A
:100CB00089B0CDE90244CDE90444CDE906441A4B9C
:100CC0001A4D5A6942F080525A615B692C8303F0D5
:100CD000805301934FF0A0432B604FF40033012663
:100CE00007466B6028460423019AEE61C5E9044378
:100CF000C5E9024485F82040AE6285F830406C6357
:100D000002F024FF052302A92846CDE90363CDE9BB
:100D100005440297079403F0F9F92146284603F0A9
:100D2000ABF909B0F0BD00BF0010024088020020FE
:100D3000014B01221A7070472D020020014803F078
:100D400003BE00BFDC040020014803F0FDBD00BF6E
:100D5000DC040020044B4FF090416FF0A0504FF0A6
:100D6000FF3208601A60FEE700040048000000003F
:100D700030B5082889B014D0402801D009B030BD62
:100D80003B4B1B780A2BF9D102F0EAFD394A136874
:100D9000C31A012BF2D9384910600B6801330B607C
:100DA000ECE7334B1A780B2A12D01A78052A33D085
:100DB0001B780A2BE2D102F0D3FD304A1368C31A24
:100DC000012BDBD92E4910600B6801330B60D5E78E
:100DD00002F0C6FD2B4A1368C31A012BCED99FED32
:100DE000227B952301241060029327488DF8004050
:100DF00000238DED047B06948DF81C3003F0E4FC99
:100E0000B8B101AB6A46204802A903F067FC1F4A4B
:100E1000136801331360B1E702F0A2FD1C4A1368A6
:100E2000C31A012BAAD91B4910600B6801330B6050
:100E3000A4E721461448144D03F0A2FC02211248F5
:100E400003F09EFC1048042103F09AFC4FF47A74DE
:100E500003E0013CA4B2002CD3D0284603F0B4FC3C
:100E60000028F6D0CDE700BF000000000000000021
:100E70004E050020280800200C0200202C0800202D
:100E80003402002034080020DC040020D4010020BB
:100E90003008002040020020082004F0EDB800BF18
:100EA000402004F0E9B800BF02F04EBD014805F053
:100EB000D9BF00BF6C040020374B02689A4200D0B3
:100EC00070472DE9F041354C354B22782178227856
:100ED00022781B78152914BF08214FF48051152A58
:100EE00014BF40274FF4804703F0FF0683B92D4D10
:100EF0002B685BB1DFF8B8802B4898F800300BBB4B
:100F0000012204F0A9F8012388F80030BDE8F0813F
:100F1000244B25480025012239461D6004F09CF829
:100F2000224B1B6803B15D632378092B2DD02378F6
:100F3000052BEBD1BDE8F0411B4800224FF40071B6
:100F400004F08AB8324604F087F888F8006072B678
:100F50002B68013B2B6062B62B68002BD6D12B6827
:100F6000002BD3D12378072BD0D02378062BCDD0DC
:100F700023780A2BCAD02378102BC7D039460A48C9
:100F8000BDE8F041012204F067B807480022402183
:100F900004F062F8CBE700BF000400404E050020DB
:100FA0002E020020540200200004004820040020EB
:100FB000500200202DE9F843244C254B2578617818
:100FC000A2781B78EDB2CEB2D7B273B1FF23214A1B
:100FD000237000236370A37013702378AB4226D074
:100FE0001D4B01221A70BDE8F883DFF8689099F86C
:100FF000003033B102F0B4FC184B1B68C01A002853
:10100000EBDB4FF0000889F8008002F0A9FC144BDC
:101010001B68C01A40F2DB5398420FD8FF2384F8B4
:10102000008084F80180A3702378AB42D8D1637824
:10103000B342D5D1A378BB42D2D1D4E7FF2384F801
:101040000080637084F80280C7E700BF7002002050
:101050002E020020C8010020DC010020C401002075
:10106000CC01002038B51C4805F002FD012802D053
:101070000024204638BD044672B6184B59781A78B9
:101080009B78C9B2D2B2DBB262B61548154D01EBFE
:10109000410101EB000C415A298002EB42029CF80D
:1010A0000210A9701118825AA5F8032003EB43031C
:1010B0008A786A711A18C15AE98093782B7264226F
:1010C000002105F10900FAF7E1FE6D2229460248E8
:1010D00005F0E4FB204638BD7003002070020020BC
:1010E000087701083808002070B582B072B6824DCA
:1010F000824A0024022304EB440C05EB0C00072178
:10110000467815F80CE090F802C0F6B25FFA8EFE51
:101110005FFA8CFC46FA01F0C007936119D500BF55
:1011200000BF00BF00BF00BF00BF00BF00BF00BFC7
:1011300000BF00BF00BF00BF00BF00BF00BF00BFB7
:1011400000BF00BF00BF00BF00BF00BF00BF00BFA7
:1011500000BF00BF00BF00BF00BF00BF00BF00BF97
:1011600000BF00BF00BF00BF00BF00BF00BF00BF87
:1011700000BF00BF00BF00BF00BF936200BF00BF41
:1011800000BF00BF00BF00BF00BF00BF00BF00BF67
:1011900000BF00BF00BF00BF00BF00BF00BF00BF57
:1011A00000BF00BF00BF00BF00BF00BF00BF00BF47
:1011B00000BF00BF00BF00BF00BF00BF00BF00BF37
:1011C00000BF00BF00BF00BF00BF00BF00BF00BF27
:1011D00000BF00BF00BF00BF00BF00BF00BF00BF17
:1011E000013997D207214EFA01F0C607936119D54C
:1011F00000BF00BF00BF00BF00BF00BF00BF00BFF7
:1012000000BF00BF00BF00BF00BF00BF00BF00BFE6
:1012100000BF00BF00BF00BF00BF00BF00BF00BFD6
:1012200000BF00BF00BF00BF00BF00BF00BF00BFC6
:1012300000BF00BF00BF00BF00BF00BF00BF00BFB6
:1012400000BF00BF00BF00BF00BF00BF936200BF70
:1012500000BF00BF00BF00BF00BF00BF00BF00BF96
:1012600000BF00BF00BF00BF00BF00BF00BF00BF86
:1012700000BF00BF00BF00BF00BF00BF00BF00BF76
:1012800000BF00BF00BF00BF00BF00BF00BF00BF66
:1012900000BF00BF00BF00BF00BF00BF00BF00BF56
:1012A00000BF00BF00BF00BF00BF00BF00BF00BF46
:1012B00000BF013997D207214CFA01F0C0079361B2
:1012C0001ED500BF00BF00BF00BF00BF00BF00BFF2
:1012D00000BF00BF00BF00BF00BF00BF00BF00BF16
:1012E00000BF00BF00BF00BF00BF00BF00BF00BF06
:1012F00000BF00BF00BF03E0580200200004004808
:1013000000BF00BF00BF00BF00BF00BF00BF00BFE5
:1013100000BF00BF00BF00BF00BF00BF00BF00BFD5
:1013200000BF00BF00BF00BF936200BF00BF00BF8F
:1013300000BF00BF00BF00BF00BF00BF00BF00BFB5
:1013400000BF00BF00BF00BF00BF00BF00BF00BFA5
:1013500000BF00BF00BF00BF00BF00BF00BF00BF95
:1013600000BF00BF00BF00BF00BF00BF00BF00BF85
:1013700000BF00BF00BF00BF00BF00BF00BF00BF75
:1013800000BF00BF00BF00BF00BF00BF00BF0139EA
:1013900092D20134082C7FF4AEAE62B600230193E2
:1013A000019BB3F57A6F06D2019B01330193019B38
:1013B000B3F57A6FF8D302B070BD00BF014803F0F7
:1013C00003BD00BF2C03002008B500F0ADF80649AE
:1013D0003320FBF77BFA00B108BDBDE808400349A4
:1013E0000148FBF75DBB00BF00090020042200207C
:1013F00010B5114C012333202370FBF76FFA00283E
:1014000017DB0E493320FBF799FA002811DB0C4952
:101410000A48FBF7F5FEF2EE000A70EE600A094A90
:101420009FED090A06490548FBF74EFF022323708A
:1014300010BDFF23237010BD80340020801B0020CE
:1014400004220020800F00203333733F014B1878B3
:10145000704700BF8034002003462F2B084614D865
:101460000C4A6FF0010C0CEB431C94440023013137
:101470003CF8022F120A00F81320BCF8002001F8F3
:1014800013200133102BF3D1704720220021FAF7EB
:10149000FDBC00BF801B002002462F2A084637D81B
:1014A0001D4BDFED1E6A9FED1E7A9FED1E6A00B593
:1014B000013103EB821E00220DE0FDEEE77A17EE0C
:1014C000903AC3F3072CDBB200F812C001F81230D7
:1014D0000132102A1AD0FEEC017A67EEA67AFF23B9
:1014E000F4EEC77AF1EE10FA4FF07F0CECDCF4EE7C
:1014F000C67AF1EE10FAE0D500234FF0800C00F828
:1015000012C001F812300132102AE4D15DF804FB58
:1015100020220021FAF7BABC800F00200000C84248
:1015200000FEFF46000000C7704700BF10B5FEF781
:1015300003FC0020FEF7B0FC50B10620FEF7ACFC27
:101540000446FEF755FCB4FA84F04009404210BD51
:10155000FEF74EFC4FF0FF3010BD00BF2DE9F0410B
:10156000044664000D4617461E46FEF7E5FB04F0F0
:10157000FE00FEF791FC28B9FEF73AFC4FF0FF3071
:10158000BDE8F081280AFEF787FC0028F4D0E8B215
:10159000FEF782FC0028EFD0FEF7CEFB44F00100FE
:1015A000C0B2FEF779FC0028E6D0A7B107F1FF38FA
:1015B000023E00240120FEF721FD0546B4EB0800A1
:1015C00018BF0120FEF71AFD013440EA0520A742AA
:1015D00026F8020FEED1FEF70BFC0020BDE8F081EB
:1015E00070B504460E461546FEF7A6FB600000F0F7
:1015F000FE00FEF751FC20B9FEF7FAFB4FF0FF307A
:1016000070BD300AFEF748FC0028F5D0F0B2FEF7B6
:1016100043FC0028F0D0280AFEF73EFC0028EBD05F
:10162000E8B2FEF739FC0446FEF7E2FBB4FA84F0B8
:101630004009404270BD00BF08B500F0ADF8064952
:101640003320F6F72FFF00B108BDBDE8084003497D
:101650000148F8F7A1BB00BF84340020E83F002018
:1016600010B5114C012333202370F6F74FFF0028EB
:1016700017DB0E493320F6F7BDFF002811DB0C49BC
:101680000A48F7F757F9F2EE000A70EE600A094AC5
:101690009FED090A06490548F7F7C0F902232370B0
:1016A00010BDFF23237010BD58460020043E0020CB
:1016B000E83F0020043B00203333733F014B187890
:1016C000704700BF5846002003460B2B084614D82D
:1016D0000C4A6FF0010C0CEB431C944400230131C5
:1016E0003CF8022F120A00F81320BCF8002001F881
:1016F00013200133102BF3D1704720220021FAF779
:10170000C5BB00BF043E002002460B2A084637D85E
:101710001D4BDFED1E6A9FED1E7A9FED1E6A00B520
:10172000013103EB821E00220DE0FDEEE77A17EE99
:10173000903AC3F3072CDBB200F812C001F8123064
:101740000132102A1AD0FEEC017A67EEA67AFF2346
:10175000F4EEC77AF1EE10FA4FF07F0CECDCF4EE09
:10176000C67AF1EE10FAE0D500234FF0800C00F8B5
:1017700012C001F812300132102AE4D15DF804FBE6
:1017800020220021FAF782BB043B00200000C8425F
:1017900000FEFF46000000C7704700BF10B5FEF70F
:1017A000CBFA0020FEF778FB50B10620FEF774FB61
:1017B0000446FEF71DFBB4FA84F04009404210BD18
:1017C000FEF716FB4FF0FF3010BD00BF2DE9F041D2
:1017D000044664000D4617461E46FEF7ADFA04F0B7
:1017E000FE00FEF759FB28B9FEF702FB4FF0FF3071
:1017F000BDE8F081280AFEF74FFB0028F4D0E8B2DC
:10180000FEF74AFB0028EFD0FEF796FA44F00100FD
:10181000C0B2FEF741FB0028E6D0A7B107F1FF38C0
:10182000023E00240120FEF7E9FB0546B4EB080068
:1018300018BF0120FEF7E2FB013440EA0520A74271
:1018400026F8020FEED1FEF7D3FA0020BDE8F081B2
:10185000F0B5054683B00E461446FEF76DFA6800F3
:1018600000F0FE00FEF718FB28B9FEF7C1FA4FF0B2
:10187000FF3003B0F0BD300AFEF70EFB0028F4D0B5
:10188000F0B2FEF709FB0028EFD0200AFEF704FBB8
:101890000028EAD0E0B2FEF7FFFA0746FEF7A8FA02
:1018A000002FE4D00DF10603012231462846FFF750
:1018B0008DFF0028DBD1BDF80630A34218BF6FF0C2
:1018C000010003B0F0BD00BF08B54FF40061662011
:1018D000FBF7ECFF002805DBBDE80840002166208F
:1018E000FCF714B808BD00BF10B5084C01236620F2
:1018F0002370FCF74DF8002805DB6620FCF764F840
:10190000002800DB10BDFF23237010BD885200208B
:1019100038B50D4D2C78012C01D0204638BD6620FD
:10192000FCF724F800280CDB0128F6D1074B084A05
:1019300008496620FCF756F8002802DB02242C70C8
:10194000EBE7FF242C70E8E7885200205C4600207B
:10195000604C00206052002003462F2B084614D80C
:101960000C4A6FF0010C0CEB431C94440023013132
:101970003CF8022F120A00F81320BCF8002001F8EE
:1019800013200133102BF3D1704720220021FAF7E6
:101990007DBA00BF604C002003462F2B08462CD890
:1019A00010B5184A6FF0010E0EEB431E964400234B
:1019B00001310DE012F5004F1BDBC2F307245FFA83
:1019C00082FC00F8134001F813C00133102B0FD034
:1019D0003EF9022F5200B2F5004F4FF0FF0CE9DB49
:1019E0007F2400F8134001F813C00133102BEFD10E
:1019F00010BD4FF0000C8024E3E720220021FAF70D
:101A000045BA00BF5C4600202DE9F0410446640061
:101A10000D4617461E46FEF78FF904F0FE00FEF74E
:101A20003BFA28B9FEF7E4F94FF0FF30BDE8F0814A
:101A3000280AFEF731FA0028F4D0E8B2FEF72CFAB3
:101A40000028EFD0FEF778F944F00100C0B2FEF7AD
:101A500023FA0028E6D0A7B107F1FF38023E0024A0
:101A60000120FEF7CBFA0546B4EB080018BF0120B1
:101A7000FEF7C4FA013440EA0520A74226F8020F17
:101A8000EED1FEF7B5F90020BDE8F08170B506464D
:101A900015460C46FEF750F9700000F0FE00FEF708
:101AA000FBF94DB1254408B90EE068B114F8010BFB
:101AB000FEF7F2F9AC42F8D1B0FA80F040094442A6
:101AC000FEF796F9204670BD4FF0FF34FEF790F90F
:101AD000204670BD01F04ABF70B582B03226044680
:101AE0000D460B46024600960948782103F070FC2B
:101AF00058B1074803F052FCFEF7A2FD04480096D7
:101B000078212B46224603F063FC02B070BD00BF73
:101B1000D8020020094B1A7802B9704700B583B08B
:101B200003460022022101A88DF804208DF805301B
:101B3000FFF7D2FF03B05DF804FB00BF6100002097
:101B40000D4B1B7803B101B9704710B58029A2B0C5
:101B500028BF802140230A460C4601460DF10500AE
:101B60008DF80430FAF7EAF9611C89B201A8FFF791
:101B7000B3FF22B010BD00BF610000200E4B1B78E8
:101B800003B9704700B583B001F00F030A0950385C
:101B900004214FF0000C10328DF805000DEB010010
:101BA0008DF804C08DF806308DF80720FFF794FFFC
:101BB00003B05DF804FB00BF610000200F4B10B5BF
:101BC0005A6942F400325A615B6988B04FF4C060D0
:101BD000122103F40033CDE902010193012202A98D
:101BE0004FF0904004240323CDE904230694019B85
:101BF00003F034F9FEF724FD08B010BD00100240D8
:101C000030B583B0FFF7DAFF322001F0AFFE0523D5
:101C10009548964C0222782103F0B6FE051E0CBFB3
:101C200001230023237001D003B030BD4FF42E43B5
:101C3000022101A8ADF80430FFF74EFF2378002BF6
:101C4000F2D04FF45543022101A8ADF80430FFF75C
:101C500043FF2378002BE7D04FF40043022101A873
:101C6000ADF80430FFF738FF2378002BDCD04FF4B9
:101C70002843022101A8ADF80430FFF72DFF237897
:101C8000002BD1D04FF47C53022101A8ADF80430D1
:101C9000FFF722FF2378002BC6D04FF453430221D5
:101CA00001A8ADF80430FFF717FF2378002BBBD055
:101CB000022101A8ADF80450FFF70EFF2378002B96
:101CC000B2D04FF48043022101A8ADF80430FFF7F1
:101CD00003FF2378002BA7D04FF40D43022101A866
:101CE000ADF80430FFF7F8FE2378002B9CD04FF4BA
:101CF000A053022101A8ADF80430FFF7EDFE2378D0
:101D0000002B91D04FF40053022101A8ADF804300C
:101D1000FFF7E2FE2378002B86D04FF400730221F8
:101D200001A8ADF80430FFF7D7FE2378002B3FF46D
:101D30007BAF4FF42143022101A8ADF80430FFF737
:101D4000CBFE2378002B3FF46FAF4FF448430221C2
:101D500001A8ADF80430FFF7BFFE2378002B3FF455
:101D600063AF4FF45A43022101A8ADF80430FFF7E6
:101D7000B3FE2378002B3FF457AF4FF4905302216A
:101D800001A8ADF80430FFF7A7FE2378002B3FF43D
:101D90004BAF4FF40143022101A8ADF80430FFF727
:101DA0009BFE2378002B3FF43FAF4FF44F430221BB
:101DB00001A8ADF80430FFF78FFE2378002B3FF425
:101DC00033AF4FF45943022101A8ADF80430FFF7B7
:101DD00083FE2378002B3FF427AF4FF47143022199
:101DE00001A8ADF80430FFF777FE2378002B3FF40D
:101DF0001BAF4FF45B43022101A8ADF80430FFF79D
:101E00006BFE2378002B3FF40FAF4FF48043022189
:101E100001A8ADF80430FFF75FFE2378002B3FF4F4
:101E200003AF4FF42443022101A8ADF80430FFF7BB
:101E300053FE2378002B3FF4F7AE4FF426430221E4
:101E400001A8ADF80430FFF747FE2378002B3FF4DC
:101E5000EBAE4FF42F43022101A8ADF80430FFF799
:101E60003BFE03B030BD00BFD8020020610000205F
:101E7000411E00F1200C002011F8012F08235040D2
:101E800042B2002AB8BF52004FEA4000B8BF82F009
:101E9000070203F1FF33ACBFC0B2D0B213F0FF03AF
:101EA000EED18C45E8D17047F0B500248BB0484D99
:101EB000222201A920462C70FEF7F6FA18B1454BF4
:101EC000019A9A4201D00BB0F0BD9DF80830072B63
:101ED000F9D10DF103000DF1240C224610F8011F79
:101EE00008234A4051B20029B8BF49004FEA4202D4
:101EF000B8BF81F0070103F1FF33ACBFD2B2CAB261
:101F000013F0FF03EED18445E8D19DF825309342CC
:101F1000D9D1314F01AE34460FCC644507F11007DB
:101F200006F1100647F8100C47F80C1C47F8082C6F
:101F300047F8043CEFD133883B80284E01232B70B7
:101F400001AC25460FCD654506F1100604F11004DD
:101F500046F8100C46F80C1C46F8082C46F8043CD1
:101F6000EFD11F4B21889DF8140018709DF81520A3
:101F700031809DF817505A709DF818409DF8162032
:101F80009DF8190017499A70002202EB42030132B2
:101F9000CD540B44082A5C709870F6D1124C134B48
:101FA0009DF81B50257012489DF81D401C70114A69
:101FB0009DF81E4004709DF81F4014700E490F4B91
:101FC000DDF821209DF8200008701A607BE700BF33
:101FD0002A050020435452552C05002004050020FA
:101FE0007002002058020020DF0100202905002097
:101FF0002805002027050020260500204C0200208F
:10200000F0B58BB02222002101A8F9F73FFF72B68C
:102010007B4C7C4922782378019107208DF80800B9
:102020008DF80920002B40F0A480774B1B889BB2D1
:102030002278ADF80A300A2A04BF734B1B88227835
:102040000CBF9BB20023052AADF80C3004BF6F4BC8
:102050001B7822780CBFDBB20023052A8DF80E30E6
:1020600000F0C380002322788DF80F30092A04BFC6
:10207000674B1B7822780CBFDBB20023092A8DF84E
:10208000103000F0A880002322788DF811300A2A41
:1020900004BF604B1B7822780CBFDBB200230A2AF6
:1020A0008DF8123008BF5C4B5C4A08BF19785C4B56
:1020B000147850788DF815000CBFC9B200218DF846
:1020C000131091781A788DF8161058788DF817201B
:1020D00099781A788DF814408DF818008DF8191039
:1020E00012B95A78002A46D001238DF81A304D498A
:1020F0004D484E4A4E4B0978007812781B788DF87F
:102100001B108DF81D208DF81E304A494A4A4B4B52
:10211000097812781B688DF81C008DF81F108DF857
:102120002020CDF8213062B600200DF1030209AD68
:1021300012F8013F0824584043B2002BB8BF5B009F
:102140004FEA4000B8BF83F0070304F1FF34ACBF8F
:10215000C0B2D8B214F0FF04EED1AA42E8D18DF893
:1021600025003749212201A8F9F782FF40B90BB0B9
:10217000F0BD00235CE79B78003B18BF0123B4E768
:10218000304F01F0EDFB3B6840F6B732C31A934283
:102190000646ECD92046222201A9FEF753F9002871
:1021A000E5D0DFF89CC001ACA646BEE80F00AE4506
:1021B0000CF1100C04F110044CF8100C4CF80C1C31
:1021C0004CF8082C4CF8043CEED12388ACF80030D5
:1021D0003E600BB0F0BD1C48402102F037FFA0F17B
:1021E0000103B3FA83F35B094EE710214FF09040EF
:1021F00002F02CFFA0F10103B3FA83F35B0932E78D
:102200004E0500204354525548020020440200204D
:102210002C02002038020020100200207002002052
:1022200058020020DF0100202E0200202905002096
:102230002805002027050020260500204C0200204C
:10224000040500208C52002000040048F0B5152A37
:102250001C4F85B0054628BF15220026A7FB0103A9
:10226000DB0806F1100003EB830CA1EB4C0C0DEB2B
:10227000000E084634460CF1300C013609280EF8E1
:102280000CCCF6B21946E9D8B24211D800206EB192
:1022900001AA01341444034614F801CD05F803C023
:1022A000591CA242CBB2F7D13044C0B205B0F0BD48
:1022B000921B02F0FF073A4620212846F9F7E6FD77
:1022C0003846E4E7CDCCCCCC70B51446A0B0FFF7CF
:1022D00055FC2178684681B34FF0000C1C4E8646B1
:1022E000654613E03F2B2CD9CEF800508EF80450F1
:1022F00014F8011F8EF805500CF1010C0EF1060EBA
:102300005FFA8CFCA9B1BCF1150F1CD0A1F16102E0
:10231000A1F12003192ADBB2E4D8203B03EB8303AD
:102320009BB29919F2580B798EF80430CEF8002040
:10233000DEE70CEB4C0C4FEA4C01FFF701FC20B040
:1023400070BD0B46E9E77E21FFF7FAFB20B070BDB8
:10235000C875010808B50021FFF710FCBDE808406A
:1023600001488021FFF7ECBB947E0108F0B5642B97
:1023700028BF6423802A144628BF80240D06A1B0FC
:1023800002D40D19802D2CDC1D4D14FB03F3A5FB8D
:102390000335C5F347157AB36E46B4460023671E6E
:1023A0000CE0BB420DD001335FFA83FEAA4294BF1A
:1023B0005E224222A6450CF8012B0AD2DAB2002B8B
:1023C000EFD101335FFA83FE7E22A6450CF8012B84
:1023D000F4D3FFF7D3FB21463046FFF7B1FB21B022
:1023E000F0BDC1F18004064AE4B214FB03F3A2FB82
:1023F0000325C5F34715CFE714466E46E9E700BF4E
:102400001F85EB512DE9F04FA5B016469946CDE951
:102410000210BDF8B870BDF8BC8001F0A1FA4A4ABC
:102420001368C31AB3F5FA6F76D248490B785BB9D3
:1024300010604748474C027824F81290013202F0AD
:102440001F02027001330B70002E62D0B84560D9B4
:10245000029A802E28BF8026140605D49319802B5B
:10246000C4BFC2F18006F6B20C78394B1978631EEE
:102470005FFA83FC06F11003A8EB070B04AD0DEB2C
:10248000030A002C57D0002318461F2C02D90844F9
:1024900000F01F002F4A32F81000CDE9001C012285
:1024A000B84238BF3846404594BFC7EB000CC7EB75
:1024B000080CCCEBCC0CBCFBFBFC5FFA8CFCCCF12D
:1024C000070C06214FF0800E02FA01F061454EEA3A
:1024D000000001F1FF3103DB5FFA80FE481CF3D1FD
:1024E00005F801EB554523440BD0B3FBF6F0C0B221
:1024F000844223D82CB3DDE9001C1F2C6046C6D8CB
:10250000C8E7DDE90210FFF739FB314604A8FFF701
:1025100017FB25B0BDE8F08F10600D4A0D48137809
:102520000A4920F81390013303F01F0313700B784E
:102530001F2B89D886E748462346AEE7DDE9001C15
:10254000A3E74846ACE700BFD4520020D152002098
:10255000D052002090520020F0B5154F154E3B7818
:10256000192828BF002003EB800306EB43138400E7
:102570000FCB85B06D4685E80F006C210520FFF775
:10258000FDFA28461021FFF7DBFA3B78E01806EB4E
:10259000401310330FCB85E80F006C210620FFF7A6
:1025A000EDFA10212846FFF7CBFA05B0F0BD00BFC9
:1025B000C1010020948B0108F0B589B001F0D0F979
:1025C000A14B1B68C01AC72825D8A04B93E803006D
:1025D0006C4684E8030000210846FFF7CFFA204646
:1025E0009B4C0821FFF7ACFA2378102B00F2DC811A
:1025F000DFE813F015026A006A002402EF01F70118
:1026000016001600DC01E701FF012C020D02DA01C1
:10261000DA01DA0116006C46002300936360DAE702
:102620008C4B8D4A19688D4B002908BF1A460A2128
:102630000020FFF749FE2478E4B20B2C0DD8DFE828
:1026400014F088010C000C000C005C0131010C003E
:102650000C00D600A20076004B00002680495324CF
:102660003346721C20336B44D6B203F8184C8C5D91
:102670003346002CF5D1774B7A491A687A4F8A4253
:1026800002AD98BF1968A8190522FFF7DFFD304495
:102690002022C0B2811800230DEB0106611C3344D7
:1026A000CCB203F8182C3A5D2346002AF6D1204418
:1026B00008AB53FA80F000F8182C2A4600210120BC
:1026C000FFF702FE09B0F0BD624B684A1968634B20
:1026D000002908BF1A46AAE7002665494824334660
:1026E000721C20336B44D6B203F8184C8C5D334611
:1026F000002CF5D15F4B5B491A685F4F8A4202ADEF
:1027000098BF1968A8190522FFF7A0FD30442022C0
:10271000C0B2811800230DEB0106611C3344CCB21A
:1027200003F8182C3A5D2346002AF6D1BFE70026AD
:10273000524948243346721C20336B44D6B203F806
:10274000184C8C5D3346002CF5D14D4B4D4F1988FC
:1027500002AD0322A81989B2FFF778FD3044202387
:10276000C0B2C2180DEB0206621C3119D4B201F8D6
:10277000183C3B5D002BF7D1204408AA52FA80F0A8
:1027800000F8183C99E700263F494C243346721C58
:1027900020336B44D6B203F8184C8C5D3346002CC2
:1027A000F5D13A4B3A4A1B783A4F03EB830303EBDC
:1027B00083018900A2FB012102AD0322A819C909E6
:1027C000FFF744FD30442023C0B2C2180DEB0206CF
:1027D000621C3119D4B201F8183C3B5D002BF7D1D3
:1027E000204408AA52FA80F000F8183C65E7002659
:1027F000294953243346721C20336B44D6B203F864
:10280000184C8C5D3346002CF5D1244B244F19888D
:1028100002AD0422A81989B2FFF718FD3044C0B2F6
:102820002023C2180DEB0206621C3119D4B201F844
:10283000183C3B5D002BF7D1204408AA52FA80F0E7
:1028400000F8183C39E700BFCC01002000730108F4
:102850004E05002054020020F87A0108087A010889
:10286000907B01089F860100987B0108287A010867
:102870007C7B0108D4010020847B0108447B010893
:102880004A020020507B0108307B01082C02002006
:10289000818080803C7B0108707B0108E60100207C
:1028A000687B01080026704952243346721C20338D
:1028B0006B44D6B203F8184C8C5D3346002CF5D12E
:1028C0006A4B6B4F196802AD0522A819FFF7BEFCD1
:1028D00030442023C0B2C2180DEB0206621C31192D
:1028E000D4B201F8183C3B5D002BF7D1204408AA74
:1028F00052FA80F000F8183CDFE600265D495624C5
:102900003346721C20336B44D6B203F8184C8C5DEE
:102910003346002CF5D1584B584F198802AD04228C
:10292000A81989B2FFF792FC30442023C0B2C21824
:102930000DEB0206621C3119D4B201F8183C3B5D64
:10294000002BF7D1204408AA52FA80F000F8183C76
:10295000B3E64B4A54260023013420336B44E4B2DF
:1029600003F8186C165D2346002EF5D1454B464FF3
:10297000198802AD0322281989B2FFF767FC2044A9
:102980002023C0B2C2180DEB0204721CA119D6B2EA
:1029900001F8183CBB5D002BF7D1304408AA52FA6D
:1029A00080F000F8183C88E6384A40E6384B1A7840
:1029B000022A57D01978374A344B012918BF1A46D2
:1029C00035E6354B354A1978304B002908BF1A4691
:1029D0002DE6334B334A1978334B002918BF1A467A
:1029E00025E6324B324A1978324B002918BF1A4675
:1029F0001DE6314A13889BB2002B29D0214B198840
:102A000013888AB29BB29A4222D22C4A0FE62C4BF0
:102A10002C4A19682C4B002908BF1A4607E626499C
:102A20000B889BB2E3B1174B244A18880B88264DBC
:102A300081B29BB2994228BF2A46F8E5204B234A2F
:102A40001968214B002908BF1A46F0E5204AEEE537
:102A50001B4B204A19681C4B002908BF1A46E6E5A3
:102A6000194AE4E51C4AE2E51C7B01083C0200200F
:102A7000247B01085C7B010846020020687B01087A
:102A8000087B01084A020020107B0108887A0108AF
:102A9000E8010020187A01082C020020E87A0108D9
:102AA00045020020487A0108C87A01084402002043
:102AB000587A0108B87A010848020020987A01087B
:102AC00054020020687A0108087A0108387A01085F
:102AD000A87A0108D87A0108787A010870B5234DE0
:102AE000A0B006460024E0B20021FFF747F8013409
:102AF00080212846FFF724F8082CF4D180221C49B5
:102B00001C4D6846F9F71AFA00210846FFF736F817
:102B100080216846FFF714F8802217496846F9F7C4
:102B20000DFA00210120FFF729F880216846FFF700
:102B300007F8042E28BF002606EB8606022405EBC4
:102B4000C615802229466846F9F7F8F92046002183
:102B50000134FFF713F8E4B280216846FEF7F0FF76
:102B6000072C05F18005ECD120B070BD947E0108E2
:102B700008730108147F01088873010808B5144A16
:102B8000144B002111701B78134ADBB213701378B9
:102B9000012B11D013780F2B4FF0AE0008D0FEF7A9
:102BA000B9FF8120FEF7B6FFCF20FEF7B3FFAF20BD
:102BB000BDE80840FEF7AEBFAF20FEF7ABFF8120B7
:102BC000FEF7A8FFBDE808400F20FEF7A3BF00BF37
:102BD000DE010020DD010020DF0100202DE9F041B1
:102BE000B14D2B78192BA2B048D0FFF7E5FCAF4BC5
:102BF0001B7803F0FF04002B40F0BE822B78182BCB
:102C00001FD8DFE813F01900E003770470046904AB
:102C100062045B045404E6034604160410040A0428
:102C20000404FE03F803F203EC0331042A04230432
:102C30001C043F0438044D049D4A10210220FFF774
:102C400043FB9C4A00210320FFF73EFB2E78F6B29F
:102C5000102E00F2AC80DFE816F0AE0064006400D5
:102C6000640067031403640064005302CF0255013B
:102C700028026400AA00AA00AA00640002AD802213
:102C80008D498E4E2846F9F759F900210846FEF77E
:102C900075FF80212846FEF753FF80228849284689
:102CA000F9F74CF900210120FEF768FF8021284642
:102CB000FEF746FF0224204600210134FEF75EFFA6
:102CC000E4B280213046FEF73BFF082CF3D1DFF859
:102CD0002C827C4F02240CE0F9F730F900213046B9
:102CE000FEF74CFF013480212846FEF729FF072C10
:102CF0000FD098F8003013F0010FE6B24FF08002C9
:102D000007EBC4112846E7D080220021F9F7BEF86E
:102D1000E4E76D4A0421204622B0BDE8F041FFF708
:102D2000D3BA72B6694A6A4B1768D3F8008062B6A4
:102D3000002F00F03B846749674BB94228BF3946F2
:102D400053260022013488326A44E4B202F8806CCF
:102D50001E5D2246002EF5D102AB05221819FFF7A1
:102D600075FA22AA031952FA83F3052103F8806C3D
:102D700002AA0846FFF7A8FAB8F1000F0FD06424A2
:102D800033464246A7FB0401F8F7E0FE652871F1DF
:102D90000001034628BF2346C3F16403DEB2334675
:102DA000552205210720FFF7E1FA287876E04B4A03
:102DB0000A210520B0E74A4A13889BB2B3F57A7F0F
:102DC00038BFB2F80080474A34BF1FFA88F840F293
:102DD000E73854240023013688336B44F6B203F8F5
:102DE000804C945D3346002CF5D13F4F398802ADBD
:102DF00089B20322A819FFF729FA8319DBB25E1CF6
:102E000088336B44F6B22F2203F8802C4146A81970
:102E10000322FFF71BFA0644F1B201F18803DFF841
:102E2000E0C020260DEB0300631C0219DCB202F89F
:102E3000806C1CF80460002EF6D122AA21443B8845
:102E4000009652FA81F14FF4E1729BB201F8806C66
:102E50000420019205215522FFF7D4FA05210846E6
:102E60002A46FFF731FA214B214A1978214B0620D7
:102E7000002918BF1A460521FFF726FA3B881E498C
:102E800064209BB200FB03F3A1FB03130720552230
:102E9000C3F307230521FFF769FA304622B0BDE8E6
:102EA000F041FFF759BB00BF4E0500202E02002065
:102EB0003C7C0108CC7D010808740108947E01085F
:102EC0008874010814880108007C0108540200205D
:102ED000580000209F860100E87D0108847E0108DB
:102EE00048020020087B01084A020020D00100208F
:102EF000B47B0108A47B0108C5B3A291C1010020E5
:102F0000E47D0108A34A13889BB2B3F57A7F38BFEA
:102F10001788A14A34BFBFB240F2E7374E260023DC
:102F2000013488336B44E4B203F8806C165D2346A9
:102F3000002EF5D1994B198802AD89B203222819C8
:102F4000FFF784F90444E4B204F188036B440134CC
:102F5000E4B22F22394603F8802C28190322FFF708
:102F600075F90444E4B204F1880322A901346B44E6
:102F700051FA84F44322052103F8802C08462A469E
:102F800004F8806CFFF7A0F9854A4C2706F1880306
:102F900001366B44F6B203F8807C975D002FF5D1C3
:102FA000804B814A1B78DFF84C8203EB830303EBF1
:102FB00083018900A2FB0121C9090322A819FFF797
:102FC00045F90644F6B206F188036B44252203F85E
:102FD000802C0136754BF6B219680422A819FFF748
:102FE00035F90644F6B206F1880352240DEB0302CC
:102FF0007B1C174407F8804CDFB218F80740002C00
:10300000F6D122AB3E4453FA86F62A4606F8804CA7
:1030100005210620FFF758F9654A482604F1880182
:10302000631C0DEB010404F8806CDCB2165D002E0D
:10303000F4D1604B1B7803EB830303EB83015A4B02
:103040008900A3FB0131C90903222819FFF7FEF803
:103050000444E4B2584A04F188036B440134116813
:10306000E4B2252203F8802C28190422FFF7EEF899
:103070000444E4B204F1880252230DEB0201721CF5
:103080000E4406F8803CD6B218F80630002BF6D174
:1030900022AA344452FA84F407202A46052104F86F
:1030A000803CFFF711F90A20F8E60521434A08465B
:1030B000FFF70AF9424949220023013488336B445F
:1030C000E4B203F8802C0A5D2346002AF5D13D4B7B
:1030D0003D491A6802AD8A4298BF1968052228192D
:1030E000FFF7B4F822AA031952FA83F30026072047
:1030F0002A46052103F8806CFFF7E6F80B20CDE6A1
:10310000324B1A78012A00F0FC811978304A314B91
:10311000022908BF1A4605210846FFF7D5F82E4BAD
:103120002E4A18782E4B0521002818BF1A46062073
:10313000FFF7CAF82B4A50250023013488336B442B
:10314000E4B203F8805C155D2346002DF5D1264BD3
:10315000198802AB042289B21819FFF777F822AA5E
:10316000031952FA83F30720052102AA03F8805CB1
:10317000FFF7AAF8082091E61C4A0A210220FFF76F
:10318000A3F81B4A0A21032022B0BDE8F041FFF753
:103190009BB800BF48020020407E01084A02002080
:1031A000487E0108380200208180808030020020A3
:1031B000547E01081002002008020020687E0108E9
:1031C000787E0108D40100209F860100E8010020DC
:1031D000D07B0108F07B0108D0010020B47B0108FE
:1031E000A47B01085C7E0108E6010020147C010834
:1031F000287C0108507E0108C34A50250023013471
:1032000088336B44E4B203F8805C155D2346002DDF
:10321000F5D1BE4E02AB181931780322FFF716F82C
:103220000319DBB203F188020DEB0200013322AA7D
:1032300052FA83F30521252400F8804C02AA08469F
:1032400003F8805CFFF740F8B14BB24A1878B24BF4
:103250000521002818BF1A460620FFF735F83378F5
:10326000AE4803EB830303EB83039B00A0FB030344
:10327000552207200521C3F3C713FFF777F809206C
:103280000CE6A74A52260023013488336B44E4B28B
:1032900003F8806C165D2346002EF5D1A14B02ADDC
:1032A000196805222819FEF7D1FF22AA031952FA3C
:1032B00083F3052108462A4603F8806CFFF704F8DB
:1032C000934B944A1978944B0620002918BF1A464C
:1032D0000521FEF7F9FF944953243346721C8833C5
:1032E0006B44D6B203F8804C8C5D3346002CF5D18C
:1032F0008E4B03221978A819FEF7A8FF8319DBB2B9
:1033000003F188020DEB0201013322AA52FA83F382
:10331000252701F8807C07202A46052103F8804CE8
:10332000FEF7D2FF0520B9E5814B56260022013475
:1033300088326A44E4B202F8806C1E5D2246002E98
:10334000F5D17C4B198802AD032289B22819FEF70A
:103350007DFF22AA031952FA83F3052103F8806C3A
:1033600008462A46FEF7B0FF73494F2306F188024C
:1033700001366A44F6B202F8803C8B5D002BF5D131
:103380006E4A6F491278002A6E4A06F188000ABF19
:1033900011464F2446241A46684401330244DBB2E6
:1033A00002F8804CCC5C1A46002CF6D122AA334499
:1033B00052FA83F307202A46052103F8804CFEF7D2
:1033C00083FF04206AE5604A10210220FEF77CFF9B
:1033D00037E45E4A10210220FEF776FF31E45C4AB2
:1033E00010210220FEF770FF2BE45A4A1021022020
:1033F000FEF76AFF25E4584A10210220FEF764FF19
:103400001FE4564A10210220FEF75EFF19E4544AD9
:1034100010210220FEF758FF13E4524A1021022027
:10342000FEF752FF0DE4504A10210220FEF74CFF38
:1034300007E44E4A10210220FEF746FF01E44C4A01
:1034400010210220FEF740FFFFF7FBBB494A102185
:103450000220FEF739FFFFF7F4BB474A1021022094
:10346000FEF732FFFFF7EDBB444A10210220FEF7C2
:103470002BFFFFF7E6BB424A10210220FEF724FF94
:10348000FFF7DFBB3F4A10210220FEF71DFFFFF7C9
:10349000D8BB3D4A10210220FEF716FFFFF7D1BB33
:1034A0003A4A10210220FEF70FFFFFF7CABB384A45
:1034B00010210220FEF708FFFFF7C3BB354A102199
:1034C0000220FEF701FFFFF7BCBB334A10210220A8
:1034D000FEF7FAFEFFF7B5BB304A10210220FEF7D7
:1034E000F3FEFFF7AEBB2E4A10210220FEF7ECFEE2
:1034F000FFF7A7BB2B4A10210220FEF7E5FEFFF7DE
:10350000A0BB294A07E600BF347E01082C02002038
:10351000D0010020B47B0108A47B01088180808059
:103520001C7E01083C020020287E01084402002085
:10353000047E010846020020147E01084502002096
:10354000CC7B0108C47B01084C7C0108DC7C0108B1
:103550004C7D0108BC7C01083C7D01082C7D0108E4
:103560001C7D0108CC7C01080C7D0108FC7C010855
:103570008C7D01087C7D01086C7D01085C7D010863
:10358000AC7D01089C7D0108EC7C0108BC7D010834
:10359000AC7C01089C7C01088C7C01087C7C0108C7
:1035A0006C7C01085C7C0108E07B01080521084671
:1035B000054AFEF789FE6423552205210720FEF700
:1035C000D5FEFFF7F2BB00BFF47D01080B4B1B7863
:1035D000052B11D172B60A4A00211368116062B638
:1035E000084A4FF4C87101FB03F31360116842F2FB
:1035F0000F73994288BF1360704700BF4E050020CB
:10360000400200203C0200200A4B1B780A2B10D1FC
:1036100072B6094A00211368116062B6074AC821D0
:1036200001FB03F31360116842F20F73994288BFE4
:10363000136070474E050020340200203002002045
:103640000E4B1B78092B04D110B50D4C23780BB908
:1036500010BD704700F084F90A4B1B68C01AFA28A5
:10366000F6D9094B09481B680022227040215A6391
:1036700001F0F2FC064B01221A7010BD4E0500202D
:103680002C02002028020020200400200004004812
:103690002E0200200F4B1B78052B04D110B50E4CC9
:1036A00023780BB910BD704700F05AF90B4B1B681B
:1036B000C01AFA28F6D90A4B0A481B680022227061
:1036C0004FF400715A6301F0C7FC074B01221A70D6
:1036D00010BD00BF4E05002044020020180200204B
:1036E00020040020000400482E0200200C4B1A7811
:1036F0001AB11B78132B00D0704710B5094C2388E2
:103700009BB203B910BD00F02BF9074B1B68C01A20
:10371000FA28F7D9054B0021012221801A7010BD2B
:103720004E05002048020020000200202E0200204A
:103730000B4B1B780A2B05D110B50A4C23889BB282
:103740000BB910BD704700F00BF9074B1B68C01A8E
:10375000FA28F6D9054B0021012221801A7010BDEC
:103760004E05002048020020FC0100202E0200200F
:103770000D4B1B780A2B04D110B50C4C23780BB9D8
:1037800010BD704700F0ECF8094B1B68C01AB0F58B
:103790007A7FF5D9074B084A186801210023237066
:1037A0004363117010BD00BF4E0500203802002099
:1037B00014020020200400202E0200200C4B1B7855
:1037C000122B04D110B50B4C23780BB910BD7047E8
:1037D00000F0C6F8084B1B68C01AFA28F6D9074B48
:1037E000074A18680121002323704363117010BD3C
:1037F0004E050020F8010020F401002020040020E4
:103800002E0200200D4B1B78132B04D110B50C4C4D
:1038100023780BB910BD704700F0A2F8094B1B6864
:10382000C01AB0F57A7FF5D9074B084A186801210C
:10383000002323704363117010BD00BF4E050020AC
:10384000F0010020EC010020200400202E020020C6
:103850000A4B1B780A2B10D172B6094A0021136853
:10386000116062B6074AC82101FB03F313601168B7
:1038700042F20F73994288BF136070474E050020D3
:103880000C0200200802002008B50E4B1B780A2B02
:1038900012D10D4B1B780A2B0FD90C4B1B6863B947
:1038A00000F05EF80A4A126840F6B833801A98426F
:1038B00002D9084B01221A7008BD00F051F8044BE0
:1038C000186008BD4E0500201002002008020020EC
:1038D000D85200202E020020704700BF38B50E4A93
:1038E0000E4B1278054618684FF47A73B3FBF2F367
:1038F000B0FBF3F001F0CCF908B90F2D01D901208C
:1039000038BD0446024629464FF0FF3001F076F9F3
:10391000034B20461D6038BD62000020500000208F
:1039200064000020074A08B5136843F010031360D1
:10393000032001F051F90F20FFF7D0FFFFF7CCFF74
:10394000002008BD00200240034A044B11681B7888
:103950000B441360704700BFDC520020620000205F
:10396000014B1868704700BFDC52002038B5044690
:10397000FFF7F6FF631C054602D0044B1B781C447E
:10398000FFF7EEFF401BA042FAD338BD62000020D3
:10399000704700BF026838B5936803F00303012B3A
:1039A00001D0002038BD1368DC07FAD5936803F016
:1039B0000D03012B044609D0236C43F0100323644C
:1039C000636C43F001036364012038BD93680321F5
:1039D00043F0020393601160FFF7C2FF23689B6806
:1039E000D9070546DDD5FFF7BBFF401B022823683A
:1039F00002D99A68D207DFD49B68DB07F3D4D0E7FB
:103A000003689A6812F00C0F01D100207047DA6841
:103A100070B59501044604D5008B40F20112904226
:103A200034D060299A6844D0500706D59A68920726
:103A300003D49A6842F010029A600C2935D09A6833
:103A4000100706D59A68920703D49A6842F02002BC
:103A50009A606C2929D10C25FFF782FF236806465E
:103A60009B681D4223D0FFF77BFF831B0B2B236832
:103A7000F6D99A682A42F3D0236C43F010032364EA
:103A8000636C43F001036364012070BD1A68500643
:103A900006D4124A01E0013AEED019684906FAD577
:103AA00040221A609A6856070FD40425D4E70020F4
:103AB00070BD160701D40825CEE79A689507FAD499
:103AC0009A6842F020029A60F5E79A689507ECD46C
:103AD0009A6842F010029A60E7E700BF009409007C
:103AE000026838B5936803F00303012B044626D01F
:103AF0009168154B194209D0236C43F010032364DD
:103B0000636C43F001036364012038BD936843F0A4
:103B100001039360FFF724FF236805461B68D9075C
:103B20000BD4FFF71DFF431B022B2368F6D91A683D
:103B3000D207E1D51B68D907F3D5002038BD13683B
:103B4000D807D5D50020F9E73F00008030B597B001
:103B500000230193D0B1036C13F01003044618D175
:103B6000056C002D00F0998002689168CD0040F14D
:103B70008280916888007ED4216CC90600D463B12C
:103B8000236C23F0120343F010032364012017B0C9
:103B900030BD036CDA06F3D4026893685B07EFD498
:103BA000236C23F4817343F00203B2F1A04F23642A
:103BB000814B00F0DE809A4200F0E28003F5407312
:103BC0009A4277D07D498A4200F0EC80936803F0F6
:103BD0000303012B00F0E88079488368616823F4CF
:103BE00040330B438360D4E902130B43616B607E67
:103BF000013918BF012143EA403343EA013394F805
:103C00002010012900F09980A16A01290CD06D488B
:103C1000824200F0A28000F58070824200F09D8018
:103C2000E06A184340EA0103916811F00C0F0CD1CF
:103C3000D16821F4804121F00201D16094F8301064
:103C4000207E490041EA80310B43D0685E49014043
:103C5000206919430128D16077D0136B23F00F033B
:103C6000136300206064236C23F0030343F001031B
:103C7000236417B030BD236C23F0120343F010030C
:103C80002364636C43F001036364236C236C23F0AF
:103C9000120343F01003236478E7C0E9125545642A
:103CA00080F83C50FFF774FE22689368DB0012D561
:103CB0002B465AE7414B42489168029301F00301B9
:103CC000012958D0996801F00301012985D11B68A9
:103CD000DD0788D481E72046FFF75CFE226C12F0F6
:103CE000100F034622687FF440AF00287FF43DAFF9
:103CF000216C364D21F4885121F0020141F002017E
:103D000021649068296820F040509060906840F0ED
:103D1000805090602E48A0FB0101890C01EB8101CD
:103D200049000191019900293FF41FAF0199013920
:103D3000019101990029F9D117E728BB616A01397E
:103D400043EA414141F480335EE7116BE36921F0BE
:103D50000F01013B0B43136383E7B1F5307F1ED0A6
:103D6000B1F5807F25D0B1F5E07F08BF4FF48071B9
:103D700056E71848A0E71168C9073FF534AFA1E737
:103D800014484FF0A04397E7216C21F0220141F045
:103D900020012164616C41F00101616434E74FF45A
:103DA000E0713DE7064887E71368DB073FF51BAF87
:103DB00012E74FF4307133E7000100500005005066
:103DC000000700500004005007C0F0FF5000002022
:103DD00083DE1B430003005038B503689D6815F06F
:103DE00004052BD190F83C30012B044626D001234A
:103DF00080F83C30FFF774FEE8B9226C236822F4A7
:103E0000706222F0010242F48072B3F1A04F22648A
:103E100016D0354A93425DD0344A9268D10611D00B
:103E200033498B420ED0226C42F480122264CA685D
:103E3000920114D50DE084F83C5038BD022038BD05
:103E40002C4A9268226C22F480122264DA6895016E
:103E500005D5226C22F4405242F480522264226C36
:103E600012F480521CBF626C22F0060262640021D0
:103E70001C22B3F1A04F84F83C101A6018D01A4AE3
:103E8000934215D0194A9168C9060CD0916801F087
:103E90001F01052907D0926802F01F02092A02D0EB
:103EA000134A9342C9D19A6842F004029A6038BD1D
:103EB000104A9168CC06F6D0916801F01F010529DF
:103EC000F1D0926802F01F02092AECD0B3F1A04FA2
:103ED000E9D038BD02F500729268D506B2D0226CE6
:103EE0004FF0A041A0E700BF0001005000070050C4
:103EF000000400500003005090F83C30012B1DD00E
:103F0000012310B56C2180F83C300446FFF778FDA2
:103F100018B1002384F83C3010BD2046FFF73AFD6D
:103F20000028F6D1236C23F4885323F0010343F0D7
:103F300001032364002384F83C3010BD0220704745
:103F40002DE9F04144690368082C05460E460FD060
:103F5000B3F1A04F5CD04248424A4349834218BF64
:103F60000A469168CC063AD1DA68D0073BD40C24D3
:103F7000B3F1A04F49D03A4A934250D03A4A92689E
:103F8000D20647D1DF68FFF7EBFC2A68804613684A
:103F9000234204D1731C16D113682342FCD02B6C2E
:103FA00043F400732B64D36807F4005103F44063B7
:103FB0000B4302D11368180739D47B0400D4146072
:103FC0000020BDE8F081C6B913682340DFD12A6C18
:103FD00085F83C3042F004022A640320F1E792683D
:103FE00012F4404FC3D02B6C43F020032B6400230A
:103FF00085F83C300120BDE8F081FFF7B1FCA0EB73
:104000000800B0422A68C2D9DEE7164A9268B9E7CA
:10401000144AA6E7154A9342B4D0D768B3E702F52D
:1040200000729268D106ADD04FF0A042F5E79368D8
:1040300013F0040F2B6C0AD123F480732B642B6CC8
:10404000D904BAD42B6C43F001032B64B5E743F0D9
:1040500020032B646B6C43F001036B64ADE700BF7E
:104060000001005000030050000700500004005001
:104070000368186C704700BFF8B590F83C30012B0E
:1040800040D0012780F83C7004460D46FFF782FCC3
:104090000646002831D1236827649A68BD4222F081
:1040A00080429A6003D19A6842F080429A609A688E
:1040B00042F000429A60FFF753FC236805469B6874
:1040C000002B14DAFFF74CFC431B0A2B2368F6D9AC
:1040D0009A68002AF3DA236C002223F0120343F0DB
:1040E0001003012684F83C2023643046F8BD236C7D
:1040F00023F0030343F001032364002384F83C30DE
:104100003046F8BD02263046F8BD00BF70B490F8C6
:104110003C2097B00346012A4FF00000019000F0C8
:10412000EA8001201A6883F83C00906840073ED47A
:104130004D680C6805EB4500042D4FEA400000F285
:104140008D80156B4FF01F0C0CFA00FC25EA0C0556
:1041500004FA00F028431063906810F00C0F3AD175
:10416000092C886804EB440500F2888056694FF0FA
:10417000070CA8400CFA05F526EA0505284350610E
:10418000D0680D694E69C0F3C1004000013D864012
:104190004FEA846C032D00F23F81DFE815F0130035
:1041A0000F010501FB001568ED0740F18D801A6CC9
:1041B00042F020021A640120002283F83C2017B04C
:1041C00070BC7047156EA648284040EA0C0030438A
:1041D00040F000401066906800F00300012800F0F5
:1041E0008580CD680120012D00FA04F000F0878061
:1041F000D2F8B01021EA0001C2F8B010B2F1A04F1D
:1042000000F0998097498A424FD0102C00F09C8092
:104210009549112C40F089808868C5011CD4B2F101
:10422000A04F904849D0824245D09048824200F049
:10423000F1808F4DAA4240D0906800F00300012821
:1042400048D11268D207B2D4102C05D0112C03D05B
:104250008A6842F480028A600020ADE7092D19D9EE
:104260000E2D00F28C80956B3C381F26864025EA87
:10427000060504FA00F0284390636DE796691E3D39
:104280004FF0070CA8400CFA05F526EA050528436F
:10429000906175E7556B1E381F26864025EA060596
:1042A00004FA00F02843506356E7102C7149B0D14E
:1042B00088680002D0D44FF0A0409568029005F0C5
:1042C0000305012D3FF46FAF856805F00305012D4F
:1042D00000F09B80102C7BD0112CB9D1B2F1A04FF3
:1042E000BAD18A6842F080728A60B5E71068C60762
:1042F0007FF577AFB0E7022017B070BC70478D68CC
:10430000D2F8B010092C41EA0001C2F8B01021D94E
:1043100004EB440091691B380726854006FA00F03B
:1043200021EA00012943916168E7122C94D1886841
:10433000400291D473E7102C4E497FF46AAF88682D
:10434000050289D44748B8E74749886806027FF5DF
:104350006CAF81E7601C516900EB40000726854087
:1043600006FA00F021EA00012943B2F1A04F5161A1
:104370003FF472AF3B498A427FF44AAF6CE7D56B9A
:104380005A381F26864025EA060504FA00F028431D
:10439000D063E1E6D56E3248284040EA0C00304355
:1043A00040F00040D06616E7956E2D48284040EA60
:1043B0000C00304340F0004090660CE7556E2848F2
:1043C000284040EA0C00304340F00040506602E7CD
:1043D000B2F1A04F7FF440AF274A284C126888689A
:1043E000A4FB0242920C02EB8202520040F4000055
:1043F00088600192019A002A3FF42EAF019A013A97
:104400000192019A002AF9D126E70068C6073FF514
:10441000CEAE5FE7164850E7106E00F0F8406045FA
:1044200014D0506E00F0F840604514D0906E00F04B
:10443000F840604524D0D06E00F0F84060457FF42D
:10444000CAAED06E20F00040D066C4E6106E20F0F8
:1044500000401066E5E7506E20F000405066E5E74A
:1044600000F0FF83000100500007005000040050DE
:1044700000050050000300505000002083DE1B4365
:10448000906E20F000409066D5E700BF704700BFF7
:1044900000287BD038B590F820300446002B72D02D
:1044A0002268136843F001031360FFF759FA0546C9
:1044B00004E0FFF755FA401B0A285BD823685A68C6
:1044C000D107F6D51A6822F002021A60FFF748FAFF
:1044D000054604E0FFF744FA401B0A284AD823683F
:1044E0005A689207F6D4227E012A1A680CBF42F05D
:1044F000800222F080021A60627E012A1A680CBFD4
:1045000042F0400222F040021A60A27E012A1A689C
:104510000CBF42F0200222F020021A60E27E012A43
:104520001A680CBF22F0100242F010021A60227FBB
:10453000012A1A680CBF42F0080222F008021A6031
:10454000627F012A1A680CBF42F0040222F00402C2
:104550001A60D4E90220216902430A436069616854
:10456000024301390A4300200121DA61606284F8C4
:10457000201038BD636A052243F40033636284F877
:104580002020012038BDFFF781FF89E70120704717
:1045900070B490F820200468013A012A07D9426AD1
:1045A000034642F48022012070BC5A627047D4F85E
:1045B00000324A69CD6943F00103C4F8003202F0C9
:1045C0001F0001238340D4F81C0220EA0300C4F832
:1045D0001C02D843002D3DD1D4F80C52CE680540C2
:1045E000C4F80C528D8804EBC20245EA0645C2F8B5
:1045F00040528E680D8845EA0645C2F844528A69E1
:1046000012BBD4F804220240C4F804220A69AAB9F1
:10461000D4F814221040C4F814020A6A012A04D102
:10462000D4F81C221343C4F81C32D4F8003223F00F
:1046300001030020C4F8003270BC7047D4F8142283
:104640001A43C4F81422E8E7D4F804221A43C4F841
:104650000422DBE7012DD2D1D4F80C520E681D43A1
:10466000C4F80C528D8804EBC20245EA0645C2F834
:1046700040528E688D8945EA0645C2F84452BEE72D
:1046800038B590F82030012B044605D0436A43F436
:1046900000234362012038BD0268022380F82030E5
:1046A000136823F001031360FFF75AF9054604E08D
:1046B000FFF756F9431B0A2B07D823685B6813F0F2
:1046C0000103F5D16362184638BD636A052243F4DD
:1046D0000033636284F82020DCE700BF30B490F838
:1046E00020C005680CF1FF3CBCF1010FAC6839D863
:1046F00014F0E05F06D1436A43F4001343620120E3
:1047000030BC7047C4F301640120A04018608B687E
:104710006BB3C8680343486843EAC00304F1180058
:1047200000012B5005EB041C0B69CCF884310B7D88
:10473000012B4FEA041105D1DCF8843143F4807376
:10474000CCF884316B185168C3F88C111268C3F827
:104750008821DCF8803143F00103002030BCCCF824
:1047600080317047436A43F480234362C7E7CB68D4
:10477000086843EA405004F118031B01E850D1E7F0
:1047800090F82020013A012A034605D9426A42F4F2
:10479000802201205A627047CA0704D500688268E7
:1047A00042F080028260880704D51868826842F46B
:1047B000004282604A0704D51A68936843F40003F4
:1047C00093600020704700BF90F82030013B012B20
:1047D00001D900207047036898689A689B681201A5
:1047E000C0F3806048BF0130DB00F3D50130704773
:1047F00090F820C00CF1FF3CBCF1010F6BD870B5F4
:10480000046841B9E568AD0708D1436A43F4001371
:104810004362012070BD2569AE07F6D004EB011C90
:104820004FEA011EDCF8B05105F004059560002D3B
:1048300057D0DCF8B051ED085560DCF8B05105F008
:104840000205D560DCF8B4512D0758BFDCF8B4512F
:10485000DCF8B46154BF05F00F05082515617444F8
:10486000DCF8B451C6F3072696612D0CD4F8B86174
:1048700055611E7002687244D2F8B821120A5A704B
:1048800002687244D2F8B821120C9A70026872441D
:10489000D2F8B821120EDA7002687244D2F8BC2144
:1048A0001A7102687244D2F8BC21120A5A71026865
:1048B0007244D2F8BC21120C9A7102687244D2F888
:1048C000BC21120EDA71026881B9D36843F020036B
:1048D000D360002070BD436A43F48023436201200B
:1048E0007047DCF8B0516D0D1560A6E7136943F011
:1048F00020031361EDE700BF90F82020013A012A60
:10490000034605D9426A42F4802201205A62704768
:10491000026853690B43002053617047704700BF22
:10492000704700BF704700BF704700BF704700BFAF
:10493000704700BF704700BF704700BF704700BF9F
:10494000704700BF704700BF2DE9F84F03685C69EE
:10495000D3F804809F68D3F80CB0D3F81090D3F844
:1049600018A014F0010605461FD0F90700F19B803E
:104970000026F9050BD52B684FF480729A60BA05B2
:1049800000F1DE807B0540F1D18046F40056F9034A
:104990000BD52B684FF480329A60BA0300F1D480B3
:1049A0007B0340F1C88046F40046210702D51BF086
:1049B000100F72D1620702D51BF0080F7ED1A3073A
:1049C00004D52B68DB689F0740F09880600602D50D
:1049D00019F0100F5BD1A10602D519F0080F74D1A0
:1049E000E20603D52B681B699B077CD1A70302D580
:1049F00018F0100F7BD1E00302D518F0080F6BD12F
:104A0000210440D518F0040F2B683AD0E20544BFCA
:104A10000AF001021643A70574D4610504F400628C
:104A20002BD51AF0040F28D046F00406002A77D0C0
:104A30001AF0700A74D0BAF1400F00F0A88000F2AA
:104A40008780BAF1200F00F0BD80BAF1300F00F07E
:104A5000B080BAF1100F40F095809A69042122F0DD
:104A600070029A6146F0080659606B6A3343284623
:104A70006B62FCF75DF9BDE8F88F12B11AF0700AAD
:104A8000D9D104225A60002EEFD1BDE8F88F2B68EF
:104A9000102246F480661A619DE72B68102246F4C6
:104AA0000076DA6086E701229A60BA0735D47B0780
:104AB00039D43E075BD54FF480565AE72B6808225D
:104AC000DA602846FFF736FF79E72B6808221A617B
:104AD0002846FFF733FF83E72B6808225A602846F1
:104AE000FFF730FF8CE72846FFF726FF7EE72B68AD
:104AF00010225A602846FFF723FF7CE72846F9F783
:104B000019FD63E71AF0020F87D0600546F0020630
:104B100004F4006285D41AB18AE7FFF7FFFE27E7A5
:104B200004225A60A1E74FF4006622E7380525D534
:104B300046F480462BE738031CD546F4803634E72C
:104B40002846FFF7EDFE22E72846FFF7EBFE2CE7AD
:104B5000BAF1500F24D0BAF1600F13D19A69042131
:104B600022F070029A6146F4807659607DE7FFF783
:104B7000DBFEFDE62846FFF7DBFE16E72846FFF7DB
:104B8000D5FE04E79A6922F070029A6179E79A6982
:104B9000042122F070029A6146F04006596064E7F1
:104BA0009A69042122F070029A6146F080065960E9
:104BB0005BE79A69042122F070029A6146F02006B0
:104BC000596052E79A69042122F070029A6146F016
:104BD0001006596049E700BF0749CA6803024FF64B
:104BE000FF0003F4E0630240134343F0BF6343F468
:104BF0000033CB60704700BF00ED00E01B4BDB686B
:104C0000C3F3022300B5C3F1070EBEF1040F03F195
:104C1000040C28BF4FF0040EBCF1060F1CD9A3F101
:104C2000030C4FF0FF3303FA0CF322EA03024FF0B8
:104C3000FF3303FA0EF321EA030303FA0CF31343E1
:104C40001B010028DBB20ADB00F1604000F5614087
:104C500080F800335DF804FB00229446E7E7044A3D
:104C600000F00F00024413765DF804FB00ED00E055
:104C7000FCEC00E0002807DB044A4109012300F0B6
:104C80001F00834042F82130704700BF00E100E080
:104C90000138B0F1807F01D30120704710B44FF08C
:104CA000E023074C58614FF0F00C84F823C0002239
:104CB000072110469A615DF8044B1961704700BFE7
:104CC00000ED00E0002833D0D0E90121034610B404
:104CD000D0E903040A430243586919682243024396
:104CE000D3E90640224302430868124C6FF30D10CB
:104CF0000243A1420A6011D90F4A1048104C0A44DD
:104D0000A0FB0202120992004FF480710020198466
:104D1000C3E90F425DF8044B98637047094A07489E
:104D20000A44A0FB02021209A4F207449200EBE736
:104D30000120704707040240F8FBFDBFCDCCCCCC6E
:104D400000040240F8FFFDBF70B490F82040012C31
:104D500009D090F821C00124A44580F8204005D056
:104D6000002380F82030022070BC7047022580F8B4
:104D700021500468C66B00258563256825F0010570
:104D80002560056C0CFA05F5756063604368102BAF
:104D9000C36A0BBFA260A160E160E26053B1236807
:104DA00043F00E032360236843F0010300202360D7
:104DB00070BC7047236843F00A032360236823F024
:104DC00004032360EFE700BF70B4C66B026C316868
:104DD0000468042393400B4225680ED015F0040F9D
:104DE0000BD02268920603D4226822F004022260CB
:104DF000C26A7360CAB170BC1047022393400B4271
:104E000015D015F0020F12D02268920606D422683F
:104E100022F00A022260012280F82120826A736057
:104E2000002180F82010002AE5D170BC70470823CB
:104E300093400B42F9D02B07F7D52368016B23F081
:104E40000E032360012303FA02F24FF480747260B0
:104E5000048483630029E8D070BC08472DE9F04F33
:104E60000C6885B0002C00F0828000234FF0010B0D
:104E70000BFA03FE1EEA040A75D04D6805F0030C18
:104E80005A0003260CF1FF3806FA02F7B8F1010FB9
:104E90006FEA07076ED9BCF1030F40F0BF800CFA30
:104EA00002F2D0F800C00CEA07073A4315F4403F7D
:104EB000026058D05F4FBA6942F00102BA61BA6924
:104EC00002F001020392039A23F0030202F18042EE
:104ED00002F5803203F0030C97684FEA8C0C0F2622
:104EE00006FA0CFEB0F1904F27EA0E0717D0524E8B
:104EF000B04200F08580514EB04200F08880DFF86B
:104F000044E1704575D0DFF840E170450CBF4FF0CB
:104F1000040E4FF0050E0EFA0CFC47EA0C079760E2
:104F2000474A9268EE026FEA0A07454E54BF3A407C
:104F30004AEA0202B260F268AE02414E54BF3A4001
:104F40004AEA0202F2607268AE033D4E54BF3A4034
:104F50004AEA020272603268ED03394D54BF3A40AA
:104F60004AEA02022A60013334FA03F280D105B022
:104F7000BDE8F08FD0F80890CE6809EA070906FA74
:104F800002F848EA0908C0F80880D0F804808E6862
:104F900028EA0E08C5F3001E0EFA03FE4EEA080EBC
:104FA000C0F804E0D0F80C8006FA02FE08EA070810
:104FB0004EEA080EBCF1020FC0F80CE07FF46FAFB0
:104FC0000E694FEAD30803F0070E00EB88084FEA9A
:104FD0008E0E06FA0EF6D8F8209001960F2606FAE5
:104FE0000EFE019E29EA0E0946EA090EC8F820E0E5
:104FF00055E74FF0030E0EFA0CFC47EA0C078EE75C
:105000004FF0010E0EFA0CFC47EA0C0787E74FF051
:10501000020E0EFA0CFC47EA0C0780E7D0F80C8071
:105020008E6808EA070806FA02FE4EEA080EC0F883
:105030000CE034E70010024000040048000800487B
:1050400000040140000C00480010004803691942A8
:1050500014BF0120002070470AB18161704781624E
:10506000704700BF436901EA030221EA030141EAF4
:1050700002418161704700BF044A5169014200D179
:10508000704708B55061FBF773FE08BD000401408E
:10509000F8B503689C6914F0100C054641D016461B
:1050A00010220F46DA619C6914F0200479D1781C33
:1050B0004DD19A699106FCD52022DA619A6944F0B3
:1050C000040CD4054FF001002FD457053AD54FF406
:1050D0008061D9614CF0080C960504D54FF400723C
:1050E0004CF0020CDA619A69910744BF00229A627F
:1050F0009A69D20703D49A6942F001029A615A6808
:1051000029490A405A606B6C002243EA0C032021B3
:105110006B6485F8402085F8411085F84220012015
:10512000F8BD9A69D4056046CFD54FF48071D96136
:1051300051054CF0010CCFD54FF48061D9614CF092
:10514000080CC9E79405C9D40028CCD1F8BDFEF7F6
:1051500007FC801BB8422B6804D81FB19A699206DD
:10516000A5D5A9E7586895F8422099690C04D2B2F0
:105170000BD5410409D4202A07D05A6842F4804252
:105180005A60FEF7EDFB2B6806469A6992068AD4B0
:10519000FEF7E6FB831B192B2B68F6D99A692024AE
:1051A0008CE7002488E700BF00E800FE70B50368C4
:1051B00004460D46164605E0FFF76AFF00BB6A1C71
:1051C00008D123689B699B07324629462046F3D5C0
:1051D000002070BDFEF7C4FB801BA842236801D8E5
:1051E000002DEFD19A6912F00202EBD1636C84F8C2
:1051F000402020210B43636484F8411084F842204E
:10520000012070BD2DE9F843DDF820901E460546CB
:1052100003688846174605E0FFF73AFF68BB731C32
:105220000ED12B689C6938EA04040CBF01230023CB
:10523000BB424A4631462846EED00020BDE8F883FE
:10524000FEF78EFBA0EB0900B0422B6801D8002EC0
:10525000E8D19A6938EA02020CBF01220022BA4260
:10526000E0D16B6C002243F0200320216B6485F8B1
:10527000402085F8411085F842200120DEE700BF7C
:1052800003689B699B0629D470B505460C461646F3
:105290000DE0FEF765FB801BA042296800D81CB911
:1052A0008B6913F020030DD08B699B0608D432461E
:1052B00021462846FFF7ECFE0028EAD0012070BD09
:1052C000002070BD6A6C85F8403020210A436A6472
:1052D000012085F8411085F84230F0E70020704742
:1052E000704700BF002854D010B590F841300446F4
:1052F00003F0FF02002B47D02368242284F84120CA
:105300001968626821F0010122F0706219601A6167
:105310009A68E16822F4004201299A60A26809D0E3
:1053200042F4044202299A6007D15A6842F40062AA
:105330005A6006E042F400429A605A6822F4006221
:105340005A605968226941F0007141F40041596086
:105350006169D8680A43A16920F4004042EA012249
:10536000E169D860206ADA6001431960196841F088
:105370000101196000222023626484F84130226315
:1053800084F84220104610BD80F84020FFF7A8FFA7
:10539000B2E70120704700BF704700BFB0B102689C
:1053A000242310B580F84130136823F0010304462C
:1053B0001360FFF7F1FF0023636484F8403084F842
:1053C0004130236384F84230184610BD01207047F5
:1053D0002DE9F047994690F8413082B0202B0A9E83
:1053E00040F0908090F84030012B044600F08A8015
:1053F0004FF0010A80F840A00F469046FEF7B0FA41
:1054000052460546009019234FF400412046FFF70D
:10541000F9FE002872D1212384F84130102384F84A
:1054200042306064A4F82A90638D2268C4F8248016
:105430009BB2FF2B6063C7F3090767D8638D9BB2EC
:105440002385002B40F08D8053684A490B403B4335
:1054500043F0007343F400535360638D9BB22A46BC
:1054600031462046002B38D0FFF7A0FE002845D15A
:10547000616A236811F8012B9A62638D228D616243
:10548000013B9BB26385638D013A92B29BB2228548
:10549000002BE2D0002AE0D180210095334620463F
:1054A000FFF7B0FEFF2148BB638DDFF8D0C0226854
:1054B0009BB28B42604647D95368218503EA0C03AF
:1054C0003B4343F0FF7343F480335360638D9BB2DF
:1054D0002A4631462046002BC6D1FFF7D1FE68B9D7
:1054E0002368254D2021D9615A682A405A6084F8E2
:1054F000411084F8400084F8420000E0012002B02E
:10550000BDE8F087022002B0BDE8F087FF232385C5
:10551000FE214FF47F034FF0807018F801CBC2F8E2
:1055200028C02185618DDFF84CC0C4F82480013982
:1055300089B2618551683B4301EA0C010B43034387
:1055400043F40053536088E7638D51689BB2238511
:10555000DBB247EA034301400B4343F0007353605F
:105560007BE7013B99B24B1CDBB21B044FF0007090
:10557000D3E700BF009800FC00E800FE009C00FCA0
:105580002DE9F04F994690F8413083B0202BBDF8BB
:1055900034A00E9F40F0A7800C9B0446002B00F027
:1055A0009B80BAF1000F00F0978090F84030012BFB
:1055B00000F099804FF0010B80F840B00D46904606
:1055C000FEF7CEF95A460646009019234FF40041E3
:1055D0002046FFF717FE002840F081800C9B636295
:1055E000212384F84130226862496063402384F8B3
:1055F00042306064A4F82AA053680B405FFA89F136
:1056000043EA0143C5F309052B4343F0807343F498
:1056100000535360394632462046FFF7C7FD002845
:1056200065D1B9F1010F236865D15FFA88F29A62FA
:1056300000963B46002280212046FFF7E3FD00282C
:1056400055D1638D22689BB2FF2B70D953684A49AC
:105650000B402B4343F0FF7343F48033FF2121853C
:10566000536003E0638D9BB2002B6ED03246394607
:105670002046FFF79BFD002831D1616A236811F8AD
:10568000012B9A62638D228D6162013B9BB263851F
:10569000638D013A92B29BB22285002BE2D0002AA0
:1056A000E0D1802100963B462046FFF7ABFDFF216D
:1056B000A8B9638DDFF8C0C022689BB28B426046F8
:1056C00028D95368218503EA0C032B4343F0FF7369
:1056D00043F480335360C5E74FF4007363640120E3
:1056E00003B0BDE8F08F022003B0BDE8F08F0023C7
:1056F00084F84030F3E74FEA18229A62394632467E
:105700002046FFF753FD0028F1D122685FFA88F3A5
:1057100093628DE7638D51689BB22385DBB245EAC6
:10572000034301400B4343F0007353609AE7638DDA
:10573000114851689BB22385DBB245EA034301401F
:105740000B4343F00073536090E7324639462046DE
:10575000FFF796FD0028C2D12368084D2021D961AA
:105760005A682A405A6084F8411084F8400084F84E
:105770004200B5E7009800FC009C00FC00E800FE39
:105780002DE9F04F994690F8413083B0202BBDF8B9
:1057900034A00E9F40F0A8800C9B0446002B00F024
:1057A0009C80BAF1000F00F0988090F84030012BF7
:1057B00000F09A804FF0010B80F840B00D46904603
:1057C000FEF7CEF85A460646009019234FF40041E2
:1057D0002046FFF717FD002840F082800C9B636293
:1057E000222384F84130226864496063402384F8AE
:1057F00042306064A4F82AA053680B405FFA89F134
:1058000043EA0143C5F309052B4343F400535360B6
:10581000394632462046FFF7C9FC002868D1B9F165
:10582000010F236868D15FFA88F29A6200963B46BE
:10583000002240212046FFF7E5FC002858D1638D67
:1058400022689BB2FF2B73D953684C490B402B4302
:1058500043F0807343F4923301212185536003E0C8
:10586000638D9BB2002B73D000963B46002204212F
:105870002046FFF7C7FC002832D12268636A526ACB
:105880001A70638D228D616A013B9BB26385638DC3
:10589000013A92B201319BB261622285002BDFD0C6
:1058A000002ADDD1802100963B462046FFF7AAFC66
:1058B0000121A8B9638DDFF8CCC022689BB2FF2B11
:1058C000604628D95368218503EA0C032B4343F033
:1058D000807343F480335360C2E74FF40073636412
:1058E000012003B0BDE8F08F022003B0BDE8F08FC7
:1058F000002384F84030F3E74FEA18229A623946D1
:1059000032462046FFF752FC0028F1D122685FFAA8
:1059100088F393628AE7638D51689BB22385DBB27B
:1059200045EA034301400B4343F00073536097E79C
:10593000638D124851689BB22385DBB245EA03436D
:1059400001400B4343F0007343F4105353608BE763
:10595000324639462046FFF793FC0028C0D1236821
:10596000074D2021D9615A682A405A6084F84110B5
:1059700084F8400084F84200B3E700BF009800FCC0
:1059800000E800FE009C00FC2DE9F04784B00446CE
:105990000020039094F84100202867D11746226820
:1059A0009946936913F4004360D194F840000128AC
:1059B0005CD0C1F30906012184F8401046F000785C
:1059C000242184F8411048F420586364E368012BD3
:1059D00006BF46F0007343F4005343465360FDF79F
:1059E000BFFF054620688369826903F0200302F047
:1059F000100213431CD1B9F1FF3F11D0FDF7B0FFE6
:105A0000401B484545D8B9F1000F08D141E0B9F134
:105A1000FF3F05D0FDF7A4FF401B484539D820685B
:105A20008169836901F0200103F010031943EED06E
:105A3000836913F0100A1DD100954B465246202170
:105A40002046FFF7DFFB002831D0636C042B04D124
:105A500023682022DA61C4F844A0039B0133039336
:105A6000039B039BBB4214D22268AFE7022004B021
:105A7000BDE8F0871023C361002200954B4620212A
:105A80002046FFF7BFFB0028E7D123682022DA6118
:105A9000E3E7202384F84130636C43F02003636420
:105AA0000120002384F8403004B0BDE8F08722686C
:105AB0002023D36184F8413084F84000D7E700BF49
:105AC00028B338B5D0E90031826804464CF6CC40A2
:105AD000186045F25550186059609A60FDF740FF14
:105AE00023680546DA6851070AD0FDF739FF401BE5
:105AF00027282368F6D9DA685207F3D0032038BD87
:105B00001969E268914204D01A61002038BD012071
:105B100070474AF6AA221A60F7E700BF03684AF600
:105B2000AA2200201A607047024A136843F4807367
:105B30001360704700700040002800F0F9822DE9E2
:105B4000F047036813F0010582B0044629D0AF493D
:105B50004A6802F00C02042A00F043814A6802F00D
:105B60000C02082A00F03981D4E90132B3F5803FF4
:105B700000F05281002B00F08C81B3F5A02F00F0D3
:105B80004682A24B196821F480311960196821F40A
:105B900080211960D96A21F00F010A43DA6245E1D8
:105BA00023689F075AD5994A516811F00C0F35D0D8
:105BB000516801F00C0108292DD02369002B00F059
:105BC000BD81012393FAA3F3002B00F0A982B3FA5D
:105BD00083F303F1845303F584139B0001221A60BD
:105BE000FDF7BEFE0225894F95FAA5F50646B5FAE2
:105BF00085F80AE003FA08F31A4240F02082FDF724
:105C0000AFFE801B022800F23E813A680123002D7E
:105C1000F0D10123F0E75268D603CED47B490222AB
:105C2000086892FAA2F2002A00F00582B2FA82F223
:105C3000012101FA02F2104203D02269012A40F048
:105C4000E280724D60692A68F82191FAA1F1B1FAF7
:105C500081F122F0F802884002432A601D0721D416
:105C600058074ED5694BDA69D10040F1AA804FF050
:105C7000000A674D2B68DA0540F1F580E368012BD7
:105C800000F08481002B00F02D81052B5F4B1A6AF8
:105C900000F0C98122F001021A621A6A22F004029D
:105CA0001A6278E1A369002B65D0012393FAA3F36C
:105CB000002B00F0FB81574AB3FA83F31A44920099
:105CC00001231360FDF74CFE0225504F95FAA5F510
:105CD0000646B5FA85F80AE003FA08F31A4240F0DE
:105CE000D680FDF73DFE801B022800F2CC807A6A48
:105CF0000123002DF0D10123F0E7BAF1000F40F0AD
:105D00008081E3699BB341494A6802F00C02082A8A
:105D100000F06681022B4FF0807393FAA3F300F03A
:105D20009D81002B00F0FE81B3FA83F303F18453CD
:105D300003F584139B0000221A60FDF711FE4FF05B
:105D40000074324E94FAA4F40546B4FA84F708E0DD
:105D5000BB401A420BD0FDF703FE401B022800F2A5
:105D6000928032680123002CF2D10123F1E7002058
:105D700002B0BDE8F087012393FAA3F3002B00F0F3
:105D80009381244AB3FA83F31A44920000231360E8
:105D9000FDF7E6FD02251D4F95FAA5F50646B5FA75
:105DA00085F808E003FA08F31A4270D0FDF7D8FD31
:105DB000801B022867D87A6A0123002DF2D10123C3
:105DC000F2E7DA6942F08052DA61DB6903F080536E
:105DD0000193019B4FF0010A4BE74A68D2037FF51C
:105DE000C3AE0A494FF40032096892FAA2F21AB11E
:105DF000B2FA82F20125954029423FF4D2AE6268A0
:105E0000002A7FF4CEAE0120B2E700BF00100240AE
:105E10000070004020819010A5490B6843F4803346
:105E20000B60CB6A23F00F031343CB62FDF798FDA1
:105E30004FF40036DFF8788296FAA6F60746B6FAEF
:105E400086F909E003FA09F31A427FF4A9AEFDF7D7
:105E500087FDC01B642816D8D8F800200123002E27
:105E6000F0D12B46F0E72B6843F480732B60FDF7ED
:105E700077FD06462B68DB053FF500AFFDF770FDAB
:105E8000801B6428F6D9032002B0BDE8F0872368A0
:105E9000E6E6874E336823F480333360336823F4B7
:105EA00080233360F36A23F00F031343F362FDF79B
:105EB00057FD4FF40037804697FAA7F7B7FA87F9EE
:105EC0000AE003FA09F31A423FF46AAEFDF748FD0F
:105ED000A0EB08006428D6D832680123002FF0D147
:105EE0002B46F0E7724D2B6A23F001032B622B6ADD
:105EF00023F004032B62FDF733FD4FF00208064642
:105F000098FAA8F7B7FA87F90EE02A6A01239FB139
:105F100003FA09F31A423FF4F0AEFDF721FD41F216
:105F20008833801B9842AED898FAA8F3002BECD1A6
:105F30006A6A0123002FEBD10123EBE7012393FAD7
:105F4000A3F3002B00F0EA80B3FA83F303F1845348
:105F500003F584139B0000221A60FDF701FD022562
:105F6000534F95FAA5F50646B5FA85F808E003FA09
:105F700008F31A4261D0FDF7F3FC801B022882D897
:105F80003A680123002DF2D10123F2E7484A136A4F
:105F900043F001031362FDF7E3FC4FF00208444DA8
:105FA00098FAA8F70646B7FA87F90FE02A6A01239C
:105FB000A7B103FA09F31A427FF49FAEFDF7D0FCB4
:105FC00041F28833801B98423FF65DAF98FAA8F300
:105FD000002BEBD16A6A0123002FEAD10123EAE703
:105FE000012B3FF410AF4B68226A03F480319142D9
:105FF0007FF409AF606A03F47013181A18BF012008
:10600000B6E62B4AD36923F08053D36179E603F1D6
:106010008043A3F53C33196841F480211960196865
:1060200041F48031B5E542F004021A621A6A42F086
:1060300001021A62AFE70122FDE523680EE61C4863
:1060400061690368F82292FAA2F2B2FA82F223F0AE
:10605000F80391400B4303602368FFE5002B63D0F6
:10606000B3FA83F303F1845303F584139B000022F6
:106070001A60FDF775FC4FF000750D4F95FAA5F508
:106080000646B5FA85F809E003FA08F31A4213D078
:10609000FDF766FC801B02283FF6F5AE3A68012347
:1060A000002DF1D10123F1E7024A6FE6014A07E62C
:1060B00000100240000542421E49626A4B68206A95
:1060C00023F4741302431A434A604FF0807393FA27
:1060D000A3F35BB3B3FA83F303F1845303F584139F
:1060E0009B0001221A60FDF73BFC4FF00074114E3B
:1060F00094FAA4F40546B4FA84F709E0BB401A42C6
:106100007FF435AEFDF72CFC401B02283FF6BBAEFA
:1061100032680123002CF1D10123F0E7064B1AE786
:10612000054B5BE5044B06E6034BA0E7024BD8E7C3
:106130000120704700100240800042420E4A53681E
:1061400003F00C01082901D00C487047C3F38341C8
:106150000B48D26A405CDB0309D50A49074B02F0C1
:106160000F028A5CB3FBF2F303FB00F07047064BAF
:1061700003FB00F0704700BF0010024000127A00DD
:10618000249801081498010800093D00002800F037
:106190009180524A136803F007038B422DE9F041C6
:1061A0000D4604460CD2136823F007030B4313601B
:1061B000136803F007038B4202D00120BDE8F08191
:1061C0002368990706D54649A0684A6822F0F0027C
:1061D00002434A6013F0010328D062684049012A53
:1061E0006AD0022A08685ED0022191FAA1F119B1A1
:1061F000B1FA81F101238B401842DED0384E73682A
:1062000023F0030313437360FDF7AAFB41F28838C0
:10621000074604E0FDF7A4FBC01B404559D873684E
:10622000626803F00C03B3EB820FF3D12B4A1368BF
:1062300003F00703AB4209D9136823F007032B438C
:106240001360136803F00703AB42B6D123685A0703
:1062500006D52349E0684A6822F4E06202434A60B6
:106260001B0707D51E4A2169536823F4605343EA8C
:10627000C1035360FFF762FF194B1A4C5B681A4960
:1062800003F0F003F02292FAA2F2B2FA82F2D340C3
:10629000164AE35C20FA03F308681360FDF71EFB5F
:1062A0000020BDE8F0814FF0007191FAA1F10029C2
:1062B0009ED1A1E7012070474FF40033096893FA9B
:1062C000A3F343B1B3FA83F302FA03F3194295D16E
:1062D00073E7032072E71346F8E700BF002002408F
:1062E00000100240187501086400002050000020D2
:1062F0002DE9F04F03680446D80383B047D5874B98
:10630000DA69D10040F1BD80854D2B68DA054FF088
:10631000000640F1C680814A6168136A13F4407335
:1063200029D001F44070984225D0176A4FF4803389
:1063300027F4407193FAA3F3002B00F0EC80794A24
:10634000B3FA83F31A449200012313604FF48033AD
:1063500093FAA3F3002B00F0DC80724AB3FA83F3C4
:106360001A4492006D4D002317F001071360296253
:1063700040F0AB806168694A136A23F440730B43B1
:1063800013621EB1D36923F08053D3612368DF0702
:1063900006D56249A0680A6B22F0030202430A6331
:1063A0009E0706D55D49E0680A6B22F4403202433D
:1063B0000A635D0706D5594920690A6B22F4402219
:1063C00002430A63980606D55449E0690A6B22F035
:1063D000100202430A63990306D55049A06B4A682C
:1063E00022F4800202434A605A0606D54B49206ACD
:1063F0000A6B22F0200202430A631F0706D54749B1
:1064000060690A6B22F4401202430A63DE0606D575
:106410004249A0690A6B22F4400202430A639D05C7
:1064200006D53E49E06A4A6822F4000202434A6007
:10643000180606D53949606ACA6A22F4F87202431E
:10644000CA62D90506D53549A06ACA6A22F47852CB
:106450000243CA62DA0406D53049206B0A6B22F483
:10646000807202430A639B0403D4002003B0BDE89A
:10647000F08F2A4A616B136B23F400730B43136391
:10648000F3E7DA69264D42F08052DA61DB6903F006
:1064900080530193019B2B68DA054FF001063FF50D
:1064A0003AAF2B6843F480732B60FDF759FA074627
:1064B0002B68DB053FF52FAFFDF752FAC01B6428B0
:1064C000F6D9032003B0BDE8F08FFDF749FA4FF08D
:1064D000020A80469AFAAAF9B9FA89FB11E02A6AF7
:1064E0000123B9F1000F12D003FA0BF31A427FF423
:1064F00041AFFDF735FA41F28833A0EB080098422E
:10650000DFD89AFAAAF3002BE9D16A6AE8E73B469A
:10651000ECE7054A26E7044A16E700BF00100240F0
:106520000070004000819010800442422DE9F04349
:1065300083B01F4614460A9E0D468046FDF710FAAA
:106540003E44361AFDF70CFA2C4B1A68C2F3CB32D4
:1065500006FB02F281460192D8F80020936835EAE2
:1065600003030CBF01230023A34209D07B1C0BD1E2
:10657000936835EA03030CBF012300239C42F7D143
:10658000002003B0BDE8F083FDF7EAF9A0EB0900B5
:10659000B04208D2019B002B019B03F1FF3308BFDF
:1065A00000260193D8E7D8E900315A68B1F5827F17
:1065B00022F0E0025A6014D0D8F82820B2F5005F2B
:1065C00007D11A6822F400521A601A6842F4005285
:1065D0001A600122002388F85D2088F85C300320CF
:1065E000CFE7D8F80820B2F5004F02D0B2F5806F9F
:1065F000E2D11A6822F040021A60DDE75000002064
:106600002DE9F04F83B09846002316468DF80330ED
:106610000C9C07460D46FDF7A3F94444A4EB000982
:10662000FDF79EF9384BD7F800B01A6802EB8202EA
:10663000C2EBC2031B0D09FB03F3824601935A46CA
:1066400093682B40B34216D0B5F5C06F0AD0B8F1AD
:10665000FF3F1ED1946805EA040C66450BD0B5F5E2
:10666000C06FF7D15EB1B8F1FF3F12D1936803F468
:10667000C0639E42F6D1002003B0BDE8F08F9BF8C6
:106680000C30DBB28DF80330B8F1FF3F9DF80330DA
:10669000E0D0FDF765F9A0EB0A0048450AD2019B5E
:1066A0003A68002B019B03F1FF3308BF4FF000094C
:1066B0000193C5E7D7E900315A68B1F5827F22F02E
:1066C000E0025A6013D0BA6AB2F5005F07D11A68C7
:1066D00022F400521A601A6842F400521A60012231
:1066E000002387F85D2087F85C300320C4E7BA6890
:1066F000B2F5004F02D0B2F5806FE4D11A6822F0F3
:1067000040021A60DFE700BF5000002070B582B081
:106710000D46164600920B4600224FF4C051044627
:10672000FFF76EFF80B9024600962B468021204677
:10673000FFF7FCFE024638B900962B464FF4C061C5
:106740002046FFF75DFF20B1236E43F02003236650
:10675000032002B070BD00BF704700BF002800F0EA
:106760009480426A2DE9F84F0446002A5AD000234B
:10677000C0E9043394F85D3003F0FF01002B5CD0D6
:106780002168E568022384F85D300B68B5F5E06F99
:1067900023F040030B6057D86BD1A66A4FF4805C9E
:1067A00006F40057636802F0100EA26803F48273C7
:1067B00002F404421343226902F0020213436269A5
:1067C00002F0010243EA020BD4E90602236A00F454
:1067D000007A02F0380803F080094BEA0A0343EA22
:1067E0000803626B43EA09033B4302F008020B60B3
:1067F000000C05F4706300F004001A43024342EAFF
:106800000E02B6F5005F42EA0C0226D04A60CB6960
:10681000002023F400630122CB61206684F85D2010
:10682000BDE8F88F4368B3F5827FA3D0C26194F8C6
:106830005D3003F0FF01002BA2D184F85C102046EC
:10684000FFF78AFF626A9BE7B5F5706F1FD1A66AF2
:106850004FF0000C06F40057A4E7236B7BB9B5F5A5
:10686000E06F17D9022323630B6843F400630B60C6
:1068700007E04FF4805C0027A7623E4692E7022BB8
:10688000F2D0A38D4A600B61C1E7012070474FF041
:10689000000CF0E701232363F3E700BF90F85C30BE
:1068A000012B70D010B590F85D3004460120834272
:1068B00084F85C004AD1002951D0002A4FD003202F
:1068C00084F85D00A068A2870023B0F5004F23661E
:1068D000C4E91333E287A16322682364A4F8443037
:1068E000A4F8463046D0A36AB3F5005F39D0606D96
:1068F000314BC362314B8362314B036300234363EB
:10690000536823F480435360E368B3F5E06F03D822
:106910004369B3F5806F38D0E38F0C329BB2FEF73A
:1069200013FAC0B923681A68520603D41A6842F0F1
:1069300040021A605A6842F020025A605A6842F0D7
:1069400002025A60002384F85C3010BD022000234C
:1069500084F85C3010BD236E43F0100323660120E1
:10696000F5E7136823F400531360136843F40053EE
:106970001360BCE7136823F040031360136843F40B
:1069800080431360AFE702207047E38F13F0010FDD
:10699000536807D123F480435360E38FC3F34E035E
:1069A000E387B9E743F480435360E38FC3F34E03B7
:1069B0000133E387B0E700BFCD690108016A010830
:1069C000DD690108704700BF704700BF08B5406A25
:1069D000FFF7FAFF08BD00BF704700BF406A0268BA
:1069E00008B5536823F003035360036E012143F09D
:1069F0001003036680F85D10FFF7EEFF08BD00BFCF
:106A000030B5054683B0446AFCF7AAFF2B681B68C3
:106A10009B0622D423680246586820F02000586064
:106A2000586820F00200586064212046FFF76EFE8F
:106A300018B1236E43F020032366A36833B922689C
:106A40000193D368019393680193019B0123002272
:106A5000E28784F85D30236E23B92046FFF7B2FF4A
:106A600003B030BD2046FFF7B7FF03B030BD00BF15
:106A700090F85D00704700BF036A026A22F00102CD
:106A8000026270B4446882690D6822F4803222F098
:106A900073022A438D6823F002032B43134DA8424F
:106AA0000FD005F50065A8420BD005F54065A8425A
:106AB00007D005F58065A84203D005F58065A8429A
:106AC0000DD1CD6823F008032B43D1E9056524F4EB
:106AD000407446EA050C23F004034CEA04044968B8
:106AE0004460826170BC416303627047002C0140C6
:106AF000036A026A22F48072026270B44468C26956
:106B00000D6822F4803222F073022A438D6823F448
:106B1000007343EA0523144DA8420FD005F5006524
:106B2000A8420BD005F54065A8420ED00F4DA842F3
:106B30000BD005F58065A8420FD106E0CD6823F49F
:106B4000006343EA052323F48063D1E9056524F457
:106B5000405446EA050C44EA0C1449684460C2619A
:106B600070BCC16303627047002C014000440140C7
:106B7000036A026A22F48052026230B44468C26935
:106B80000D6822F0807222F4E64242EA05228D6806
:106B900023F4005343EA05330F4DA8420FD005F507
:106BA0000065A8420BD005F54065A84207D005F561
:106BB0008065A84203D005F58065A84204D14D69DF
:106BC00024F4804444EA851449684460C26130BCBE
:106BD00001640362704700BF002C0140036A026A2F
:106BE00022F48032026230B44468426D0D6822F4AF
:106BF000803222F070022A438D6823F4003343EA86
:106C000005430F4DA8420FD005F50065A8420BD0F3
:106C100005F54065A84207D005F58065A84203D078
:106C200005F58065A84204D14D6924F4803444EA16
:106C3000052449684460426530BC81650362704741
:106C4000002C0140036A026A22F48012026230B40E
:106C50004468426D0D6822F0807222F4E04242EAFC
:106C600005228D6823F4001343EA05530F4DA84213
:106C70000FD005F50065A8420BD005F54065A84288
:106C800007D005F58065A84203D005F58065A842C8
:106C900004D14D6924F4802444EA85244968446081
:106CA000426530BCC1650362704700BF002C0140E3
:106CB000704700BF90F83D30012B22D10368164980
:106CC000022280F83D20DA688B4242F00102DA604D
:106CD00019D0B3F1804F16D0104A934213D002F569
:106CE000806293420FD002F5963293420BD002F5A8
:106CF0004062934207D01A6842F001021A600020F5
:106D00007047012070479968054A0A40062AF6D064
:106D1000B2F5803FEFD1F2E7002C014000040040C3
:106D20000700010010290AD8DFE801F01909090954
:106D30004F090909570909095F090909670090F80E
:106D40004330012B6AD10B1F0C2B5ED8DFE803F018
:106D5000415D5D5D495D5D5D515D5D5D590090F832
:106D60003E30012B5AD1022380F83E30036801F0F7
:106D70001F01186A01228A4020EA02001862186A7C
:106D80002E4902438B421A6243D02D4A934240D08F
:106D900002F5406293423CD002F5806293423FD0BC
:106DA00002F5806293423BD0B3F1804F3DD19968A8
:106DB000244A0A40062A06D0B2F5803F03D01A685A
:106DC00042F001021A600020704790F83F30012B1A
:106DD00024D1022380F83F30C8E790F84030012BDF
:106DE0001CD1022380F84030C0E790F84130012BDD
:106DF00014D1022380F84130B8E790F84230012BDB
:106E00000CD1022380F84230B0E7022380F84330EF
:106E1000ACE75A6C42F400425A64C8E7012070475C
:106E20005A6C42F400425A64C9E7074A9342BED002
:106E300002F580629342BAD0C1E700BF002C014046
:106E4000003401400700010000040040704700BF0B
:106E5000FFF768BF704700BF704700BF704700BFB3
:106E6000704700BF036870B5DE681D69A907044656
:106E700001D5B20751D46A0701D573073AD4280760
:106E800001D5310724D4EB0601D5F00610D4E9076B
:106E900001D5F20763D42B064CD5300667D46806BB
:106EA00001D571066DD4AA0601D5B3064ED470BDC6
:106EB00023686FF010021A6108222277DB6913F44D
:106EC000407F204671D0FFF7C7FF00232377DEE71E
:106ED00023686FF008021A6104222277DB699A079F
:106EE00020465FD1FFF7B6FF2046FFF7B7FF00232C
:106EF0002377C8E723686FF004021A610222227721
:106F00009B6913F4407F204649D1FFF7A3FF204639
:106F1000FFF7A4FF00232377B1E76FF002021A61A5
:106F2000012202779B69990733D0FFF795FF002371
:106F30002377A0E7EA05B2D53306B0D523686FF40E
:106F400080721A61204600F0CBF9A8E723686FF041
:106F5000200220461A61BDE8704000F0BDB92368E8
:106F60006FF001021A612046F9F7A6FF93E7236844
:106F70006FF080021A61204600F0B0F9E9058ED565
:106F8000DCE723686FF040021A612046FFF768FFD4
:106F900089E7FFF75FFF2046FFF760FFC7E7FFF7CE
:106FA0005BFFB7E7FFF758FFA1E7FFF753FF204666
:106FB000FFF754FF89E700BF304A0368904230B4BE
:106FC00022D0B0F1804F3AD0A2F59432904236D020
:106FD00002F58062904232D002F59632904213D090
:106FE000274A90423CD002F58062904238D002F5A8
:106FF0008062904234D00A688C684969C46223F088
:1070000080030B43826211E04C68CA6823F070036E
:10701000234323F4407313438A684C69C2620A68AD
:10702000826223F0800323430A690263026801211C
:1070300042F00402026030BC4161036070474A685C
:10704000CC6823F07003134323F440734A6923434D
:1070500023F080038C6813430A68C4628262E5E708
:10706000CC684A698D68C56223F44073234323F0DA
:10707000800313430A688262D6E700BF002C0140F8
:107080000040014070B310B590F83D30044603F065
:10709000FF0213B32146022384F83D3051F8040B5C
:1070A000FFF78AFF012384F8483084F83E3084F8E3
:1070B0003F3084F8403084F8413084F8423084F81E
:1070C000433084F8443084F8453084F8463084F8FE
:1070D000473084F83D30002010BD80F83C20FFF799
:1070E000E7FDD7E70120704770B310B590F83D3049
:1070F000044603F0FF0213B32146022384F83D3017
:1071000051F8040BFFF758FF012384F8483084F846
:107110003E3084F83F3084F8403084F8413084F8C1
:10712000423084F8433084F8443084F8453084F8A1
:10713000463084F8473084F83D30002010BD80F898
:107140003C20FFF783FED7E701207047036A026AFD
:1071500022F01002026270B4446882690D6822F065
:10716000807222F4E64242EA05228D6823F0200371
:1071700043EA0513144DA8420FD005F50065A84257
:107180000BD005F54065A8420ED0104DA8420BD09B
:1071900005F58065A8420FD106E0CD6823F0800395
:1071A00043EA051323F04003D1E9056524F4406464
:1071B00046EA050C44EA8C0449684460826170BC6C
:1071C00081630362704700BF002C0140004401400E
:1071D00038B590F83C30012B7CD0012304460D4695
:1071E00080F83C30142A0CD8DFE802F0220B0B0B9D
:1071F000320B0B0B430B0B0B530B0B0B640B0B0BDF
:1072000010000120002384F83C3038BD0068FFF7EF
:1072100019FD436D2A6943F400634365436D23F40C
:1072200080634365436D43EA022343650020E9E739
:107230000068FFF721FC83692A6943F00803836132
:10724000836923F004038361836913438361EDE75A
:107250000068FFF77BFF83692A6943F40063836159
:10726000836923F480638361836943EA0223836132
:10727000DCE70068FFF73CFCC3692A6943F00803B8
:10728000C361C36923F00403C361C3691343C361CA
:10729000CCE70068FFF76CFCC3692A6943F400631C
:1072A000C361C36923F48063C361C36943EA0223F2
:1072B000C361BBE70068FFF791FC436D2A6943F0A7
:1072C00008034365436D23F004034365436D134393
:1072D0004365ABE7022038BD704700BF704700BF71
:1072E000704700BFF8B500BFF8BC08BC9E467047A9
:0C72F000F8B500BFF8BC08BC9E46704713
:10730000000414D5D51404000000FEFEFE000000A9
:10731000000000000000FEFEFE000000FEFEFE86F3
:1073200086868686868686867878780000000606B9
:1073300006060606FEFEFE06060606060600000017
:10734000F8F8F8060606060606060606060606000D
:107350000000000000E0000000E00000E0188848A5
:1073600038F00000000000000000100808887000DD
:1073700000000000000000001008088870000000F5
:10738000000000000000000000001F1F1F60606080
:107390006060606060601F1F1F0000007F7F7F01D2
:1073A000010107070719191960606000000000005B
:1073B000000000007F7F7F00000000000000000050
:1073C0001F1F1F60606060606060606060606000E0
:1073D0000000000000000304030000000307040491
:1073E0000601000006060000000004060504040073
:1073F000000006060000000004060504040000006A
:10740000000000000000000000000000000000007C
:107410000000000000000000F80606060600FE80DE
:107420008080FE00FE8686860600F80606060600B8
:10743000FE80601806000000000000000606FE0640
:107440000600FE060606F80000000000000000002E
:1074500006FE0600FE000000FE00FE18E018FE001A
:10746000FE8686867800FE8686860600FE868686EE
:107470007800788686860600000000000000000084
:1074800000000000000000000000000000000000FC
:1074900000000000000000001F60606060007F01CD
:1074A00001017F007F61616160001F6060606000BA
:1074B0007F010618600000000000000060607F602F
:1074C00060007F6060601F00000000000000186026
:1074D000601F00001F6060601F007F0001007F00D0
:1074E0007F01010100007F61616160007F01071978
:1074F0006000606161611E0000000000000000008B
:107500000000000000000000000000000000F03F4C
:1075100059F3F8C21F6EA501000000000000000032
:107520000102030406070809010202020003020225
:107530000405060002070900020D080A000B0E0CE4
:1075400009000000740040018200360192002C0105
:10755000A4002201B9001801D2000E01EF000401BD
:107560001101FA003901F0006801E600A001DC0019
:10757000E201D2003002C8008D02BE00FB02B4005E
:107580007D03AA001504A000C50496008F058C0099
:10759000720682006D07780079086E008F0964001A
:1075A000A40A5A00AD0B5000A00C4600740D3C001C
:1075B000250E3200B20E28001D0F1E006B0F1400A6
:1075C000A20F0A00C70F0000000000000000004FDB
:1075D00000000700070000147F147F14242A7F2A6C
:1075E0001223130864623649552250000503000037
:1075F000001C2241000041221C0014083E0814080F
:10760000083E0808000000000000000000000060C4
:107610006000003E5149453E00427F4000426151BA
:1076200049462141454B311814127F1027454545E5
:10763000393C4A49493001710905033649494936FF
:10764000064949291E00363600000056360000085B
:1076500014224100141414141400412214080201CD
:10766000510906324979413E7E1111117E7F494907
:1076700049363E414141227F4141221C7F494949CF
:10768000417F090909013E4149497A7F0808087F7D
:1076900000417F41002040413F007F081422417F8C
:1076A000404040407E020C027E7F0408107F3E4135
:1076B00041413E7F090909063E4151215E7F09197A
:1076C0002946464949493101017F01013F40404077
:1076D0003F1F2040201F3F4038403F631408146381
:1076E000070870080761514945435C3A2D205B004B
:1076F000000000000000000000000000000000008A
:10770000000000404040404092492492492692495E
:10771000349249369249A49249A69249B49249B604
:10772000924D24924D26924D34924D36924DA49214
:107730004DA6924DB4924DB69269249269269269F3
:10774000349269369269A49269A69269B49269B634
:10775000926D24926D26926D34926D36926DA49244
:107760006DA6926DB4926DB69349249349269349C0
:10777000349349369349A49349A69349B49349B69F
:10778000934D24934D26934D34934D36934DA493AE
:107790004DA6934DB4934DB693692493692693698E
:1077A000349369369369A49369A69369B49369B6CF
:1077B000936D24936D26936D34936D36936DA493DE
:1077C0006DA6936DB4936DB69A49249A49269A4949
:1077D000349A49369A49A49A49A69A49B49A49B61C
:1077E0009A4D249A4D269A4D349A4D369A4DA49A24
:1077F0004DA69A4DB49A4DB69A69249A69269A690B
:10780000349A69369A69A49A69A69A69B49A69B64B
:107810009A6D249A6D269A6D349A6D369A6DA49A53
:107820006DA69A6DB49A6DB69B49249B49269B49D7
:10783000349B49369B49A49B49A69B49B49B49B6B6
:107840009B4D249B4D269B4D349B4D369B4DA49BBD
:107850004DA69B4DB49B4DB69B69249B69269B69A5
:10786000349B69369B69A49B69A69B69B49B69B6E6
:107870009B6D249B6D269B6D349B6D369B6DA49BED
:107880006DA69B6DB49B6DB6D24924D24926D249D0
:1078900034D24936D249A4D249A6D249B4D249B643
:1078A000D24D24D24D26D24D34D24D36D24DA4D213
:1078B0004DA6D24DB4D24DB6D26924D26926D26932
:1078C00034D26936D269A4D269A6D269B4D269B673
:1078D000D26D24D26D26D26D34D26D36D26DA4D243
:1078E0006DA6D26DB4D26DB6D34924D34926D349FF
:1078F00034D34936D349A4D349A6D349B4D349B6DE
:10790000D34D24D34D26D34D34D34D36D34DA4D3AC
:107910004DA6D34DB4D34DB6D36924D36926D369CC
:1079200034D36936D369A4D369A6D369B4D369B60D
:10793000D36D24D36D26D36D34D36D36D36DA4D3DC
:107940006DA6D36DB4D36DB6DA4924DA4926DA4987
:1079500034DA4936DA49A4DA49A6DA49B4DA49B65A
:10796000DA4D24DA4D26DA4D34DA4D36DA4DA4DA22
:107970004DA6DA4DB4DA4DB6DA6924DA6926DA6949
:1079800034DA6936DA69A4DA69A6DA69B4DA69B68A
:10799000DA6D24DA6D26DA6D34DA6D36DA6DA4DA52
:1079A0006DA6DA6DB4DA6DB6DB4924DB4926DB4916
:1079B00034DB4936DB49A4DB49A6DB49B4DB49B6F5
:1079C000DB4D24DB4D26DB4D34DB4D36DB4DA4DBBC
:1079D0004DA6DB4DB4DB4DB6DB6924DB6926DB69E4
:1079E00034DB6936DB69A4DB69A6DB69B4DB69B625
:1079F000DB6D24DB6D26DB6D34DB6D36DB6DA4DBEC
:107A00006DA6DB6DB4DB6DB6524541445920202094
:107A100020202020200000004C49474854204F4E91
:107A2000202020202000000044495350454E534957
:107A30004E4720202000000044524956494E47201E
:107A40002020202020000000534541524348494E49
:107A5000472020202000000049444C4520202020C1
:107A60002020202020000000524F544154494E470E
:107A700020202020200000005343414E4E494E4715
:107A800020202020200000005354414E4442592021
:107A9000202020202000000048454154494E472E18
:107AA0002E2E20202000000041524D454420202051
:107AB00020202020200000004452494C4C494E47D1
:107AC00020202020200000005041525420504943E3
:107AD0004B454420200000005052494E54494E4727
:107AE0002020202020000000454E47524156494E9C
:107AF00047202020200000004752495050494E475F
:107B0000202020202000000054454D503A20000045
:107B100020432020202020202020000052504D3AD9
:107B200020000000202020202020202020200000F5
:107B30004C41534552205057523A200020252020D6
:107B400020202000484F54454E443A2000000000B9
:107B500020432020202020200000000056414355D3
:107B6000554D3A2000000000202020202020200039
:107B70005354524F42453A200000000048495453A4
:107B80003A2000002020202020202020200000007B
:107B900053544550533A20002020202020202020FC
:107BA00000000000454E4453544F503A2048495479
:107BB00020200000454E4453544F503A204F50452A
:107BC0004E20000046494C4C000000004F4B000086
:107BD0004C494748543A204F464620202020000078
:107BE0004C494748543A2046495845442020000013
:107BF0004C494748543A205354524F4245200000C4
:107C0000434845434B204944204A554D5045525323
:107C1000000000005B20435249544943414C204539
:107C200052524F52205D00002053595354454D206D
:107C3000424C4F434B454420000000005431322059
:107C4000534F4C4445522049524F4E0050415354DB
:107C5000452044495350454E534552004C495155D7
:107C600049442044495350454E53520053435245D2
:107C70005744524956455220202020005641435532
:107C8000554D205049434B55502020004452494CFB
:107C90004C20424C3432363020202000475249508C
:107CA0005045522047494D42414C200047524950CF
:107CB000504552204E454D412031340056414355E8
:107CC000554D2047524950204C472000534D5420D9
:107CD0005049434B26504C4143452000414F4920D9
:107CE000494E5350454354494F4E20004C41534553
:107CF000522044494F4445203130570033442050EE
:107D000052494E5445522020563420005343414E90
:107D10002050524F4245202020202000454C454312
:107D200054524F4D41474E455420200053504F541C
:107D30002057454C4445522020202000434F4E46BA
:107D40004F524D414C20434F41542000464C59491D
:107D50004E472050524F4245202020005556204388
:107D60005552494E4720202020202000484F5420C3
:107D7000414952205245574F524B200050524553D3
:107D8000532D46495420494E535254004352494DB5
:107D900050494E47204143545541540054484552A0
:107DA0004D414C20494E535045435400504153548B
:107DB00045204A455454494E47202000554C5452C2
:107DC00041534F4E49432057454C44002D2D2D2DF6
:107DD0002D2D2D2D2D2D2D2D2D2D2D2D2D2D2D2DD3
:107DE00000000000204300005354455053205245EA
:107DF0004D3A20005354415455533A205245414482
:107E00005900000056414355554D204144433A2006
:107E1000000000004F424A3A200000005245414C09
:107E20002052504D3A200000534554504F494E5473
:107E30003A200000504F5745523A202020200000A1
:107E40004E4F5A5A4C453A004C46414E3A000000BB
:107E500052504D004846414E3A00000050455249AC
:107E60004F443A20000000005354415455533A20E7
:107E700041524D4544200000494D50414354533A2E
:107E8000202000004255532043414E204F4E4C4984
:107E90004E4500000000000000000000000000004F
:107EA00000000000000000000000000000000000D2
:107EB00000000000000000000000000000000000C2
:107EC00000000000000000000000000000000000B2
:107ED00000000000000000000000000000000000A2
:107EE0000000000000000000000000000000000092
:107EF0000000000000000000000000000000000082
:107F00000000000000000000000000000000000071
:107F10000000000000000000000000000000000061
:107F2000000000000000000F7F7F0F000000000035
:107F30000000000000000000000000000000000041
:107F40000000000000000000000000000000000031
:107F50000000000000000000000000000000000021
:107F60000000000000000000000000000000000011
:107F70000000000000000000000000000000000001
:107F800000000000000000000000000000000000F1
:107F900000000000000000000000FCFCFC1C1C1C99
:107FA0001C1C1C1C1C1C1C1C1C1C1C1C1C1C1C1C11
:107FB0001C1C1C1C1CFCFCFC000000000000000041
:107FC00000000000000000000000000000000000B1
:107FD00000000000000000000000000000000000A1
:107FE0000000000000000000000000000000000091
:107FF0000000000000000000000000000000000081
:108000000000000000000000000000000000000070
:1080100000000000000000000000FFFFFF00007FE4
:108020007F7F7F7F7F7F0000000000007F7F7F7F5A
:108030007F7F7F0000FFFFFF0000000000000000C6
:1080400000000000F0F0F000000000000000000060
:108050000000000000000000000000000000000020
:108060000000000000000000000000000000000010
:108070000000000000000000F0F0F03030F0F0E010
:108080000000E0F0F03030F0F0E0003030F0F0F0E0
:1080900030303000000000000000FFFFFF00000053
:1080A000C0C0C0C0C0C0C0C0C0C0C0C0C0C0C0C0D0
:1080B000C0C0000000FFFFFF000000000000000043
:1080C000C0C00000FFFFFF00FFFFFF0000FFFFFF39
:1080D00000009EDFDF636323FFFFFEFFFFFF02035D
:1080E000FFFFFE0000FEFFFF3333BFBFBE00FFFFF8
:1080F000FF0203FFFFFE0000FFFFFF1818FFFFE76E
:108100000000FFFFFF0000FFFFFF000000FFFFFF78
:1081100000000000000000000000FFFFFFE0E0E0C2
:10812000E1E1E1E1E1E1E1E1E1E1E1E1E1E1E1E13F
:10813000E1E1E0E0E0FFFFFF0000000000000000E0
:108140000F0F0C0C0F0F0700070F0F0C040F0F0F72
:108150000000070F0F0C0C040F0F0F0F0F0F000084
:108160000F0F0F0000070F0F0C0C0F0F07000F0F62
:108170000F00000F0F0F00000F0F0F0C0C0F0F0759
:108180000000070F0F0C0C0F0F070000000F0F0F60
:1081900000000000000000000000000000000000DF
:1081A000000000000F7F7F0F0000000000000000B3
:1081B00000000000000000000000000000000000BF
:1081C00000000000000000000000000000000000AF
:1081D000000000000000000000000000000000009F
:1081E000000000000000000000000000000000008F
:1081F000000000000000000000000000000000007F
:10820000000000000000000000000000000000006E
:1082100000000000000000000000FCFCFC1C1C1C16
:108220001C1C1C1C1C1C1C1C1C1C1C1C1C1C1C1C8E
:108230001C1C1C1C1CFCFCFC0000000000000000BE
:10824000000000000000000000000000000000002E
:10825000000000000000000000000000000000001E
:10826000000000000000000000000000000000000E
:1082700000000000000000000000000000000000FE
:1082800000000000000000000000000000000000EE
:1082900000000000000000000000FFFFFF00007F62
:1082A0007F7F7F7F7F7F0000000000007F7F7F7FD8
:1082B0007F7F7F0000FFFFFF000000000000000044
:1082C00000000000F0F0F0000000000000000000DE
:1082D000000000000000000000000000000000009E
:1082E000000000000000000000000000000000008E
:1082F0000000000000000000F0F0F03030F0F0E08E
:108300000000E0F0F03030F0F0E0003030F0F0F05D
:1083100030303000000000000000FFFFFF000000D0
:10832000F0F0F0F0F0F0F0F0F0F0F0F0F0F0F0F04D
:10833000F0F0000000FFFFFF000000000000000060
:10834000C0C00000FFFFFF00FFFFFF0000FFFFFFB6
:1083500000009EDFDF636323FFFFFEFFFFFF0203DA
:10836000FFFFFE0000FEFFFF3333BFBFBE00FFFF75
:10837000FF0203FFFFFE0000FFFFFF1818FFFFE7EB
:108380000000FFFFFF0000FFFFFF000000FFFFFFF6
:1083900000000000000000000000FFFFFFE0E0E040
:1083A000E3E3E3E3E3E3E3E3E3E3E3E3E3E3E3E39D
:1083B000E3E3E0E0E0FFFFFF00000000000000005A
:1083C0000F0F0C0C0F0F0700070F0F0C040F0F0FF0
:1083D0000000070F0F0C0C040F0F0F0F0F0F000002
:1083E0000F0F0F0000070F0F0C0C0F0F07000F0FE0
:1083F0000F00000F0F0F00000F0F0F0C0C0F0F07D7
:108400000000070F0F0C0C0F0F070000000F0F0FDD
:10841000000000000000000000000000000000005C
:10842000000000000000000F7F7F0F000000000030
:10843000000000000000000000000000000000003C
:10844000000000000000000000000000000000002C
:10845000000000000000000000000000000000001C
:10846000000000000000000000000000000000000C
:1084700000000000000000000000000000000000FC
:1084800000000000000000000000000000000000EC
:1084900000000000000000000000FCFCFC1C1C1C94
:1084A0001C1C1C1C1C1C1C1C1C1C1C1C1C1C1C1C0C
:1084B0001C1C1C1C1CFCFCFC00000000000000003C
:1084C00000000000000000000000000000000000AC
:1084D000000000000000000000000000000000009C
:1084E000000000000000000000000000000000008C
:1084F000000000000000000000000000000000007C
:10850000000000000000000000000000000000006B
:1085100000000000000000000000FFFFFF00000C52
:108520000C0C0C0C0C0C0000000000000C0C0C0CD3
:108530000C0C0C0000FFFFFF00000000000000001A
:1085400000000000F0F0F00000000000000000005B
:10855000000000000000000000000000000000001B
:10856000000000000000000000000000000000000B
:108570000000000000000000F0F0F03030F0F0E00B
:108580000000E0F0F03030F0F0E0003030F0F0F0DB
:1085900030303000000000000000FFFFFF0000004E
:1085A000C0C0C0C0C0C0C0C0C0C0C0C0C0C0C0C0CB
:1085B000C0C0000000FFFFFF00000000000000003E
:1085C000C0C00000FFFFFF00FFFFFF0000FFFFFF34
:1085D00000009EDFDF636323FFFFFEFFFFFF020358
:1085E000FFFFFE0000FEFFFF3333BFBFBE00FFFFF3
:1085F000FF0203FFFFFE0000FFFFFF1818FFFFE769
:108600000000FFFFFF0000FFFFFF000000FFFFFF73
:1086100000000000000000000000FFFFFFE0E0E0BD
:10862000E1E1E1E1E1E1E1E1E1E1E1E1E1E1E1E13A
:10863000E1E1E0E0E0FFFFFF0000000000000000DB
:108640000F0F0C0C0F0F0700070F0F0C040F0F0F6D
:108650000000070F0F0C0C040F0F0F0F0F0F00007F
:108660000F0F0F0000070F0F0C0C0F0F07000F0F5D
:108670000F00000F0F0F00000F0F0F0C0C0F0F0754
:108680000000070F0F0C0C0F0F070000000F0F0F5B
:1086900000000000000000000000000000000000DA
:1086A000000000000000000000000F7F7F0F0000AE
:1086B00000000000000000000000000000000000BA
:1086C00000000000000000000000000000000000AA
:1086D000000000000000000000000000000000009A
:1086E000000000000000000000000000000000008A
:1086F000000000000000000000000000000000007A
:108700000000000000000000000000000000000069
:1087100000000000000000000000FCFCFC1C1C1C11
:108720001C1C1C1C1C1C1C1C1C1C1C1C1C1C1C1C89
:108730001C1C1C1C1CFCFCFC0000000000000000B9
:108740000000000000000000000000000000000029
:108750000000000000000000000000000000000019
:108760000000000000000000000000000000000009
:1087700000000000000000000000000000000000F9
:1087800000000000000000000000000000000000E9
:1087900000000000000000000000FFFFFF00007F5D
:1087A0007F7F7F7F7F7F0000000000007F7F7F7FD3
:1087B0007F7F7F0000FFFFFF00000000000000003F
:1087C00000000000F0F0F0000000000000000000D9
:1087D0000000000000000000000000000000000099
:1087E0000000000000000000000000000000000089
:1087F0000000000000000000F0F0F03030F0F0E089
:108800000000E0F0F03030F0F0E0003030F0F0F058
:1088100030303000000000000000FFFFFF000000CB
:10882000F0F0F0F0F0F0F0F0F0F0F0F0F0F0F0F048
:10883000F0F0000000FFFFFF00000000000000005B
:10884000C0C00000FFFFFF00FFFFFF0000FFFFFFB1
:1088500000009EDFDF636323FFFFFEFFFFFF0203D5
:10886000FFFFFE0000FEFFFF3333BFBFBE00FFFF70
:10887000FF0203FFFFFE0000FFFFFF1818FFFFE7E6
:108880000000FFFFFF0000FFFFFF000000FFFFFFF1
:1088900000000000000000000000FFFFFFE0E0E03B
:1088A000E3E3E3E3E3E3E3E3E3E3E3E3E3E3E3E398
:1088B000E3E3E0E0E0FFFFFF000000000000000055
:1088C0000F0F0C0C0F0F0700070F0F0C040F0F0FEB
:1088D0000000070F0F0C0C040F0F0F0F0F0F0000FD
:1088E0000F0F0F0000070F0F0C0C0F0F07000F0FDB
:1088F0000F00000F0F0F00000F0F0F0C0C0F0F07D2
:108900000000070F0F0C0C0F0F070000000F0F0FD8
:108910000000000000000000000000000000000057
:108920000000000000000000FCFCFC7C7C7C7C7CE7
:108930007C7C7C7C7C7C7C000000FCFCFC7C7C7C6B
:108940007C7C7C7C7C7C808080000000FCFCFC7C4F
:108950007C7C7C7C7C7C7C7C8080800000008080B7
:10896000807C7C7C7C7C7C7C7C7C808080000000AB
:10897000FCFCFC7C7C7C7C7C7C7C7C7C8080800027
:1089800000000000000000000000000000000000E7
:1089900000000000000000000000000000000000D7
:1089A0000000000000000000FFFFFF0000000000CA
:1089B00000000000000000000000FFFFFF000000BA
:1089C000000000000000FFFFFF000000FFFFFF00AD
:1089D0000000000000000000FFFFFF000000FFFF9C
:1089E000FF000000000000000000FFFFFF0000008B
:1089F000FFFFFF000000000000000000FFFFFF007D
:108A00000000000000000000000000000000000066
:108A10000000000000000000000000000000000056
:108A20000000000000000000FFFFFF3E3E3E3E3E13
:108A30003E3E3E3E000000000000FFFFFF3E3E3E87
:108A4000FEFEFE3E3E3E010101000000FFFFFF3E34
:108A50003E3EFEFEFE3E3E3E010101000000FFFFE5
:108A6000FF000000000000000000FFFFFF0000000A
:108A7000FFFFFF3E3E3EFEFEFE3E3E3E0101010088
:108A800000000000000000000000000000000000E6
:108A900000000000000000000000000000000000D6
:108AA0000000000000000000FFFFFF0000000000C9
:108AB00000000000000000000000FFFFFF000000B9
:108AC000070707F8F8F8000000000000FFFFFF00AC
:108AD0000000070707F8F8F8000000000000FFFF9B
:108AE000FF000000000000000000FFFFFF0000008A
:108AF000FFFFFF000000070707F8F8F8000000007C
:108B00000000000000000000000000000000000065
:108B10000000000000000000000000000000000055
:108B200000000000000000001F1F1F1F1F1F1F1F4D
:108B30001F1F1F1F1F1F1F0000001F1F1F000000FF
:108B40000000000000001F1F1F0000001F1F1F006B
:108B500000000000000000001F1F1F0000000000B8
:108B6000001F1F1F1F1F1F1F1F1F000000000000EE
:108B70001F1F1F0000000000000000001F1F1F003B
:108B800000000000000000000000000000000000E5
:108B9000000000000000000000000080C0E0F0F8CD
:108BA0007C3A140800806018040E1F0F07030100B0
:108BB000000000000000000000000080C0E0F4FAA7
:108BC0007D38140800806018040E1F0F0703010091
:108BD000000000000000000000000080C0E0F4FA87
:108BE0007D38110600806018040E1F0F0703010076
:108BF000000000000000000000000080C0E0F0F86D
:108C00007C3A110600806018040E1F0F0703010054
:108C10000000000000000000F809090F0F0909F822
:108C200000000000000000000302CEFEFECE0203A2
:108C30000000000000000000F80A0A0E0F0909F801
:108C4000000000000000000003E2EEFEFECE020382
:108C50000000000000000000F80A0A0E0E0A0AF8E0
:108C6000000000000000000003E2EEFEFEEEE20362
:108C70000000000000000000F809090F0E0A0AF8C1
:108C800000000000000000000302CEFEFEEEE20342
:108C90000000000000000000F809090F0F0909F8A2
:108CA000000000000000000003024EFEFE4E020322
:108CB0000000000000000000F80A0A0E0F0909F881
:108CC000000000000000000003028EDEFE4E0203E2
:108CD0000000000000000000F80A0A0E0E0A0AF860
:108CE000000000000000000003028EDE9E0E020362
:108CF0000000000000000000F809090F0E0A0AF841
:108D0000000000000000000003024EFE9E0E020361
:108D10000000000000000000000080C0E07C224154
:108D20004141221C40A0583C0E07030100000000F6
:108D30000000000000000000000080C0E07C224134
:108D40004141221CA060583C0E07030100000000B6
:108D50000000000000000000000080C0E07C224114
:108D6000C141221CA060685C0E07030100000000E6
:108D70000000000000000000000080C0E07C2241F4
:108D8000C141221C40A0685C0E07030100000000E6
:108D900000000000000000C0C0C0C0FFFFC0C0C095
:108DA000C0000000000000010F1F1F1F1F1F1F0F2A
:108DB0000100000000000000808080FFFF808080B4
:108DC0000000000000000000031F1F1F1F1F1F03E3
:108DD0000000000000000000000000FFFF00000095
:108DE000000000000000000000071F1F1F1F0700F9
:108DF0000000000000000000000000FFFF00000075
:108E000000000000000000000000001F1F00000024
:108E1000000000000000FEC2C2C2C2C2C242427EC6
:108E2000000000000000000000000204C810200044
:108E3000000000000000FEC2C2C2C2C2C242427EA6
:108E4000000000000000000000002010C804020024
:108E5000000000000000FEC2C2C2C2C2C242427E86
:108E6000000000000000000000000204C810200004
:108E7000000000000000FEC2C2C2C2C2C242427E66
:108E8000000000000000000000002010C8040200E4
:108E90000000000000C0F0180C04C6C6C6C6040CD2
:108EA00018F0C00000030F183020636363632030A4
:108EB000180F030100C0F0180C04C6C6C6C6040C87
:108EC00018F0C00000030F1830206363E363203004
:108ED000180F030000C0F0180C04C6C6C6C6040C68
:108EE00018F0C00001030F18302063636363203063
:108EF000180F030000C0F0180C04C6C7C6C6040C47
:108F000018F0C00000030F18302063636363203043
:108F1000180F030000C0C0C0C080BFA1A1BF80C0A7
:108F2000C0C0C00000FFFFFFFF000000000000FF06
:108F3000FFFFFF00000000C0C0C0FFA1A1BF80C0B4
:108F4000C0C0C000000000FFFFFFFF78000000FF6E
:108F5000FFFFFF00000000C0C0C0FFA1A1FFC0C014
:108F6000C0000000000000FFFFFFFF7878FFFFFF58
:108F7000FF00000000C0C0C0C080BFA1A1FFC0C0F2
:108F8000C000000000FFFFFFFF00000078FFFFFFB0
:108F9000FF00000000804024289050B0B05090287E
:108FA000244080000001020404090A0D0D0A09048E
:108FB000040201008080C2242890D0F0B050902894
:108FC000244080000001020404090B0F0D0A09046B
:108FD000040201008080C2242890D0F0F0D09028B4
:108FE00024C280800001020404090B0F0F0B090446
:108FF0000402010000804024289050B0F0D0902856
:1090000024C280800001020404090A0D0F0B090428
:1090100004020100000000008060100C820C10604F
:10902000800000000000000000038458E058840322
:1090300000000000000000008060D0ECE20C106036
:1090400080000000000000008083455BE05884033E
:1090500000000000000000008060D0ECE2ECD06076
:1090600080000000000000008083455BE35B4583D7
:1090700080000000000000008060100C82ECD060D6
:10908000800000000000000000038458E35B45837B
:10909000800000000000000000001F7F7F1F000014
:1090A000000000000000028AAAAAAAAAAAAAAAAAE4
:1090B0008A0200000000808080808080001F000005
:1090C000000000000000028AAAAAAAAAAAAAAAAAC4
:1090D0008A0200000000808080808080809FFFFFE7
:1090E0009F8000000000028AAAAAAAAAAAAAAAAA85
:1090F0008A0200000000000000001F7FFF9FFFFFAA
:109100009F8000000000028AAAAAAAAAAAAAAAAA64
:109110008A020000808080C0201088CFCF88102075
:10912000C080808001010103040811F3F3110804D9
:10913000030101018080C0B0080884CFCF881020CF
:10914000C08080800101030D101021F3F311080489
:10915000030101018080C0B0080884CFCF840808D3
:10916000B0C080800101030D101021F3F321101015
:109170000D030101808080C0201088CFCF840808B3
:10918000B0C0808001010103040811F3F321101025
:109190000D0301010000000000E0E0FFE0E0E0005E
:1091A0000000000000000038282828282828282847
:1091B000380000000000000000C0C0FFC0C0C000B8
:1091C0000000000000000038282929292929292821
:1091D0003800000000000000008080FF80808000D8
:1091E0000000000000000038282B2B2B2B2B2B28F5
:1091F000380000000000000000C0C0FFC0C0C00078
:1092000000000000000000382829292929292928E0
:109210003800000000008080000000000000000016
:109220000080800000707F7F7C1830303030187CE8
:109230007F7F7F00000080800000000000000000B1
:109240000080800000707F7F7CF830303030F87C08
:109250007F7F7F0000008080000000000000000091
:109260000080800000707F7F7CF830303030F87CE8
:109270007F7F7F0000008080000000000000000071
:109280000080800000707F7F7C1830303030187C88
:109290007F7F7F0000000001071C70C0808040704D
:1092A0001C070100000000000004E77F3F0C0400E1
:1092B0000000000000000001071C7040000040702A
:1092C0001C07010000000000000000020800000070
:1092D0000000000000000001071C70C0808040708A
:1092E0001C070100000000000004E77F3F0C0400A1
:1092F0000000000000000001071C704000004070EA
:109300001C0701000000000000000002080000002F
:1093100000000000000000000000CF7FCF8F0000A1
:10932000000000000000241E661D133811071A6695
:109330001F220000000000000000CF7FCF8F000040
:10934000000000000000241E661D133811071A6675
:109350001F220000000000000000CF7FCF8F000020
:10936000800000000000221F661D237021071A657F
:109370001B210000000000000000CF7FCF8F000005
:10938000000000000000241E661D133811071A6635
:109390001F22000030F8F8B0B0F8F8B0B0F8F8B01C
:1093A000B0F8F8B000000000007050505F505070EE
:1093B0000000000020F0F0A0A0F0F0A0A0F0F0A0CD
:1093C000A0F0F0A000000000007050505F505070FE
:1093D0000000000030F8F8B0B0F8F8B0B0F8F8B01D
:1093E000B0F8F8B000000000007050505F505070AE
:1093F0000000000010B8B89090B8B89090B8B8903D
:1094000090B8B89000000000007050505F5050704D
:109410000000000000000000040E1C3870E0C08056
:1094200000000000000C30C0300C00000000010300
:10943000070F030000000000040E1C183060E0C09D
:1094400080808000000C30C0300C00000000000163
:109450000307010000000000040E1C183060E0C08B
:1094600080808000000C30C0300C00000000000143
:109470000307010000000000040E1C3870E0C080EB
:1094800000000000000C30C0300C000000000103A0
:10949000070F0300000000000018FCFEFEFC18008F
:1094A00000000000000001122420013D01012024E1
:1094B00012010000000000000018FCFEFEFC180075
:1094C00000000000000102122440017D010140243F
:1094D00012020100000000000018FCFEFEFC180053
:1094E00000000000000102122440017D010140241F
:1094F00012020100000000000018FCFEFEFC180033
:1095000000000000000001122420013D0101202480
:109510001201000000000000607CFFFFFFFF7C6084
:109520000000000000000000002A140000142A00BF
:109530000000000000000000607CFFFFFFFF7C6077
:10954000000000000000000000142A00002A14009F
:109550000000000000000000607CFFFFFFFF7C6057
:109560000000000000000000002A140000142A007F
:109570000000000000000000607CFFFFFFFF7C6037
:10958000000000000000000000142A00002A14005F
:10959000000000000000000000FF81818181FF00C9
:1095A0000000000000000000041C7FFF7F3F0C044F
:1095B000000000000000000000FF81818181FF00A9
:1095C000000000000000000008187FFF7F3F18081F
:1095D000000000000000000000FF81818181FF0089
:1095E000000000000000000010307FFF7F3F3010BF
:1095F000000000000000000000FF81818181FF0069
:10960000000000000000000008187FFF7F3F1808DE
:109610000000000000030C1C3870E0C0C0E070388F
:109620001C0E0700000000000000737F0F7F700019
:109630000000000000030C1C3870E0C0C0E070386F
:109640001C0E07000000000000707F0F030F7E70EB
:109650000000000000030C1C3870E0C0C0E070384F
:109660001C0E070000000000707E0F0303030E7E37
:109670007000000000030C1C3870E0C0C0E07038BF
:109680001C0E07000000000000707F0F030F7E70AB
:10969000000000000000F01010905050505E9E1E20
:1096A0001EFE000000001F101013141514141310D8
:1096B000101F00000000F01010905050505E9E1ED1
:1096C0001EFE000000001F101013141414141310B9
:1096D000101F00000000F01010905050505E9E1EB1
:1096E0001EFE000000001F10101314151414131098
:1096F000101F00000000F01010905050505E9E1E91
:109700001EFE000000001F10101314141414131078
:10971000101F000000000007FFFFFFFFFFFFFFFF1B
:10972000070000000000000000307BFFFF7B3000DE
:109730000000000000000007FFFFFFFFFFFFFFFF2A
:1097400007000000000000000070FBFBFBFB700046
:109750000000000000000007FFFFFFFFFFFFFFFF0A
:1097600007000000000000000060F3F3F3F3600066
:109770000000000000000007FFFFFFFFFFFFFFFFEA
:1097800007000000000000000060F3F3F3F3600046
:1097900000000000000000C0FCFFFFFFFFFFFFFC17
:1097A000C0000000545454440000030303030000AD
:1097B00044545454000000C0FCFFFFFFFFFFFFFCB7
:1097C000C00000005454544400000303030300008D
:1097D00044545454000000C0FCFFFFFFFFFFFFFC97
:1097E000C0000000545454000000030303030000B1
:1097F00000545454000000C0FCFFFFFFFFFFFFFCBB
:10980000C00000005454544400000303030300004C
:10981000445454540102030405060708090A0B0CBA
:109820000D0E0F1002030405060708090A0B0C0DA4
:049830000E0F1010F7
:089834004823FF7F0100000042
:04983C00F1810008AE
:04984000C9810008D2
:10984400040000200000000084000020EC00002040
:10985400540100200000000000000000000000008F
:1098640000000000000000000000000000000000F4
:1098740000000000000000000000000000000000E4
:1098840000000000000000000000000000000000D4
:1098940000127A000100000001000000FF0083852F
:0898A400FF01010010000000AB
:040000050800C0CD62
:00000001FF
