:020000040800F2
:1080000000A0002085870008D5870008D5A60008B5
:10801000D5870008D5870008D58700080000000034
:10802000000000000000000000000000D5870008EC
:10803000D587000800000000D587000829A800089F
:10804000D5870008D5870008D5870008D5870008A0
:10805000D5870008D5870008D5870008D587000890
:10806000D587000819A80008D5870008D58700081B
:10807000D58700080DAD0008D5870008D587000812
:10808000D5870008D5870008D5870008D587000860
:10809000C9A60008D5870008D587000821A80008D0
:1080A000D5870008D5870008D5870008D587000840
:1080B000D58700082DA80008D5870008D5870008B7
:1080C000D5870008D5870008D5870008D587000820
:1080D000D5870008D5870008D5870008D587000810
:1080E000D5870008D5870008D5870008D587000800
:1080F000D5870008D5870008D5870008D5870008F0
:10810000000000000000000000000000D58700080B
:10811000D5870008D5870008D5870008D5870008CF
:10812000D5870008D5870008D5870008D5870008BF
:10813000D5870008D5870008000000000000000077
:10814000D5870008D5870008D58700080000000003
:10815000000000000000000000000000000000001F
:108160000000000000000000D5870008D587000847
:10817000D58700080000000000000000000000009B
:0881800000000000D587000893
:108188000348044B834202D0034B03B1184770479E
:108198001400002014000020000000000548064BD1
:1081A8001B1AD90F01EBA301491002D0034B03B1ED
:1081B8001847704714000020140000200000000039
:1081C80010B5064C237843B9FFF7DAFF044B13B117
:1081D8000448AFF300800123237010BD180000206D
:1081E80000000000DC00010808B5044B1BB104497D
:1081F8000448AFF30080BDE80840CFE70000000066
:108208001C000020DC00010853B94AB9002908BF46
:1082180000281CBF4FF0FF314FF0FF3000F06AB963
:10822800ADF1080C6DE904CE00F006F8DDF804E0C5
:10823800DDE9022304B070472DE9F047089D0E469A
:1082480004460F46002B4AD194468C45B2FA82F276
:1082580060D942B1C2F12003974020FA03F30CFA27
:1082680002FC1F4394404FEA1C4E1FFA8CF6B7FBE2
:10827800FEF1230C0EFB117743EA074301FB06F0DE
:1082880098420AD91CEB030301F1FF3780F01581EE
:10829800984240F21281023963441B1AA4B2B3FB1C
:1082A800FEF00EFB103344EA034400FB06F6A64238
:1082B8000AD91CEB040400F1FF3380F00081A642C8
:1082C80040F2FD806444023840EA0140A41B0021CA
:1082D8001DB1D4400023C5E90043BDE8F0878B42B7
:1082E80005D90DB1C5E9000100210846F5E7B3FA43
:1082F80083F1002946D1B34202D3824200F2F580CD
:10830800841A66EB030201201746002DE5D0C5E963
:108318000047E2E7002A40F09380A1EB0C034FEA04
:108328001C471FFA8CFE0121B3FBF7F607FB16303A
:10833800230C43EA00430EFB06F0984208D91CEBD5
:10834800030306F1FF3802D2984200F2D080464675
:108358001B1AA4B2B3FBF7F007FB103344EA03443B
:108368000EFB00FEA64508D91CEB040400F1FF3300
:1083780002D2A64500F2B6801846A4EB0E0440EAE5
:108388000640A5E7C1F120078B4022FA07FC4CEA1A
:10839800030C06FA01FE20FA07F426FA07F344EA6A
:1083A8000E0400FA01F84FEA1C404FEA1449B3FBE7
:1083B800F0FE1FFA8CF600FB1E3349EA03430EFB5E
:1083C80006F9994502FA01F20BD91CEB03030EF1E9
:1083D800FF3A80F08580994540F28280AEF1020E26
:1083E8006344A3EB0909A4B2B9FBF0F300FB1399AA
:1083F80044EA094403FB06F6A64208D91CEB040428
:1084080003F1FF3068D2A64266D9023B644443EACE
:108418000E40A41BA0FB02E6B4427346B14652D3F9
:108428004FD05DB1B8EB030264EB090404FA07F717
:1084380022FA01F31F43CC40C5E9007400214CE740
:10844800C2F1200120FA01F30CFA02FC26FA01F12C
:10845800964033434FEA1C471FFA8CFEB1FBF7F0F6
:1084680007FB1016190C41EA064100FB0EF68E4276
:1084780004FA02F408D91CEB010100F1FF382DD2EF
:108488008E422BD902386144891B9BB2B1FBF7F6A7
:1084980007FB161143EA014306FB0EF1994208D97E
:1084A8001CEB030306F1FF3814D2994212D9023E9D
:1084B80063445B1A46EA004136E73946EDE618465A
:1084C80002E7F045ADD2BEEB020366EB0C060138BD
:1084D800B146A6E74646ECE7034698E74046D3E7A9
:1084E800D6467EE76444023847E708460DE7023E71
:1084F80063442DE7704700BF70B50F4B0F4DAB427B
:10850800A3EB050607D0B610002455F8043B013448
:108518009847A642F9D807F0DDFD094D094B5E1BC7
:10852800AB424FEAA60606D0002455F8043B0134B6
:108538009847A642F9D870BDA41E0108A41E0108D8
:10854800A41E0108A81E0108830730B547D0541E91
:10855800002A3ED0CAB2034601E0013C39D303F8F1
:10856800012B9D07F9D1032C2CD9CDB205EB05259C
:108578000F2C05EB054535D9A4F1100222F00F0C9C
:1085880003F1100EE6444FEA121C1A46C2E90055E0
:10859800C2E9025510327245F8D10CF1010214F00B
:1085A8000C0F03EB021204F00F0C13D0ACF1040310
:1085B80023F003030433134442F8045B9342FBD1D2
:1085C8000CF003042CB1C9B21C4403F8011BA342EC
:1085D800FBD130BD64461346002CF4D1F9E70346BD
:1085E8001446C0E71A46A446E0E700BF844641EABD
:1085F800000313F003036DD1403A41D351F8043B13
:1086080040F8043B51F8043B40F8043B51F8043B64
:1086180040F8043B51F8043B40F8043B51F8043B54
:1086280040F8043B51F8043B40F8043B51F8043B44
:1086380040F8043B51F8043B40F8043B51F8043B34
:1086480040F8043B51F8043B40F8043B51F8043B24
:1086580040F8043B51F8043B40F8043B51F8043B14
:1086680040F8043B51F8043B40F8043B51F8043B04
:1086780040F8043B51F8043B40F8043B403ABDD273
:10868800303211D351F8043B40F8043B51F8043B15
:1086980040F8043B51F8043B40F8043B51F8043BD4
:1086A80040F8043B103AEDD20C3205D351F8043BA4
:1086B80040F8043B043AF9D2043208D0D2071CBF70
:1086C80011F8013B00F8013B01D30B880380604699
:1086D800704700BF082A13D38B078DD010F003030F
:1086E8008AD0C3F10403D21ADB071CBF11F8013B7F
:1086F80000F8013B80D331F8023B20F8023B7BE7CE
:10870800043AD9D3013A11F8013B00F8013BF9D2F8
:108718000B7803704B7843708B7883706046704792
:10872800032A30B415D941EA0004A40784460B464D
:1087380004D0541E0FE0043A032A08D919466046AB
:1087480053F8044B5CF8045BA542F4D0F1E76046AB
:108758001946541E7AB1431E0139021901E09A42A2
:1087680009D013F8010F11F801CF6045F7D0A0EB3D
:108778000C0030BC7047002030BC7047DFF834D0A4
:1087880000F026F80C480D490D4A002302E0D458A1
:10879800C4500433C4188C42F9D30A4A0A4C002343
:1087A80001E013600432A242FBD3FFF7A5FE00F0FC
:1087B8001BF8FEE700A000200000002014000020A5
:1087C800AC1E0108180000208C040020FEE7000001
:1087D800034AD2F8883043F47003C2F888307047EF
:1087E80000ED00E0000000002DE9F04F2DED028BB8
:1087F800A94BAA4AAA4D9A60B1B003F0E5FF01F06F
:10880800FDFC01F02FFD02F0F5FA01F055FB01F037
:108818009DFD01F08DFC01F067FE01F029FC01F0DF
:1088280059FC2A7800230321CDE90B31CDE90D331A
:108838000F937AB12B78042B02D02B780A2B09D10D
:10884800012398480B930BA905F05AFA0B2001F065
:10885800EFFE09E001244FF090400BA90B9405F0BE
:108868004FFA204601F0E4FE2B780A2B00F07382C1
:108878002B78052B00F06A822B78092B00F0668292
:1088880006AB039310AB13AC02932B780B2B00F0C1
:108898008A822B78012B0FD02B78022B0CD02B78C7
:1088A800032B09D02B78062B06D02B78072B03D067
:1088B8002B780A2B40F086827B497C4FDFF8208298
:1088C8000323C7E90013384640F2E733BB6006F0DC
:1088D80049F802F0B1FA02F003FC01F0DFF901F007
:1088E80061FA002003F038F9DDF808A000263846C0
:1088F80006F066F8002E00F06D817207F3B200F002
:10890800958103F03BFE013603F062FE03F0CCFED6
:1089180003F08AFE03F0A8FE01F030F801F0E8F851
:10892800642003F075FF322EE1D1614B00241C70E6
:10893800E0B2013402F004FE082CF9D19FED548B0B
:108948000026DFF8A0B15B4CDFF89CA1B146B04629
:108958003746564806F034F89BF80030002B50D1C3
:1089680003F050FF544B1B78002BA0EB07000CBF03
:108978004FF4FA736423984280F0228103F042FF97
:10898800A0EB0900132800F2078103F03BFF801BCE
:10899800B0F5FA7F80F0FA8003F034FFA0EB08000E
:1089A800952800F2A380454B1B78002B6AD101F073
:1089B800A9FF434B1B78002B5BD12B78082B27D0C2
:1089C8009AF80030002BC4D003F01CFF3D4B1B6805
:1089D800C01A0028BDDB00228AF80020114602EBED
:1089E80042030132E1542344082A59709970F6D1A0
:1089F80002F01EF82D4805F0E3FF9BF80030002B2D
:108A0800AED0002330488BF8003004F08BFDA7E788
:108A18002E4B1B78002BD3D02C4B00221A702C4BDA
:108A2800198889B2012938BF0121B1F5FA7F28BF19
:108A38004FF4FA71274B187802EB4203C0B2E054A6
:108A4800254800782344C0B2587024480078013281
:108A5800C0B2082A9870EDD1019101F0E9FF03F046
:108A6800D1FE0199174B0144196001238AF800309F
:108A7800A6E701F09FFF10B1114A0023137001F01F
:108A8800D7FF9AE703F0B8F891E700BFAFF300808B
:108A9800000000000000000000ED00E00080000879
:108AA800950300200004004800300040C800002062
:108AB80004000020AC0000208600002052000020A6
:108AC80050000020540000202C0300204C000020FF
:108AD8005A0000204F0000204E0000204D000020CA
:108AE800FC0B0108850000205800002003F08AFED6
:108AF800804600F0F3FE00F01BFF03F005FD03F0D5
:108B080021FD03F0F7FDB64A13780133DBB2022BDF
:108B180007D9B44A1378013303F003031370B04A3A
:108B28000023137003F098F82B7800228DED128B38
:108B38008DF85420002B60D02B780A2B00F0918000
:108B48002B78042B00F0C6802B78052B00F0D28000
:108B58002B78092B00F0E5802B78082B7FF423AFC6
:108B6800A14B1B788DF8143040F2551310939F4891
:108B78000123149304F07AFD00283FF414AF039BFB
:108B880002999A4805AA04F0FBFC0CE703F03AFEA8
:108B9800064602F03FFBFFE603F034FE814600F094
:108BA800EDFE00F0A5FF03F0E9FC03F011FD03F072
:108BB8007BFD03F0BBFD03F037FD03F055FDE4E654
:108BC80003F020FE4FF4004107464FF0904005F0B7
:108BD8009BF9D3E603F0D2FC03F0FAFC03F064FD42
:108BE80003F022FD03F040FD00F0C8FE00F080FF16
:108BF800642003F00DFE012679E67D4A1388C3F34D
:108C080007238DF8143013888DF81530764B1B78B0
:108C18008DF8163040F235131093744803231493DB
:108C280004F024FD00283FF4BEAEA8E7C3F3C10357
:108C380003EB830308EBC3190224802249465046FC
:108C4800FFF7D4FC20460021013402F0B3F8E4B267
:108C58008021504602F090F8072C09F18009ECD1E8
:108C68004FE6634A61481388C3F307238DF814302D
:108C780013888DF8153040F275131093022314935E
:108C880004F0F4FC00285AD15A4A584813681B0AC1
:108C98008DF8143013688DF8153040F2771310935F
:108CA8000223149304F0E2FC002841D1524A4F48B1
:108CB80013681B0A8DF8143013688DF8153040F2CC
:108CC800791310930223149304F0D0FC00283FF486
:108CD8006AAE54E7494A1388C3F307238DF8143062
:108CE80013888DF81530464B1B788DF8163040F2F6
:108CF800451391E740F2471310930323149372B678
:108D0800404B1B6862B65BBAADF81430364B374837
:108D18001B788DF8163004F0A9FC00283FF443AE08
:108D28002DE7314B1B788DF8143040F265131DE7A1
:108D3800039B02992D4805AA04F022FCB6E7039B81
:108D480002992A4805AA04F01BFC9DE740F67F40DB
:108D580001F0F8FB94E540F6FF1001F0F3FB06A8DC
:108D680003210026202202230390099101270146AE
:108D780013AC4FF09040CDE9062308960A9704F00B
:108D8800BFFF01F01FFC10AB1396029366601946F3
:108D980040224FF404134FF09040CDE9102312976E
:108DA80004F0AEFF71E500231393082263604FF4CB
:108DB8000413CDE91023144802990123129304F0F7
:108DC8009FFF79E50023CDE913331193082201238E
:108DD8000D4802991092129304F092FF6CE500BFBF
:108DE8003400002035000020440000202C0300201F
:108DF800A2000020880000206C0000209E000020B7
:108E08009D0000209400002000040048274B1A68A9
:108E1800B2F5A87F00D070471B69022BFBD9244903
:108E2800244AB1F801302448097811705BBA0380EC
:108E38001378012BD9B214D01378022B14D0002345
:108E48001E4A194603EB430C02EB0C000133082BB6
:108E580002F80C1041708170F4D1194B01221A707C
:108E68007047184B1970704700B572B61649174A03
:108E7800174B91F800E092F800C018785FFA8EFE60
:108E88005FFA8CFCC0B262B60C4A002101EB4103C8
:108E9800013102F803E01344082983F801C09870EF
:108EA800F4D1074B01221A705DF804FB100300206F
:108EB800080300205C0000205A000020AC000020BD
:108EC800500000204C0000204F0000204E000020E1
:108ED8004D00002038B5274C274B2246002104F0CE
:108EE800D9FB00B138BD03F08DFC244D244B18602C
:108EF80000F0F6F92B781BB12368B3F5807FF1D128
:108F080000F092F82B78002BECD11E4B1B780A2B23
:108F1800E8D801A252F823F0558F00084D8F0008B9
:108F28004D8F00084D8F0008ED8E0008758F0008E2
:108F38004D8F00084D8F00086D8F0008658F000861
:108F48005D8F0008BDE8384000F0BEBBBDE8384082
:108F580000F0A8BCBDE8384000F002BCBDE83840CD
:108F680000F06EBBBDE83840FFF750BFBDE83840A1
:108F780000F00AB810030020080300208600002033
:108F8800400000209503002038B51F4B1A68B2F541
:108F9800A07F00D038BD1B69012BFBD91B4B1B7868
:108FA800002BF7D11A4D1B4C2B78237003F02AFCA9
:108FB8006A78194BA2F10102B2FA82F218605209DA
:108FC80010214FF0904004F099FF2378134A144978
:108FD80040F67F4000FB03F3A2FB03230968114816
:108FE800DB094B63237803F0FF0233B1BDE8384057
:108FF80001224FF4007104F081BFBDE838404FF4FE
:10900800007104F07BBF00BF1003002004000020A3
:10901800080300209C0000207C00002081808080C4
:1090280070020020000400482DE9F041994D2B689A
:10903800B3F5C07F92B03ED0B3F5C17F6FD0B3F522
:10904800C97F09D0B3F5807F03D12B69082B00F0C5
:10905800AC8012B0BDE8F0812B69042BF9D18E4B9E
:109068001A78E32AF5D15A78A52AF2D19A78E02A13
:10907800EFD1DE78FF2EECD11D2231460AA8FFF78A
:1090880063FA1D220AA9002000F0CEFE0024834BBB
:1090980083481C701D222146FFF756FA81481D227D
:1090A8003146FFF751FA804804F0E0FA002840F012
:1090B800DC802B68C6E72B69012BCAD9764A14785D
:1090C800072CA04603F1FF3328BF4FF00708984547
:1090D8002BD8002204214FF090408DF8108004F026
:1090E8000DFF002C00F09C806B4F04AE002417F895
:1090F800010F00F013FE0134E4B2444506F8010FF5
:10910800F5D34FF090400122042104F0F7FE6648A1
:1091180004F0ACFA98BB2B68B3F5C17F8FD16248D5
:1091280004F0A4FA60B92B6889E75FFA83F8002293
:1091380004214FF090408DF8108004F0DFFED3E753
:109148004FF40041594804F0D3FEA0F10100B0FAF1
:1091580080F0400940F283120123002100260027F5
:109168008DF808000A920E938DF83C1004AB02AA01
:109178000AA94D48CDE90C6704F002FAD3E708F1D3
:1091880001085FFA88F240F28110002100260027CA
:109198000A900E928DF83C1002AB04AA0AA9424824
:1091A800CDE90C6704F0ECF9B5E73B4F404B414A79
:1091B80079783878187001245970B97899701470D2
:1091C80003F020FB3C4B3D49FA783D4E3D4D00F500
:1091D8001C50103008601A703B4A3B791470337089
:1091E8003A4C7B792B703A4ABB7923701278FB7919
:1091F800082A17D037496BB30022307802EB4203B4
:10920800C0B2C85428780B44C0B2587020780132D4
:10921800C0B2082A9870F0D12F4B01221A7018E7B3
:10922800A0466EE72D4B1B78022BF5D172B632782B
:109238002B782078D5B2DCB2C0B262B625490022BC
:1092480002EB42030132CD540B44082A5C7098703B
:10925800F6D1E1E71A4603EB430408190133082B5A
:109268000A5542708270F6D1D6E740F29113049302
:1092780000220023CDE906230822089201AB6A44A4
:1092880004A9094802948DF82440039404F078F95D
:109298000FE700BF1003002008030020740300201C
:1092A80078030020540300202C0300200008004805
:1092B800C40000203C00002051000020380000209D
:1092C8004F0000204E000020520000204D000020DA
:1092D80095030020AC000020500000205C00002016
:1092E80010B59C4C2368B3F5FE6F8AB000F0BA80C5
:1092F800B3F5FF6F1CD0B3F5887F23D0B3F5C87FD3
:109308002AD0B3F5D07F66D040F2A11293426AD03A
:10931800B3F5D17F71D040F2A312934275D0B3F563
:10932800D27F7BD040F2A51293427DD00AB010BD07
:10933800894804F09BF9002840F056812368B3F56A
:10934800887FDBD1844804F091F9002840F022811D
:109358002368B3F5C87FD4D17F4804F087F9002883
:1093680035D07E4B7E49DA88097858798DF808100F
:10937800197E8DF809008DF80A1002B91A89987AB1
:109388008DF80C20110A8DF80B1000B9187BDA7AC9
:10939800597B93F80EC08DF80D000A434FF0000179
:1093A8000CBF0B46012308208DF80E3040F29113B4
:1093B800CDE9061104930DEB000208908DF82410F6
:1093C80065488DF80FC001AB04A904F0D9F82368EB
:1093D800B3F5D07F98D123692BB1624B1B78042B4E
:1093E80001D8614A13705C4804F040F9002840F045
:1093F8009B802368B3F5D17F8DD123692BB1594B5D
:109408001B780C2B01D8594A1370534804F02EF9D5
:10941800002870D12368B3F5D27F83D123691BB1AB
:10942800504A534B12781A704B4804F01FF9002821
:109438003FF47CAF4E4B00211B788DF8053003209C
:1094480040F2A512CDE9061102248DF80400049219
:109458008DF8241002AB01AA04A93F48089404F02F
:109468008FF863E72269042A7FF45CAF3D4A1178DC
:10947800B0297FF450AF517807297FF445AF917830
:109488001D297FF441AFD2785A2A7FF43DAF394A7B
:10949800394B12681B6839480024546340215C63C7
:1094A800012204F02BFD354822464FF4007104F0E8
:1094B80025FD224602214FF0904004F01FFD304B5D
:1094C8001B78092B00F0A58000232E4A049302E0A4
:1094D800049B01330493049B9342F9D9BFF34F8F44
:1094E80029492A4BCA6802F4E0621343CB60BFF3F0
:1094F8004F8F00BFFDE7264A1C4B12781B788DF86A
:109508000420002140F2A3100222CDE906118DF8B3
:109518000530049008928DF8241002AB01AA04A922
:109528000D4804F02DF875E70F4B00211A788DF8D7
:10953800042040F2A1130120CDE9061104930890FC
:109548008DF8241002AB01AA04A9034804F018F806
:109558004FE700BF100300202C03002078030020F1
:109568007403002008030020730300207203002006
:10957800710300207002002024020020000400482B
:1095880095030020FFE1040000ED00E00400FA0567
:109598000C00002022482349234A0078234B0978ED
:1095A80012781B788DF80400003918BF0121003AA1
:1095B80018BF0122003B18BF01238DF8051040F2A7
:1095C800111000218DF806200422CDE906118DF82E
:1095D8000730049008928DF8241002AB6A4404A95D
:1095E800134803F0CDFFB3E6124A134B0021CDE92F
:1095F800022340F2F9700822CDE90611049008927E
:109608008DF8241001AB6A4404A9094803F0B8FF97
:1096180094E60A482246402104F070FC54E700BF53
:10962800950300208600002085000020040000200B
:109638002C030020000303CC0100010100040048B2
:10964800194B1A68B2F5B07F00D070471B69012B1F
:10965800FBD970B5154B1B7803F0FF0403B170BD3F
:10966800134D144E2B78337003F0CCF86A78124BF4
:10967800012A18600DD0114B11481B68A2F1010294
:10968800B2FA82F25C635209BDE87040402104F0EE
:1096980035BC34780B4B40F67F4101FB04F4A3FB47
:1096A8000434E409E7E700BF1003002004000020A9
:1096B80008030020840000208000002070020020A1
:1096C8000004004881808080F8B51E4B1A68B2F506
:1096D800907F00D0F8BD1B69042BFBD91A4B1B786F
:1096E80003F0FF05002BF5D172B6184E18483478F0
:1096F800184F202104F0FCFBA4F10104B4FA84F40F
:109708006409A0422246124818BF3D60202104F097
:10971800F5FBD6F8013013B93B6062B6F8BD0E4AC6
:109728000E4D0B4800241BBA1360082122463B60EB
:109738002C7004F0E3FB06482246402104F0DEFBCF
:10974800EBE700BF100300200400002008030020FE
:1097580000040048A800002008000020A400002001
:10976800404AF8B51368B3F5B87F22D040F27311B8
:109778008B4203D11369002B4DD1F8BDB3F5BC7FE3
:10978800FBD11369002BF8D0374A384B12781A707E
:109798001B78374A374903EB8300C3EB402309683A
:1097A800A2FB0323DB094B6303F02CF8324B186050
:1097B800F8BD1369052BE0D92B4C304A23885BBAD6
:1097C800138003F01FF82E4A2E4B10601B7803F00D
:1097D800FF06002BD1D172B6A5782B482B4F20213C
:1097E80004F086FBA5F10105B5FA85F56D09A842D7
:1097F8002A464FF02001244818BF3E6004F07EFB43
:109808002379E17862791B0243EA0143134317D1B4
:109818003B6062B6F8BD144A1D4B12781A701B786B
:10982800134A1C4903EB8300C3EB40230968A2FBDE
:109838000323DB094B6302F0E5FF174B1860F8BD03
:10984800164A174D1360002422460F483B60082132
:109858002C7004F053FB0C482246402104F04EFBC8
:10986800D7E700BF10030020080300207400002081
:10987800818080802402002068000020A000002051
:10988800600000200400002000040048A800002018
:1098980090000020700200207800002008000020BE
:1098A800A400002008B5094B1A68B2F5987F00D0CB
:1098B80008BD1B69012BFBD9054B064A1B885BBAFF
:1098C800138002F09FFF044B186008BD10030020AE
:1098D80008030020A00000206400002008B50F4BFA
:1098E8001B78042B00D008BD0D4803F0C7F90C48BD
:1098F800022103F077FA48B1094803F04FFA094802
:10990800082104F0F5FA084B187008BD044803F064
:1099180001FB064B80B21880EEE700BF95030020DC
:10992800D8000020000400489D0000209E00002070
:1099380008B50E4B1A784AB11A78052A06D01A7853
:10994800092A03D01B78082B00D008BD0848082135
:1099580004F0CEFA074BB0FA80F01A784009824238
:1099680008BF054A187008BF107008BD950300208D
:10997800000400480D00002044000020534B1B78D1
:1099880003B170472DE9F04303F0FF0483B022468A
:1099980002214FF0904004F0B1FA0194019BB3F515
:1099A800207F06D2019B01330193019BB3F5207FF1
:1099B800F8D3474803F062F94548022103F012FA48
:1099C80000284AD0434E01233370434D404803F0EA
:1099D800E5F92B889BB2B3F5DF7F03D3002201237F
:1099E8002A803370337803F0FF04002B50D13B4FAB
:1099F80097F80080B8F1000F1FD1DFF8EC90D9F884
:109A08000030002B46D102F0FDFE3549354B0A885F
:109A1800C9F800001A800A882B889BB292B2023BD0
:109A28009A420EDA01243C70224602214FF09040FF
:109A380003B0BDE8F04304F061BA2B4B28491C6021
:109A4800E9E70A882B889BB292B202339A4239DC42
:109A58003C78003C18BF0124E6E71D4803F05AFA99
:109A680040F6E973A0F110029A42ABD84FF4E172C4
:109A780002FB00F01D4B1A49164E00F2FF70A3FBC3
:109A88000023C01A03EB5003C3F3CF230B809CE7DA
:109A98000022CAE702F0B6FED9F800301049C01A11
:109AA80040F6B8339842B6D90E4B0A881B8892B252
:109AB80005339A42AFDD0123424602214FF0904020
:109AC8003370B5E700233B70AEE700BF9503002075
:109AD800D800002086000020A0000020A403002059
:109AE800A20000209E030020A00300200101100016
:109AF8002DE9F843604B1B780A2B01D0BDE8F883A9
:109B08005E4803F0BBF85D48022103F06BF9044698
:109B180000284AD05A4E012333705A4D574803F053
:109B28003DF92B889BB2B3F5967F29D8337803F09B
:109B3800FF04002B5FD1544F97F80090B9F1000F44
:109B480023D1DFF85081D8F80030002B5BD102F028
:109B580059FE4E494E4B0A88C8F800001A800A88F8
:109B68002B889BB292B2023B9A4212DA01243C70D3
:109B780022460221BDE8F8434FF0904004F0BEB9F8
:109B8800002201232A803370D0E7424B3F491C60F2
:109B9800E5E70A882B889BB292B202339A424DDCE1
:109BA8003C78003C18BF0124E2E7344803F0B2F9DE
:109BB80040F6E973A0F110029A42ABD883B2742B35
:109BC8003FD940F6C67293423ED8334A05B223467F
:109BD800171D32F92310A94202EB830603DC37F97B
:109BE8002340AC4232DA0133202BF2D1002327493B
:109BF800234E0B8091E7BDE8F843002202214FF085
:109C0800904004F07BB902F0FDFDD8F800301F4900
:109C1800C01A40F6B8339842A1D91D4B0A881B8850
:109C280092B205339A429ADD012333704A460221E3
:109C3800BDE8F8434FF0904004F060B900233B7052
:109C480096E74FF4A073D2E72346D0E7B6F902505F
:109C5800B6F90630641A5B1B401A03FB00F004EBEC
:109C6800D4735B100028B8BF5B42034493FBF4F342
:109C78002B449BB2BBE700BF95030020D80000200F
:109C880086000020A00000209C030020A2000020E5
:109C980096030020980300200C0301081C4B30B5E4
:109CA8005A691C4D42F480225A615B6989B003F4F9
:109CB80080234FF440601121CDE902010024019373
:109CC8001448019A0494032302A9CDE9053404F049
:109CD80017F8104801224FF4806104F00FF94FF48F
:109CE800FA6400E084B14FF48061284604F000F97A
:109CF800013C0128A4B2F5D1064801224FF40061C5
:109D080004F0FCF809B030BD034B01221A70F3E7E8
:109D18000010024000040048A50300202DE9F0418E
:109D280000241F4E82B080460725274648FA05F2D0
:109D380012F0010218BF01224FF40041304604F02E
:109D4800DDF800220421304604F0D8F80097009B83
:109D5800132B05D8009B01330093009B132BF9D9D3
:109D680001220421304604F0C9F84FF480713046CE
:109D780004F0BEF864000128E4B201D144F0010403
:109D88000197019B132B05D8019B01330193019B7C
:109D9800132BF9D9013DC9D2204602B0BDE8F081A4
:109DA80000040048F0B51E4D87B0002401220421AC
:109DB8004FF09040CDE90044CDE90244049404F00A
:109DC8009DF801222846042104F098F8012703236E
:109DD800042669464FF0904003930096CDE901743C
:109DE80003F08EFF69462846009603F089FF4FF47A
:109DF800004669462846009603F082FF4FF48072B9
:109E0800002369462846CDE90023029703F078FF2E
:109E1800044800966946029403F072FF07B0F0BD4B
:109E280000040048000800485AB32DE9F043DFF861
:109E3800588085B081460E461546322706E02D1B10
:109E4800A144ADB21FFA89F92644B5B109F01F043F
:109E5800C4F12004A4B2AC4228BF2C46CDE9014786
:109E6800009602234A46A021404604F0DBFA002867
:109E7800E5D0002005B0BDE8F083012005B0BDE8BD
:109E8800F0830120704700BF2801002000B585B08D
:109E980084463223CDE90123009102236246A021A2
:109EA800044804F0BFFBB0FA80F0400905B05DF843
:109EB80004FB00BF280100202DE9F047DFF85C8192
:109EC800514FDFF85C9188B00A254FF0FF0A002651
:109ED8000121404604F00CF80221B0FA80F4404613
:109EE800640904F005F808B944F002041021384662
:109EF80003F0FEFF08B944F004048021384603F05B
:109F0800F7FF08B944F008044FF40051484603F03D
:109F1800EFFF08B944F0100454450CD10136F6B2ED
:109F2800032E0AD0022002F073FC6B1E13F0FF050B
:109F380003D0A246CCE70126F4E7344B0B2C1C7067
:109F480004D8334B1C7008B0BDE8F0871F2C1DD017
:109F58002F49304B2C480C240C70012240211A70D8
:109F680003F0CCFF284800224FF4007103F0C6FF2D
:109F780025480022402103F0C1FF002202214FF0B2
:109F8800904008B0BDE8F04703F0B8BF1D2269460D
:109F98000020FFF77BFF18B11F4B009A9A421DD093
:109FA8001B491C4B18480C240C70012240211A70C4
:109FB80003F0A4FF144800224FF4007103F09EFF41
:109FC80011480022402103F099FF002202214FF09E
:109FD800904003F093FF08B0BDE8F0879DF8043087
:109FE800052BDDD1684601F05FF89DF81C308342EF
:109FF800D6D19DF81A20013AD2B20B2AD0D8044BF8
:10A008001A7008B0BDE8F087000400480C00002072
:10A018009503002086000020435452550014004840
:10A02800000800480E4A0F48D16930B441F4800155
:10A03800D161D2690C4C0D4982B002F480020192C0
:10A04800019D00230122C0E90041C0E90232C0E9B4
:10A058000433C0E90633036202B030BC04F094B89C
:10A068000010024028010020005800402A23100058
:10A07800144B15495A6930B542F001025A615B69BF
:10A08800124C83B003F0010301930025802301984B
:10A0980010222046C4E90253C4E90012C4E9045559
:10A0A800C4E9065503F060FD2A4603210D2003F09C
:10A0B800F7FC0D2003F030FD054B63625C6503B0CF
:10A0C80030BD00BF00100240300002407C0100207B
:10A0D800C0010020134A1448916930B441F48051FA
:10A0E80091619269114982B002F4805201924FF451
:10A0F8008272C0E90012019D4FF4007200234FF4F0
:10A10800E064202182610722C0E90234C0E90433F7
:10A11800C0E90713C0E90933C26202B030BC05F0D8
:10A1280015BA00BF00100240C001002000300140F5
:10A138002F4BF0B5DA692F4C42F00072DA61DB6917
:10A1480091B003F00073009302274FF4C051012629
:10A15800CDE90117009801A9032209234FF0904087
:10A16800CDE90362059303F0CBFD234A04230025C0
:10A17800C4E900234FF080734FF44022C4E902532E
:10A188004FF48013C4E904234FF00123A361204650
:10A198004FF48073A38303F0CDF806A92046CDE9D8
:10A1A8000B55CDE90655CDE908550D960A950E963D
:10A1B80003F040F9204603F0B5F93946204603F08C
:10A1C800EDFA4FF40441204603F0E8FA2A463146F6
:10A1D800142003F065FC142003F09EFC2A46314647
:10A1E800162003F05DFC162003F096FC11B0F0BDBC
:10A1F800001002402C0300200064004030B5A1B0DC
:10A2080000242022002107A8FEF79EF921463C22BF
:10A2180010A8CDE90144CDE903440594FEF794F96B
:10A2280001221023CDE90A2302254FF4601306A862
:10A238000F9306950D9504F0D1FB0F230193294642
:10A248004FF4806301A8CDE903430295059404F017
:10A25800AFFE602310A8CDE91744109304F056FF11
:10A2680021B030BD70B500258CB0CDE90655CDE9DB
:10A278000855324C0A95A36943F00103A361A36909
:10A2880003F001030093009B636943F400336361A7
:10A29800636903F400330193019B636943F48023EA
:10A2A8006361636903F480230293029B636943F447
:10A2B80080036361636903F480032A4603934FF4C0
:10A2C80000414FF09040039B012603F017FE4FF426
:10A2D800004306A94FF09040CDE90636CDE9085570
:10A2E80003F00EFD0322002306A915480896CDE9C0
:10A2F800062303F005FD06A912489023069303F0F0
:10A30800FFFCE36943F08053E361E36903F08053A2
:10A318000493049B04F05AFB63690B4843F400233D
:10A328006361636903F400234FF40052059306A99F
:10A33800059B069203F0E4FC0CB070BD00100240CF
:10A3480000140048000400480008004870B50024C4
:10A3580086B0634D6348049422462021CDE9004429
:10A36800CDE9024403F0CAFD2B78092B00F0AA803E
:10A378002B78052B00F0AC802B780C2B00F0968006
:10A3880058480122402103F0B9FD4FF41871012308
:10A39800CDE900130022032352486946CDE9022380
:10A3A80003F0AEFC2B78012B0ED02B78022B0BD0B0
:10A3B8002B78032B08D02B78062B05D02B78072B6E
:10A3C80002D02B780A2B10D146480022082103F02E
:10A3D80095FD08200121CDE9000100220323414811
:10A3E8006946CDE9022303F08BFC00223D48022197
:10A3F80003F084FD022569463A48009503F080FC85
:10A40800002229464FF0904003F078FD69464FF04E
:10A418009040009503F074FC80230024CDE90035BA
:10A428000326052369464FF090400493CDE9024680
:10A4380003F066FC4FF480730093694606234FF0DF
:10A448009040CDE90363CDE9015403F059FC01259F
:10A45800224610214FF09040CDE90154CDE9034444
:10A4680003F04CFD102369464FF09040009303F031
:10A4780047FC4FF40413694608224FF09040CDE999
:10A488000023029503F03CFC22462146092003F0F4
:10A4980007FB092003F040FB22463146172003F052
:10A4A800FFFA172003F038FB06B070BD22460D48AE
:10A4B800402103F023FD0B4822464FF4007103F0BE
:10A4C8001DFD62E707482246402103F017FD5CE7BF
:10A4D800044822464FF4007103F010FD55E700BF11
:10A4E8009503002000040048134B1449DA6930B57D
:10A4F80042F00202DA61DB69114C83B003F0020317
:10A50800019300254FF47A73019825613F22204674
:10A51800C4E90012C4E9025305F0ACFC2A46022142
:10A528001D2003F0BDFA1D2003F0F6FA204603B003
:10A53800BDE8304005F0B6BA001002400004004003
:10A54800BC02002030B500248BB0CDE90244CDE92F
:10A558000444CDE90644184B08949A69174D42F40F
:10A5680000629A619B696C6103F400630146019380
:10A578002846134B019A2B60C5E90314C5E9014429
:10A5880005F0AAFC6023029300220023CDE90623EC
:10A5980002A922462846CDE903440594089405F00B
:10A5A8000FFD2146284605F04BFB2A68536C43F4FF
:10A5B800004353640BB030BD00100240700200200D
:10A5C800002C014030B500248BB0CDE90244CDE920
:10A5D8000444CDE90644144B0894DA69134D42F05B
:10A5E8000102DA61DB696C6003F0010301934FF04B
:10A5F800804240F6FF132846C5E9024301992A60C4
:10A608002C6105F069FC00236022CDE9022302A930
:10A61800224628460494069405F0D2FC2146284692
:10A6280005F00EFB0BB030BD0010024024020020E4
:10A63800F0B5002489B0CDE90244CDE90444CDE960
:10A6480006441A4B1A4D5A6942F080525A615B69A6
:10A658002C8303F0805301934FF0A0432B604FF4F9
:10A668000033012607466B6028460423019AEE61F1
:10A67800C5E90443C5E9024485F82040AE6285F87F
:10A6880030406C6302F0B4F9052302A92846CDE9ED
:10A698000363CDE905440297079402F089FC21463B
:10A6A800284602F03BFC09B0F0BD00BF0010024094
:10A6B800D8000020014B01221A7070478500002045
:10A6C800014803F093B800BF2C030020044B4FF05F
:10A6D80090416FF0A0504FF0FF3208601A60FEE71B
:10A6E800000400480000000030B5082889B014D0E4
:10A6F800402801D009B030BD3B4B1B780A2BF9D15B
:10A7080002F080F8394A1368C31A012BF2D9384984
:10A7180010600B6801330B60ECE7334B1A780B2A97
:10A7280012D01A78052A33D01B780A2BE2D102F00E
:10A7380069F8304A1368C31A012BDBD92E49106017
:10A748000B6801330B60D5E702F05CF82B4A1368FD
:10A75800C31A012BCED99FED227B952301241060CB
:10A76800029327488DF8004000238DED047B069462
:10A778008DF81C3002F07AFFB8B101AB6A46204868
:10A7880002A902F0FDFE1F4A136801331360B1E706
:10A7980002F038F81C4A1368C31A012BAAD91B49BE
:10A7A80010600B6801330B60A4E721461448144D70
:10A7B80002F038FF0221124802F034FF1048042149
:10A7C80002F030FF4FF47A7403E0013CA4B2002C8D
:10A7D800D3D0284602F04AFF0028F6D0CDE700BFC4
:10A7E800000000000000000095030020A8030020DE
:10A7F80070000020AC0300208C000020B40300206F
:10A808002C03002048000020B003002098000020FE
:10A81800082003F083BB00BF402003F07FBB00BFCC
:10A8280001F0E4BF014805F015BA00BFBC020020E2
:10A838002D4B02689A4200D0704770B52B4B1B789D
:10A8480003F0FF056BB92A4C23684BB1294E3378C6
:10A8580013BB29480122082103F050FB0123337060
:10A8680070BD234B24480024012240211C6003F0C2
:10A8780045FB224B1B6803B15C63214C2378092BF1
:10A888002CD02378052BEBD1BDE870401A48002264
:10A898004FF4007103F032BB17482A46082103F031
:10A8A8002DFB357072B62368013B236062B62368BE
:10A8B800002BD5D12368002BD2D1114B1A78072A47
:10A8C800CED01A78062ACBD01B780A2BC8D0BDE880
:10A8D800704009480122402103F010BB06480022BD
:10A8E800402103F00BFBCCE7000400408600002069
:10A8F800A8000020A40000200004004870020020E6
:10A90800950300202DE9F843244C254B25786178E0
:10A91800A2781B78EDB2CEB2D7B273B1FF23214A29
:10A92800237000236370A37013702378AB4226D082
:10A938001D4B01221A70BDE8F883DFF8689099F87A
:10A94800003033B101F05EFF184B1B68C01A0028B5
:10A95800EBDB4FF0000889F8008001F053FF144B3F
:10A968001B68C01A40F2DB5398420FD8FF2384F8C3
:10A97800008084F80180A3702378AB42D8D1637833
:10A98800B342D5D1A378BB42D2D1D4E7FF2384F810
:10A998000080637084F80280C7E700BFC40000200D
:10A9A800860000203C0000205000002038000020D5
:10A9B8004000002038B51A4804F052FF012802D0A0
:10A9C8000024204638BD174A174B184D04465078C6
:10A9D8001178927800EB400000EB030C185A28809D
:10A9E80001EB41019CF80200A870C81802EB420272
:10A9F800595AA5F8031081786971D018995AE980D5
:10AA080083782B726422002105F10900FDF79CFD73
:10AA18006D222946024804F039FE204638BD00BFA1
:10AA2800C0010020C4000020D0040108B8030020A1
:10AA380070B582B072B6824D824A0024022304EBBC
:10AA4800440C05EB0C000721467815F80CE090F84B
:10AA580002C0F6B25FFA8EFE5FFA8CFC46FA01F08D
:10AA6800C007936119D500BF00BF00BF00BF00BF7A
:10AA780000BF00BF00BF00BF00BF00BF00BF00BFD6
:10AA880000BF00BF00BF00BF00BF00BF00BF00BFC6
:10AA980000BF00BF00BF00BF00BF00BF00BF00BFB6
:10AAA80000BF00BF00BF00BF00BF00BF00BF00BFA6
:10AAB80000BF00BF00BF00BF00BF00BF00BF00BF96
:10AAC80000BF936200BF00BF00BF00BF00BF00BF50
:10AAD80000BF00BF00BF00BF00BF00BF00BF00BF76
:10AAE80000BF00BF00BF00BF00BF00BF00BF00BF66
:10AAF80000BF00BF00BF00BF00BF00BF00BF00BF56
:10AB080000BF00BF00BF00BF00BF00BF00BF00BF45
:10AB180000BF00BF00BF00BF00BF00BF00BF00BF35
:10AB280000BF00BF00BF00BF013997D207214EFA0E
:10AB380001F0C607936119D500BF00BF00BF00BF71
:10AB480000BF00BF00BF00BF00BF00BF00BF00BF05
:10AB580000BF00BF00BF00BF00BF00BF00BF00BFF5
:10AB680000BF00BF00BF00BF00BF00BF00BF00BFE5
:10AB780000BF00BF00BF00BF00BF00BF00BF00BFD5
:10AB880000BF00BF00BF00BF00BF00BF00BF00BFC5
:10AB980000BF00BF936200BF00BF00BF00BF00BF7F
:10ABA80000BF00BF00BF00BF00BF00BF00BF00BFA5
:10ABB80000BF00BF00BF00BF00BF00BF00BF00BF95
:10ABC80000BF00BF00BF00BF00BF00BF00BF00BF85
:10ABD80000BF00BF00BF00BF00BF00BF00BF00BF75
:10ABE80000BF00BF00BF00BF00BF00BF00BF00BF65
:10ABF80000BF00BF00BF00BF00BF013997D20721C7
:10AC08004CFA01F0C00793611ED500BF00BF00BF1A
:10AC180000BF00BF00BF00BF00BF00BF00BF00BF34
:10AC280000BF00BF00BF00BF00BF00BF00BF00BF24
:10AC380000BF00BF00BF00BF00BF00BF00BF03E0F0
:10AC4800AC0000200004004800BF00BF00BF00BFE8
:10AC580000BF00BF00BF00BF00BF00BF00BF00BFF4
:10AC680000BF00BF00BF00BF00BF00BF00BF00BFE4
:10AC7800936200BF00BF00BF00BF00BF00BF00BF9E
:10AC880000BF00BF00BF00BF00BF00BF00BF00BFC4
:10AC980000BF00BF00BF00BF00BF00BF00BF00BFB4
:10ACA80000BF00BF00BF00BF00BF00BF00BF00BFA4
:10ACB80000BF00BF00BF00BF00BF00BF00BF00BF94
:10ACC80000BF00BF00BF00BF00BF00BF00BF00BF84
:10ACD80000BF00BF00BF013992D20134082C7FF4B5
:10ACE800AEAE62B600230193019BB3F57A6F06D22C
:10ACF800019B01330193019BB3F57A6FF8D302B03E
:10AD080070BD00BF014802F0B1BF00BF7C01002048
:10AD180070B582B0322604460D460B4602460096B0
:10AD28000948782103F0A6FA58B1074803F088FAD1
:10AD3800FFF778F90448009678212B46224603F05D
:10AD480099FA02B070BD00BF28010020094B1A789B
:10AD580002B9704700B583B003460022022101A85A
:10AD68008DF804208DF80530FFF7D2FF03B05DF8A9
:10AD780004FB00BF0E0000200D4B1B7803B101B986
:10AD8800704710B58029A2B028BF802140230A4609
:10AD98000C4601460DF105008DF80430FDF726FC40
:10ADA800611C89B201A8FFF7B3FF22B010BD00BF34
:10ADB8000E0000200E4B1B7803B9704700B583B016
:10ADC80001F00F030A09503804214FF0000C10322B
:10ADD8008DF805000DEB01008DF804C08DF80630E4
:10ADE8008DF80720FFF794FF03B05DF804FB00BF60
:10ADF8000E0000200F4B10B55A6942F400325A6118
:10AE08005B6988B04FF4C060122103F40033CDE9C8
:10AE180002010193012202A94FF090400424032368
:10AE2800CDE904230694019B02F06AFFFFF7FAF8C4
:10AE380008B010BD0010024030B583B0FFF7DAFF4C
:10AE4800322001F0E5FC05239548964C0222782132
:10AE580003F0ECFC051E0CBF01230023237001D076
:10AE680003B030BD4FF42E43022101A8ADF80430E1
:10AE7800FFF74EFF2378002BF2D04FF45543022101
:10AE880001A8ADF80430FFF743FF2378002BE7D083
:10AE98004FF40043022101A8ADF80430FFF738FF52
:10AEA8002378002BDCD04FF42843022101A8ADF809
:10AEB8000430FFF72DFF2378002BD1D04FF47C53BB
:10AEC800022101A8ADF80430FFF722FF2378002BF8
:10AED800C6D04FF45343022101A8ADF80430FFF760
:10AEE80017FF2378002BBBD0022101A8ADF804502E
:10AEF800FFF70EFF2378002BB2D04FF480430221D6
:10AF080001A8ADF80430FFF703FF2378002BA7D082
:10AF18004FF40D43022101A8ADF80430FFF7F8FE05
:10AF28002378002B9CD04FF4A053022101A8ADF840
:10AF38000430FFF7EDFE2378002B91D04FF4005337
:10AF4800022101A8ADF80430FFF7E2FE2378002BB8
:10AF580086D04FF40073022101A8ADF80430FFF742
:10AF6800D7FE2378002B3FF47BAF4FF42143022117
:10AF780001A8ADF80430FFF7CBFE2378002B3FF48F
:10AF88006FAF4FF44843022101A8ADF80430FFF732
:10AF9800BFFE2378002B3FF463AF4FF45A430221DE
:10AFA80001A8ADF80430FFF7B3FE2378002B3FF477
:10AFB80057AF4FF49053022101A8ADF80430FFF7C2
:10AFC800A7FE2378002B3FF44BAF4FF40143022137
:10AFD80001A8ADF80430FFF79BFE2378002B3FF45F
:10AFE8003FAF4FF44F43022101A8ADF80430FFF7FB
:10AFF8008FFE2378002B3FF433AF4FF459430221DF
:10B0080001A8ADF80430FFF783FE2378002B3FF446
:10B0180027AF4FF47143022101A8ADF80430FFF7C0
:10B0280077FE2378002B3FF41BAF4FF45B430221DC
:10B0380001A8ADF80430FFF76BFE2378002B3FF42E
:10B048000FAF4FF48043022101A8ADF80430FFF799
:10B058005FFE2378002B3FF403AF4FF42443022113
:10B0680001A8ADF80430FFF753FE2378002B3FF416
:10B07800F7AE4FF42643022101A8ADF80430FFF7DC
:10B0880047FE2378002B3FF4EBAE4FF42F43022109
:10B0980001A8ADF80430FFF73BFE03B030BD00BF98
:10B0A800280100200E000020411E00F11B0C00208A
:10B0B80011F8012F0823504042B2002AB8BF5200AD
:10B0C8004FEA4000B8BF82F0070203F1FF33ACBF7C
:10B0D800C0B2D0B213F0FF03EED18C45E8D170476F
:10B0E8002DE9F041002488B0404D1D2269462046D4
:10B0F8002C70FEF7CBFE18B13D4B009A9A4202D055
:10B1080008B0BDE8F0819DF80430052BF8D10DF1A9
:10B11800FF300DF11B0C224610F8011F08234A408E
:10B1280051B20029B8BF49004FEA4202B8BF81F0C6
:10B13800070103F1FF33ACBFD2B2CAB213F0FF0369
:10B14800EED18445E8D19DF81C109142D8D16C46C7
:10B158009C4601232B70A6460FCC264F264E3860FE
:10B168007960BA6007CCFB60237838617961BA618D
:10B178003B773377BEE80F0030607160B260BEE89D
:10B188000700DFF88C80F36030617161B2619DF86F
:10B1980010209DF8113088F80020184D88F80130EB
:10B1A8009DF813009DF812309DF814109DF8152095
:10B1B80088F802300CEB4C030CF1010CE8542B44DA
:10B1C800BCF1080F59709A70F4D10D480D4A9DF8DA
:10B1D800174004700C490D4B9DF8194014709DF8E8
:10B1E8001A009DF81B2008701A7089E77403002064
:10B1F800435452557803002054030020AC0000202B
:10B208005300002073030020720300207103002004
:10B21800C4000020F0B589B01D2200216846FDF762
:10B2280093F972B6734C74492278237800910520FB
:10B238008DF804008DF80520002B40F09E806F4BA0
:10B248001B889BB22278ADF806300A2A04BF6B4BE4
:10B258001B8822780CBF9BB20023052AADF8083062
:10B2680004BF674B1B7822780CBFDBB20023052A8A
:10B278008DF80A3000F0B280002322788DF80B3068
:10B28800092A04BF5F4B1B7822780CBFDBB200236E
:10B29800092A8DF80C3000F09780002322788DF869
:10B2A8000D300A2A04BF584B1B7822780CBFDBB23A
:10B2B80000230A2A8DF80E3008BF544B544A08BFA1
:10B2C8001978544B147850788DF811000CBFC9B216
:10B2D80000218DF80F1091781A788DF8121058788F
:10B2E8008DF8132099781A788DF810408DF814008D
:10B2F8008DF8151012B95A78002A40D00123464A11
:10B308008DF8163012788DF8172044484449454A7C
:10B31800454B0078097812781B788DF818008DF85D
:10B3280019108DF81A208DF81B3062B600210DF126
:10B33800FF320DF11B0012F8013F082459404BB2AF
:10B34800002BBCBF5B0083F007034FEA4101B8BF85
:10B35800D9B204F1FF33A8BFC9B213F0FF04EED18C
:10B368008242E8D1314D8DF81C101C2229466846CE
:10B37800FDF7D6F940B909B0F0BD002362E79B7824
:10B38800003B18BF0123BAE7294F01F03BFA3B689D
:10B3980040F6B732C31A93420646ECD920461D221E
:10B3A8006946FEF741FD0028E5D06C460FCC2860C1
:10B3B8006960AA6007CCEB6023783E602861696108
:10B3C800AA612B7709B0F0BD1A48402102F090FD20
:10B3D800A0F10103B3FA83F35B095FE710214FF093
:10B3E800904002F085FDA0F10103B3FA83F35B09F5
:10B3F80043E700BF9503002043545255A0000020A6
:10B408009C00002084000020900000207400002090
:10B41800C4000020AC00002053000020860000205B
:10B4280073030020720300207103002054030020DE
:10B438008004002000040048F0B5152A1C4F85B090
:10B44800054628BF15220026A7FB0103DB0806F1E5
:10B45800100003EB830CA1EB4C0C0DEB000E08461F
:10B4680034460CF1300C013609280EF80CCCF6B233
:10B478001946E9D8B24211D800206EB101AA0134A8
:10B488001444034614F801CD05F803C0591CA24220
:10B49800CBB2F7D13044C0B205B0F0BD921B02F078
:10B4A800FF073A4620212846FDF74EF83846E4E7DC
:10B4B800CDCCCCCC70B51446A0B0FFF77BFC21787E
:10B4C800684681B34FF0000C1C4E8646654613E073
:10B4D8003F2B2CD9CEF800508EF8045014F8011FD9
:10B4E8008EF805500CF1010C0EF1060E5FFA8CFC7B
:10B4F800A9B1BCF1150F1CD0A1F16102A1F1200383
:10B50800192ADBB2E4D8203B03EB83039BB29919D9
:10B51800F2580B798EF80430CEF80020DEE70CEBF9
:10B528004C0C4FEA4C01FFF727FC20B070BD0B46CE
:10B53800E9E77E21FFF720FC20B070BD90030108E9
:10B5480008B50021FFF736FCBDE808400148802116
:10B55800FFF712BC7C0B0108F0B5642B28BF6423ED
:10B56800802A144628BF80240D06A1B002D40D19E4
:10B57800802D2CDC1D4D14FB03F3A5FB0335C5F30F
:10B5880047157AB36E46B4460023671E0CE0BB42EB
:10B598000DD001335FFA83FEAA4294BF5E22422295
:10B5A800A6450CF8012B0AD2DAB2002BEFD10133F1
:10B5B8005FFA83FE7E22A6450CF8012BF4D3FFF731
:10B5C800F9FB21463046FFF7D7FB21B0F0BDC1F1AA
:10B5D8008004064AE4B214FB03F3A2FB0325C5F377
:10B5E8004715CFE714466E46E9E700BF1F85EB51C4
:10B5F800F0B5154F154E3B780C2828BF002003EBFB
:10B60800800306EB431384000FCB85B06D4685E8B5
:10B618000F006C210520FFF7CDFB28461021FFF70E
:10B62800ABFB3B78E01806EB401310330FCB85E8F3
:10B638000F006C210620FFF7BDFB10212846FFF7FD
:10B648009BFB05B0F0BD00BF350000207C18010849
:10B65800F0B589B001F0D6F89E4B1B68C01AC72810
:10B6680020D89D4B93E803006C4684E80300002132
:10B678000846FFF79FFB2046984C0821FFF77CFB04
:10B6880023780B2B00F22D82DFE813F0FD01650013
:10B6980065001502D4010D0211001100DC01E7015B
:10B6A800EF011D026C46002300936360DFE78C4BBB
:10B6B8008C4A19688C4B002908BF1A460A210020B9
:10B6C800FFF7F8FE2478E4B20B2C0DD8DFE814F06D
:10B6D80087010C000C000C005B0130010C000C0011
:10B6E800D600A20076004B0000268049532433463A
:10B6F800721C20336B44D6B203F8184C8C5D334669
:10B70800002CF5D1764B7A491A687A4F8A4202ADF5
:10B7180098BF1968A8190522FFF78EFE3044202229
:10B72800C0B2811800230DEB0106611C3344CCB272
:10B7380003F8182C3A5D2346002AF6D1204408ABBA
:10B7480053FA80F000F8182C2A4600210120FFF750
:10B75800B1FE09B0F0BD624B674A1968624B002917
:10B7680008BF1A46AAE70026644948243346721CD3
:10B7780020336B44D6B203F8184C8C5D3346002C4A
:10B78800F5D15F4B5A491A685E4F8A4202AD98BF9D
:10B798001968A8190522FFF74FFE30442022C0B2CD
:10B7A800811800230DEB0106611C3344CCB203F869
:10B7B800182C3A5D2346002AF6D1BFE700265249E5
:10B7C80048243346721C20336B44D6B203F8184C15
:10B7D8008C5D3346002CF5D14C4B4D4F198802AD8A
:10B7E8000322A81989B2FFF727FE30442023C0B2EC
:10B7F800C2180DEB0206621C3119D4B201F8183CCC
:10B808003B5D002BF7D1204408AA52FA80F000F8DB
:10B81800183C99E700263F494C243346721C2033D4
:10B828006B44D6B203F8184C8C5D3346002CF5D126
:10B83800394B3A4A1B783A4F03EB830303EB8301F6
:10B848008900A2FB012102AD0322A819C909FFF74B
:10B85800F3FD30442023C0B2C2180DEB0206621C6F
:10B868003119D4B201F8183C3B5D002BF7D12044C4
:10B8780008AA52FA80F000F8183C65E70026294922
:10B8880053243346721C20336B44D6B203F8184C49
:10B898008C5D3346002CF5D1234B244F198802AD1B
:10B8A8000422A81989B2FFF7C7FD3044C0B220238B
:10B8B800C2180DEB0206621C3119D4B201F8183C0B
:10B8C8003B5D002BF7D1204408AA52FA80F000F81B
:10B8D800183C39E740000020F400010895030020D7
:10B8E800A8000020B0080108D0070108480901088D
:10B8F8009F86010050090108F00701083409010872
:10B90800480000203C090108FC080108A2000020AA
:10B9180008090108E8080108840000208180808067
:10B92800F4080108280901085A0000202009010824
:10B9380000266D4952243346721C20336B44D6B21C
:10B9480003F8184C8C5D3346002CF5D1674B684FD3
:10B95800196802AD0522A819FFF76EFD30442023AF
:10B96800C0B2C2180DEB0206621C3119D4B201F83C
:10B97800183C3B5D002BF7D1204408AA52FA80F00E
:10B9880000F8183CE0E600265A4956243346721C53
:10B9980020336B44D6B203F8184C8C5D3346002C28
:10B9A800F5D1554B554F198802AD0422A81989B213
:10B9B800FFF742FD30442023C0B2C2180DEB020647
:10B9C800621C3119D4B201F8183C3B5D002BF7D149
:10B9D800204408AA52FA80F000F8183CB4E6484A15
:10B9E80054260023013420336B44E4B203F8186C66
:10B9F800165D2346002EF5D1424B434F198802AD00
:10BA08000322281989B2FFF717FD20442023C0B26A
:10BA1800C2180DEB0204721CA119D6B201F8183C29
:10BA2800BB5D002BF7D1304408AA52FA80F000F829
:10BA3800183C89E6354B364A1978364B002918BF29
:10BA48001A463BE6344B1A78022A48D01978334A0A
:10BA5800334B012918BF1A4630E6324B324A19785F
:10BA68002F4B002908BF1A4628E6304A13889BB294
:10BA7800002B2AD0234B198813888AB29BB29A428A
:10BA880023D22B4A1AE629490B889BB2002B24D0D3
:10BA98001C4B274A18880B88264D81B29BB29942C5
:10BAA80028BF2A460AE6244B244A1978244B002941
:10BAB80018BF1A4602E6234B234A19681D4B002972
:10BAC80008BF1A46FAE5214AF8E51E4B204A1968CC
:10BAD800184B002908BF1A46F0E5164AEEE51D4A3C
:10BAE800ECE50F4AEAE500BFD408010894000020FD
:10BAF800DC080108140901089E000020200901083B
:10BB0800C0080108A2000020C80801089D00002004
:10BB180000080108800801085C000020E00701080F
:10BB28004008010884000020A0080108A0000020A7
:10BB380050080108D00701089C00002010080108DF
:10BB480070080108A8000020200801086008010802
:10BB5800900801083008010870B5234DA0B00646CA
:10BB68000024E0B20021FFF725F90134802128469E
:10BB7800FFF702F9082CF4D180221C491C4D6846B5
:10BB8800FCF734FD00210846FFF714F980216846C8
:10BB9800FFF7F2F8802217496846FCF727FD0021D5
:10BBA8000120FFF707F980216846FFF7E5F8042E22
:10BBB80028BF002606EB8606022405EBC615802260
:10BBC80029466846FCF712FD204600210134FFF79C
:10BBD800F1F8E4B280216846FFF7CEF8072C05F1AA
:10BBE8008005ECD120B070BD7C0B0108FC00010879
:10BBF800FC0B01087C01010808B5144A144B00210C
:10BC080011701B78134ADBB213701378012B11D013
:10BC180013780F2B4FF0AE0008D0FFF797F881206C
:10BC2800FFF794F8CF20FFF791F8AF20BDE8084060
:10BC3800FFF78CB8AF20FFF789F88120FFF786F867
:10BC4800BDE808400F20FFF781B800BF5200002070
:10BC580051000020530000202DE9F041854D2B783C
:10BC68000C2BA0B036D0FFF7F3FC834B1B7803F006
:10BC7800FF04002B40F095822B780B2B12D8DFE8BD
:10BC880013F00C00CA03C403BE03B803EE03E803B1
:10BC9800E203DC03D603D003B203784A1021022062
:10BCA800FFF708FC764A00210320FFF703FC2E78F3
:10BCB800F6B20B2E00F2E783DFE816F00A025F0007
:10BCC8005F005F00AE0242035F005F009F00FD025D
:10BCD8000801DF016D4680226A496B4E2846FCF751
:10BCE80085FC00210846FFF765F880212846FFF704
:10BCF80043F8802265492846FCF778FC002101209A
:10BD0800FFF758F880212846FFF736F80224204626
:10BD180000210134FFF74EF8E4B280213046FFF7E6
:10BD28002BF8082CF3D1DFF8A081594F02240CE03E
:10BD3800FCF75CFC00213046FFF73CF80134802119
:10BD48002846FFF719F8072C0FD098F8003013F0A1
:10BD5800010FE6B24FF0800207EBC4112846E7D086
:10BD680080220021FCF7F0FBE4E74A4A0421204640
:10BD780020B0BDE8F041FFF79DBB72B6464A474B7D
:10BD88001768D3F8008062B6002F00F0708344492A
:10BD9800444BB94228BF3946532600220134803229
:10BDA8006A44E4B202F8806C1E5D2246002EF5D18A
:10BDB80005220DEB0400FFF73FFB20AA031952FAF6
:10BDC80083F3052103F8806C6A460846FFF772FB87
:10BDD800B8F1000F09D064203346A7FB00014246A2
:10BDE800FCF712FAC0F16406F6B233465522052173
:10BDF8000720FFF7B1FB28783AE12B4B1A78012A84
:10BE080000F033831978294A294B022908BF1A46BA
:10BE180005210846FFF74EFB264B274A1878274B83
:10BE28000521002818BF1A460620FFF743FB244ABD
:10BE380050250023013480336B44E4B203F8805C5E
:10BE4800155D2346002DF5D11E4B1988042289B2B1
:10BE58000DEB0400FFF7F0FA20AA031952FA83F356
:10BE6800072005216A4603F8805CFFF723FB0820BA
:10BE7800FEE000BF9503002086000020F4090108B9
:10BE8800B40A0108FC0101087C0B01087C020108C6
:10BE9800FC140108B8090108A800002008000020C7
:10BEA8009F860100D00A01085C000020880901086B
:10BEB800A8090108440000206C0901085C09010870
:10BEC800440B01085A00002035000020BB4A1388A3
:10BED8009BB2B3F57A7F38BF1788B94A34BFBFB26F
:10BEE80040F2E7374E260023013480336B44E4B236
:10BEF80003F8806C165D2346002EF5D1B14B1988E6
:10BF08006D4689B203222819FFF796FA0444E4B271
:10BF180004F180036B440134E4B22F22394603F85C
:10BF2800802C28190322FFF787FA0444E4B204F1AD
:10BF3800800320A901346B4451FA84F4432205217B
:10BF480003F8802C08462A4604F8806CFFF7B2FAFA
:10BF58009D4A4C2706F1800301366B44F6B203F87C
:10BF6800807C975D002FF5D1984B994A1B78DFF8B4
:10BF7800A08203EB830303EB83018900A2FB012169
:10BF8800C9090322A819FFF757FA0644F6B206F1C1
:10BF980080036B44252203F8802C01368D4BF6B2C2
:10BFA80019680422A819FFF747FA0644F6B206F101
:10BFB800800352240DEB03027B1C174407F8804CC6
:10BFC800DFB218F80740002CF6D120AB3E4453FAF4
:10BFD80086F62A4606F8804C05210620FFF76AFAFD
:10BFE8007D4A482604F18001631C0DEB010404F826
:10BFF800806CDCB2165D002EF4D1784B1B7803EB15
:10C00800830303EB8301724B8900A3FB0131C90948
:10C0180003222819FFF710FA0444E4B2704A04F125
:10C0280080036B4401341168E4B2252203F8802CA4
:10C0380028190422FFF700FA0444E4B204F180024C
:10C0480052230DEB0201721C0E4406F8803CD6B256
:10C0580018F80630002BF6D120AA344452FA84F49A
:10C0680007202A46052104F8803CFFF723FA0A2016
:10C0780020B0BDE8F041FFF7BBBA0521594A084690
:10C08800FFF718FA584949220023013480336B44DA
:10C09800E4B203F8802C0A5D2346002AF5D1534BFD
:10C0A80053491A686D468A4298BF196805222819AB
:10C0B800FFF7C2F920AA031952FA83F300260720D2
:10C0C8002A46052103F8806CFFF7F4F90B20CFE727
:10C0D8003A4A13889BB2B3F57A7F38BFB2F800802A
:10C0E800444A34BF1FFA88F840F2E7385424002342
:10C0F800013680336B44F6B203F8804C945D3346C6
:10C10800002CF5D12F4F39886D4689B20322A81922
:10C11800FFF792F98319DBB25E1C80336B44F6B2E9
:10C128002F2203F8802C4146A8190322FFF784F92F
:10C138000644F1B201F18003DFF8D8C020260DEBE8
:10C148000300631C0219DCB202F8806C1CF804605E
:10C15800002EF6D1214420AB53FA81F3052108467D
:10C168002A4603F8806CFFF7A5F9234B234A197870
:10C17800234B0620002918BF1A460521FFF79AF914
:10C188003B88204964209BB200FB03F3A1FB031307
:10C1980007205522C3F307230521FFF7DDF93046B1
:10C1A80066E7194A0A210220FFF784F9174A0A218B
:10C1B800032020B0BDE8F041FFF77CB9A0000020C3
:10C1C800280B0108A2000020300B01089000002075
:10C1D80081808080880000203C0B010874000020CA
:10C1E8006C000020500B0108600B0108480000207B
:10C1F8009F860100C0080108440000206C0901085E
:10C208005C090108C5B3A291CC090108E00901083D
:10C21800380B0108CC0A01089D4B56260022013430
:10C2280080326A44E4B202F8806C1E5D2246002E19
:10C23800F5D1984B19886D46032289B22819FFF762
:10C24800FBF820AA031952FA83F3052103F8806C3E
:10C2580008462A46FFF72EF98F494F2306F1800238
:10C2680001366A44F6B202F8803C8B5D002BF5D1AA
:10C278008A4A8B491278002A8A4A06F180000ABF46
:10C2880011464F2446241A46684401330244DBB25F
:10C2980002F8804CCC5C1A46002CF6D120AA334414
:10C2A80052FA83F307202A46052103F8804CFFF74A
:10C2B80001F90420DCE67C4A502500230134803350
:10C2C8006B44E4B203F8805C155D2346002DF5D17C
:10C2D800764E032231780DEB0400FFF7ADF8031911
:10C2E800DBB203F180020DEB0200013320AA52FAFF
:10C2F80083F30521252400F8804C6A46084603F894
:10C30800805CFFF7D7F86A4B6A4A18786A4B0521B0
:10C31800002818BF1A460620FFF7CCF8337867487C
:10C3280003EB830303EB83039B00A0FB030355226A
:10C3380007200521C3F3C713FFF70EF9092097E675
:10C348005F4A52260023013480336B44E4B203F879
:10C35800806C165D2346002EF5D15A4B6D46196840
:10C3680005222819FFF768F820AA031952FA83F35F
:10C37800052108462A4603F8806CFFF79BF84C4BCA
:10C388004C4A19784C4B0620002918BF1A4605213B
:10C39800FFF790F84C4953243346721C80336B44A2
:10C3A800D6B203F8804C8C5D3346002CF5D1474B50
:10C3B80003221978A819FFF73FF88319DBB203F1B4
:10C3C80080020DEB0201013320AA52FA83F32527DC
:10C3D80001F8807C07202A46052103F8804CFFF7E6
:10C3E80069F8052044E63A4A10210220FFF762F86E
:10C3F80058E4384A10210220FFF75CF852E4364A24
:10C4080010210220FFF756F84CE4344A102102208C
:10C41800FFF750F846E4324A10210220FFF74AF8A5
:10C4280040E4304A10210220FFF744F83AE42E4A4B
:10C4380010210220FFF73EF834E42C4A1021022094
:10C44800FFF738F82EE42A4A10210220FFF732F8C5
:10C4580028E4284A10210220FFF72CF822E4264A73
:10C4680010210220FFF726F81CE4244AD0E4052115
:10C478000846234AFFF71EF86423552205210720A2
:10C48800FFF76AF8B7E41F4A0A21052070E400BFE5
:10C49800EC0A01089E000020FC0A01089D0000200B
:10C4A800840901087C0901081C0B0108840000208C
:10C4B800440000206C0901085C0901088180808023
:10C4C800040B010894000020100B01089C000020B8
:10C4D800A40A0108340A0108240A0108140A0108F8
:10C4E800040A0108940A0108840A0108740A010868
:10C4F800640A0108540A0108440A01089809010855
:10C50800DC0A01086C0B01080B4B1B78052B11D1B9
:10C5180072B60A4A00211368116062B6084A4FF4DD
:10C52800C87101FB03F31360116842F20F7399425B
:10C5380088BF1360704700BF950300209800002053
:10C54800940000200A4B1B780A2B10D172B6094AB6
:10C5580000211368116062B6074AC82101FB03F382
:10C568001360116842F20F73994288BF13607047D5
:10C57800950300208C000020880000200E4B1B78BB
:10C58800092B04D110B50D4C23780BB910BD704799
:10C5980000F038F90A4B1B68C01AFA28F6D9094B7B
:10C5A80009481B680022227040215A6301F0A6FC4A
:10C5B800064B01221A7010BD95030020840000204C
:10C5C800800000207002002000040048860000203F
:10C5D8000F4B1B78052B04D110B50E4C23780BB9E3
:10C5E80010BD704700F00EF90B4B1B68C01AFA28F3
:10C5F800F6D90A4B0A481B68002222704FF40071D2
:10C608005A6301F07BFC074B01221A7010BD00BF72
:10C61800950300209C0000207C0000207002002070
:10C62800000400488600002038B50B4B1B782BB956
:10C638000A4C03F0FF0523889BB203B938BD00F00C
:10C64800E1F8074B1B68C01AFA28F7D9054B258073
:10C6580001221A7038BD00BF95030020A0000020F9
:10C6680064000020860000200B4B1B780A2B05D1A4
:10C6780010B50A4C23889BB20BB910BD704700F067
:10C68800C1F8074B1B68C01AFA28F6D9054B0021D8
:10C69800012221801A7010BD95030020A0000020FF
:10C6A80060000020860000200D4B1B780A2B04D167
:10C6B80010B50C4C23780BB910BD704700F0A2F8E8
:10C6C800094B1B68C01AB0F57A7FF5D9074B084AA1
:10C6D80018680121002323704363117010BD00BF47
:10C6E80095030020900000207800002070020020B0
:10C6F800860000200A4B1B780A2B10D172B6094A13
:10C7080000211368116062B6074AC82101FB03F3D0
:10C718001360116842F20F73994288BF1360704723
:10C7280095030020700000206C00002008B50E4B17
:10C738001B780A2B12D10D4B1B780A2B0FD90C4BE7
:10C748001B6863B900F05EF80A4A126840F6B8330D
:10C75800801A984202D9084B01221A7008BD00F0CD
:10C7680051F8044B186008BD9503002074000020A0
:10C778006C0000208404002086000020704700BF61
:10C7880038B50E4A0E4B1278054618684FF47A737E
:10C79800B3FBF2F3B0FBF3F001F0CCF908B90F2DBD
:10C7A80001D9012038BD0446024629464FF0FF3022
:10C7B80001F076F9034B20461D6038BD0F000020BC
:10C7C8000000002010000020074A08B5136843F055
:10C7D80010031360032001F051F90F20FFF7D0FF79
:10C7E800FFF7CCFF002008BD00200240034A044B9D
:10C7F80011681B780B441360704700BF8804002041
:10C808000F000020014B1868704700BF8804002003
:10C8180038B50446FFF7F6FF631C054602D0044B03
:10C828001B781C44FFF7EEFF401BA042FAD338BD2B
:10C838000F000020704700BF026838B5936803F006
:10C848000303012B01D0002038BD1368DC07FAD59B
:10C85800936803F00D03012B044609D0236C43F0C1
:10C8680010032364636C43F001036364012038BD43
:10C878009368032143F0020393601160FFF7C2FF3E
:10C8880023689B68D9070546DDD5FFF7BBFF401B2A
:10C898000228236802D99A68D207DFD49B68DB078D
:10C8A800F3D4D0E703689A6812F00C0F01D1002086
:10C8B8007047DA6870B59501044604D5008B40F2DC
:10C8C8000112904234D060299A6844D0500706D5A6
:10C8D8009A68920703D49A6842F010029A600C2969
:10C8E80035D09A68100706D59A68920703D49A68D3
:10C8F80042F020029A606C2929D10C25FFF782FFAB
:10C90800236806469B681D4223D0FFF77BFF831BE5
:10C918000B2B2368F6D99A682A42F3D0236C43F08C
:10C9280010032364636C43F001036364012070BD4A
:10C938001A68500606D4124A01E0013AEED0196886
:10C948004906FAD540221A609A6856070FD404257A
:10C95800D4E7002070BD160701D40825CEE79A68F1
:10C968009507FAD49A6842F020029A60F5E79A6827
:10C978009507ECD49A6842F010029A60E7E700BF86
:10C9880000940900026838B5936803F00303012B8B
:10C99800044626D09168154B194209D0236C43F000
:10C9A80010032364636C43F001036364012038BD02
:10C9B800936843F001039360FFF724FF236805465B
:10C9C8001B68D9070BD4FFF71DFF431B022B2368F5
:10C9D800F6D91A68D207E1D51B68D907F3D5002024
:10C9E80038BD1368D807D5D50020F9E73F00008087
:10C9F80030B597B000230193D0B1036C13F0100346
:10CA0800044618D1056C002D00F0998002689168E1
:10CA1800CD0040F18280916888007ED4216CC906DF
:10CA280000D463B1236C23F0120343F01003236492
:10CA3800012017B030BD036CDA06F3D4026893689E
:10CA48005B07EFD4236C23F4817343F00203B2F144
:10CA5800A04F2364814B00F0DE809A4200F0E28010
:10CA680003F540739A4277D07D498A4200F0EC8002
:10CA7800936803F00303012B00F0E880794883688A
:10CA8800616823F440330B438360D4E902130B43FA
:10CA9800616B607E013918BF012143EA403343EAE4
:10CAA800013394F82010012900F09980A16A012926
:10CAB8000CD06D48824200F0A28000F5807082425E
:10CAC80000F09D80E06A184340EA0103916811F084
:10CAD8000C0F0CD1D16821F4804121F00201D16002
:10CAE80094F83010207E490041EA80310B43D06829
:10CAF8005E490140206919430128D16077D0136B42
:10CB080023F00F03136300206064236C23F00303F6
:10CB180043F00103236417B030BD236C23F01203E4
:10CB280043F010032364636C43F001036364236CD4
:10CB3800236C23F0120343F01003236478E7C0E961
:10CB48001255456480F83C50FFF774FE22689368DC
:10CB5800DB0012D52B465AE7414B424891680293B5
:10CB680001F00301012958D0996801F00301012956
:10CB780085D11B68DD0788D481E72046FFF75CFE76
:10CB8800226C12F0100F034622687FF440AF002891
:10CB98007FF43DAF216C364D21F4885121F002011C
:10CBA80041F0020121649068296820F040509060AB
:10CBB800906840F0805090602E48A0FB0101890CDD
:10CBC80001EB810149000191019900293FF41FAF50
:10CBD80001990139019101990029F9D117E728BB79
:10CBE800616A013943EA414141F480335EE7116BE0
:10CBF800E36921F00F01013B0B43136383E7B1F5B0
:10CC0800307F1ED0B1F5807F25D0B1F5E07F08BF19
:10CC18004FF4807156E71848A0E71168C9073FF537
:10CC280034AFA1E714484FF0A04397E7216C21F0F7
:10CC3800220141F020012164616C41F0010161642D
:10CC480034E74FF4E0713DE7064887E71368DB07F0
:10CC58003FF51BAF12E74FF4307133E70001005086
:10CC680000050050000700500004005007C0F0FF06
:10CC78000000002083DE1B430003005038B5036822
:10CC88009D6815F004052BD190F83C30012B044623
:10CC980026D0012380F83C30FFF774FEE8B9226CF7
:10CCA800236822F4706222F0010242F48072B3F128
:10CCB800A04F226416D0354A93425DD0344A926818
:10CCC800D10611D033498B420ED0226C42F4801227
:10CCD8002264CA68920114D50DE084F83C5038BD2E
:10CCE800022038BD2C4A9268226C22F480122264F9
:10CCF800DA68950105D5226C22F4405242F480523C
:10CD08002264226C12F480521CBF626C22F006026C
:10CD1800626400211C22B3F1A04F84F83C101A6011
:10CD280018D01A4A934215D0194A9168C9060CD0EE
:10CD3800916801F01F01052907D0926802F01F02CF
:10CD4800092A02D0134A9342C9D19A6842F00402D0
:10CD58009A6038BD104A9168CC06F6D0916801F007
:10CD68001F010529F1D0926802F01F02092AECD0B0
:10CD7800B3F1A04FE9D038BD02F500729268D5062C
:10CD8800B2D0226C4FF0A041A0E700BF00010050D4
:10CD980000070050000400500003005090F83C3099
:10CDA800012B1DD0012310B56C2180F83C300446BE
:10CDB800FFF778FD18B1002384F83C3010BD2046F9
:10CDC800FFF73AFD0028F6D1236C23F4885323F0AB
:10CDD800010343F001032364002384F83C3010BDB1
:10CDE800022070472DE9F04144690368082C054684
:10CDF8000E460FD0B3F1A04F5CD04248424A434997
:10CE0800834218BF0A469168CC063AD1DA68D0073F
:10CE18003BD40C24B3F1A04F49D03A4A934250D0A6
:10CE28003A4A9268D20647D1DF68FFF7EBFC2A68D6
:10CE380080461368234204D1731C16D11368234219
:10CE4800FCD02B6C43F400732B64D36807F40051B7
:10CE580003F440630B4302D11368180739D47B04E9
:10CE680000D414600020BDE8F081C6B913682340DF
:10CE7800DFD12A6C85F83C3042F004022A64032092
:10CE8800F1E7926812F4404FC3D02B6C43F02003B3
:10CE98002B64002385F83C300120BDE8F081FFF7C2
:10CEA800B1FCA0EB0800B0422A68C2D9DEE7164AF6
:10CEB8009268B9E7144AA6E7154A9342B4D0D768EE
:10CEC800B3E702F500729268D106ADD04FF0A042E8
:10CED800F5E7936813F0040F2B6C0AD123F48073E1
:10CEE8002B642B6CD904BAD42B6C43F001032B644C
:10CEF800B5E743F020032B646B6C43F001036B64CC
:10CF0800ADE700BF000100500003005000070050CB
:10CF1800000400500368186C704700BFF8B590F81B
:10CF28003C30012B40D0012780F83C7004460D4668
:10CF3800FFF782FC0646002831D1236827649A68E7
:10CF4800BD4222F080429A6003D19A6842F0804242
:10CF58009A609A6842F000429A60FFF753FC23688F
:10CF680005469B68002B14DAFFF74CFC431B0A2B81
:10CF78002368F6D99A68002AF3DA236C002223F092
:10CF8800120343F01003012684F83C202364304642
:10CF9800F8BD236C23F0030343F00103236400234B
:10CFA80084F83C303046F8BD02263046F8BD00BF54
:10CFB80070B490F83C2097B00346012A4FF0000067
:10CFC800019000F0EA8001201A6883F83C0090681C
:10CFD80040073ED44D680C6805EB4500042D4FEA28
:10CFE800400000F28D80156B4FF01F0C0CFA00FC0E
:10CFF80025EA0C0504FA00F028431063906810F045
:10D008000C0F3AD1092C886804EB440500F288809B
:10D0180056694FF0070CA8400CFA05F526EA0505F5
:10D0280028435061D0680D694E69C0F3C1004000C3
:10D03800013D86404FEA846C032D00F23F81DFE812
:10D0480015F013000F010501FB001568ED0740F10D
:10D058008D801A6C42F020021A640120002283F8A5
:10D068003C2017B070BC7047156EA648284040EAAF
:10D078000C00304340F000401066906800F0030058
:10D08800012800F08580CD680120012D00FA04F008
:10D0980000F08780D2F8B01021EA0001C2F8B01081
:10D0A800B2F1A04F00F0998097498A424FD0102CD6
:10D0B80000F09C809549112C40F089808868C50152
:10D0C8001CD4B2F1A04F904849D0824245D0904834
:10D0D800824200F0F1808F4DAA4240D0906800F063
:10D0E8000300012848D11268D207B2D4102C05D009
:10D0F800112C03D08A6842F480028A600020ADE7D0
:10D10800092D19D90E2D00F28C80956B3C381F26FD
:10D11800864025EA060504FA00F0284390636DE787
:10D1280096691E3D4FF0070CA8400CFA05F526EA53
:10D1380005052843906175E7556B1E381F26864004
:10D1480025EA060504FA00F02843506356E7102C38
:10D158007149B0D188680002D0D44FF0A0409568DA
:10D16800029005F00305012D3FF46FAF856805F0C7
:10D178000305012D00F09B80102C7BD0112CB9D118
:10D18800B2F1A04FBAD18A6842F080728A60B5E7DE
:10D198001068C6077FF577AFB0E7022017B070BCFC
:10D1A80070478D68D2F8B010092C41EA0001C2F826
:10D1B800B01021D904EB440091691B38072685403B
:10D1C80006FA00F021EA00012943916168E7122C70
:10D1D80094D18868400291D473E7102C4E497FF4AB
:10D1E8006AAF8868050289D44748B8E7474988681C
:10D1F80006027FF56CAF81E7601C516900EB4000C7
:10D208000726854006FA00F021EA00012943B2F119
:10D21800A04F51613FF472AF3B498A427FF44AAF55
:10D228006CE7D56B5A381F26864025EA060504FAAE
:10D2380000F02843D063E1E6D56E3248284040EA42
:10D248000C00304340F00040D06616E7956E2D483C
:10D25800284040EA0C00304340F0004090660CE75C
:10D26800556E2848284040EA0C00304340F0004002
:10D27800506602E7B2F1A04F7FF440AF274A284C2E
:10D2880012688868A4FB0242920C02EB82025200E8
:10D2980040F4000088600192019A002A3FF42EAF02
:10D2A800019A013A0192019A002AF9D126E7006809
:10D2B800C6073FF5CEAE5FE7164850E7106E00F0A0
:10D2C800F840604514D0506E00F0F840604514D026
:10D2D800906E00F0F840604524D0D06E00F0F84021
:10D2E80060457FF4CAAED06E20F00040D066C4E638
:10D2F800106E20F000401066E5E7506E20F0004008
:10D308005066E5E700F0FF83000100500007005079
:10D3180000040050000500500003005000000020E9
:10D3280083DE1B43906E20F000409066D5E700BF77
:10D33800704700BF00287BD038B590F820300446ED
:10D34800002B72D02268136843F001031360FFF7C3
:10D3580059FA054604E0FFF755FA401B0A285BD83E
:10D3680023685A68D107F6D51A6822F002021A60B3
:10D37800FFF748FA054604E0FFF744FA401B0A287D
:10D388004AD823685A689207F6D4227E012A1A6876
:10D398000CBF42F0800222F080021A60627E012AED
:10D3A8001A680CBF42F0400222F040021A60A27EC6
:10D3B800012A1A680CBF42F0200222F020021A60EB
:10D3C800E27E012A1A680CBF22F0100242F0100215
:10D3D8001A60227F012A1A680CBF42F0080222F064
:10D3E80008021A60627F012A1A680CBF42F0040220
:10D3F80022F004021A60D4E90220216902430A4398
:10D4080060696168024301390A4300200121DA6139
:10D41800606284F8201038BD636A052243F4003343
:10D42800636284F82020012038BDFFF781FF89E777
:10D438000120704770B490F820200468013A012A4E
:10D4480007D9426A034642F48022012070BC5A621E
:10D458007047D4F800324A69CD6943F00103C4F833
:10D46800003202F01F0001238340D4F81C0220EA96
:10D478000300C4F81C02D843002D3DD1D4F80C5247
:10D48800CE680540C4F80C528D8804EBC20245EA08
:10D498000645C2F840528E680D8845EA0645C2F82E
:10D4A80044528A6912BBD4F804220240C4F8042208
:10D4B8000A69AAB9D4F814221040C4F814020A6AF6
:10D4C800012A04D1D4F81C221343C4F81C32D4F81E
:10D4D800003223F001030020C4F8003270BC70470A
:10D4E800D4F814221A43C4F81422E8E7D4F8042222
:10D4F8001A43C4F80422DBE7012DD2D1D4F80C5228
:10D508000E681D43C4F80C528D8804EBC20245EA2C
:10D518000645C2F840528E688D8945EA0645C2F82C
:10D528004452BEE738B590F82030012B044605D0A8
:10D53800436A43F400234362012038BD0268022392
:10D5480080F82030136823F001031360FFF75AF9BD
:10D55800054604E0FFF756F9431B0A2B07D8236852
:10D568005B6813F00103F5D16362184638BD636A3E
:10D57800052243F40033636284F82020DCE700BF0F
:10D5880030B490F820C005680CF1FF3CBCF1010FE5
:10D59800AC6839D814F0E05F06D1436A43F400134D
:10D5A8004362012030BC7047C4F301640120A040ED
:10D5B80018608B686BB3C8680343486843EAC003C4
:10D5C80004F1180000012B5005EB041C0B69CCF882
:10D5D80084310B7D012B4FEA041105D1DCF884312D
:10D5E80043F48073CCF884316B185168C3F88C11FC
:10D5F8001268C3F88821DCF8803143F00103002069
:10D6080030BCCCF880317047436A43F480234362CE
:10D61800C7E7CB68086843EA405004F118031B01C8
:10D62800E850D1E790F82020013A012A034605D9AD
:10D63800426A42F4802201205A627047CA0704D520
:10D648000068826842F080028260880704D5186802
:10D65800826842F4004282604A0704D51A689368D7
:10D6680043F4000393600020704700BF90F8203017
:10D67800013B012B01D900207047036898689A681C
:10D688009B681201C0F3806048BF0130DB00F3D50E
:10D698000130704790F820C00CF1FF3CBCF1010F3D
:10D6A8006BD870B5046841B9E568AD0708D1436A1D
:10D6B80043F400134362012070BD2569AE07F6D01C
:10D6C80004EB011C4FEA011EDCF8B05105F004051B
:10D6D8009560002D57D0DCF8B051ED085560DCF8A6
:10D6E800B05105F00205D560DCF8B4512D0758BFDC
:10D6F800DCF8B451DCF8B46154BF05F00F05082517
:10D7080015617444DCF8B451C6F3072696612D0CF4
:10D71800D4F8B86155611E7002687244D2F8B82115
:10D72800120A5A7002687244D2F8B821120C9A7020
:10D7380002687244D2F8B821120EDA700268724494
:10D74800D2F8BC211A7102687244D2F8BC21120ABC
:10D758005A7102687244D2F8BC21120C9A7102689C
:10D768007244D2F8BC21120EDA71026881B9D3680A
:10D7780043F02003D360002070BD436A43F4802344
:10D78800436201207047DCF8B0516D0D1560A6E7C3
:10D79800136943F020031361EDE700BF90F82020E0
:10D7A800013A012A034605D9426A42F4802201203F
:10D7B8005A627047026853690B43002053617047EF
:10D7C800704700BF704700BF704700BF704700BF79
:10D7D800704700BF704700BF704700BF704700BF69
:10D7E800704700BF704700BF704700BF2DE9F84F72
:10D7F80003685C69D3F804809F68D3F80CB0D3F849
:10D808001090D3F818A014F0010605461FD0F907A8
:10D8180000F19B800026F9050BD52B684FF4807228
:10D828009A60BA0500F1DE807B0540F1D18046F4AC
:10D838000056F9030BD52B684FF480329A60BA036F
:10D8480000F1D4807B0340F1C88046F400462107EC
:10D8580002D51BF0100F72D1620702D51BF0080F1A
:10D868007ED1A30704D52B68DB689F0740F098801A
:10D87800600602D519F0100F5BD1A10602D519F088
:10D88800080F74D1E20603D52B681B699B077CD16E
:10D89800A70302D518F0100F7BD1E00302D518F0CA
:10D8A800080F6BD1210440D518F0040F2B683AD02B
:10D8B800E20544BF0AF001021643A70574D46105C6
:10D8C80004F400622BD51AF0040F28D046F00406A1
:10D8D800002A77D01AF0700A74D0BAF1400F00F01D
:10D8E800A88000F28780BAF1200F00F0BD80BAF15D
:10D8F800300F00F0B080BAF1100F40F095809A69AF
:10D90800042122F070029A6146F0080659606B6A99
:10D91800334328466B62FCF7CDFEBDE8F88F12B1A1
:10D928001AF0700AD9D104225A60002EEFD1BDE84E
:10D93800F88F2B68102246F480661A619DE72B68E1
:10D94800102246F40076DA6086E701229A60BA0768
:10D9580035D47B0739D43E075BD54FF480565AE758
:10D968002B680822DA602846FFF736FF79E72B682C
:10D9780008221A612846FFF733FF83E72B6808223D
:10D988005A602846FFF730FF8CE72846FFF726FF46
:10D998007EE72B6810225A602846FFF723FF7CE7B2
:10D9A8002846FBF797FA63E71AF0020F87D060055D
:10D9B80046F0020604F4006285D41AB18AE7FFF73C
:10D9C800FFFE27E704225A60A1E74FF4006622E72A
:10D9D800380525D546F480462BE738031CD546F490
:10D9E800803634E72846FFF7EDFE22E72846FFF7A2
:10D9F800EBFE2CE7BAF1500F24D0BAF1600F13D127
:10DA08009A69042122F070029A6146F4807659607E
:10DA18007DE7FFF7DBFEFDE62846FFF7DBFE16E7AE
:10DA28002846FFF7D5FE04E79A6922F070029A614A
:10DA380079E79A69042122F070029A6146F040065B
:10DA4800596064E79A69042122F070029A6146F0ED
:10DA5800800659605BE79A69042122F070029A6196
:10DA680046F02006596052E79A69042122F07002B4
:10DA78009A6146F01006596049E700BF0749CA682D
:10DA880003024FF6FF0003F4E0630240134343F040
:10DA9800BF6343F40033CB60704700BF00ED00E084
:10DAA8001B4BDB68C3F3022300B5C3F1070EBEF1BD
:10DAB800040F03F1040C28BF4FF0040EBCF1060F4D
:10DAC8001CD9A3F1030C4FF0FF3303FA0CF322EA3D
:10DAD80003024FF0FF3303FA0EF321EA030303FABC
:10DAE8000CF313431B010028DBB20ADB00F1604092
:10DAF80000F5614080F800335DF804FB002294468D
:10DB0800E7E7044A00F00F00024413765DF804FBCF
:10DB180000ED00E0FCEC00E0002807DB4109044AC6
:10DB280000F01F000123834042F82130704700BFF6
:10DB380000E100E00138B0F1807F01D30120704797
:10DB480010B44FF0E023074C58614FF0F00C84F804
:10DB580023C00022072110469A615DF8044B196121
:10DB6800704700BF00ED00E0002833D0D0E9012164
:10DB7800034610B4D0E903040A43024358691968FC
:10DB880022430243D3E90640224302430868124C69
:10DB98006FF30D100243A1420A6011D90F4A1048D1
:10DBA800104C0A44A0FB0202120992004FF4807143
:10DBB80000201984C3E90F425DF8044B986370474D
:10DBC800094A07480A44A0FB02021209A4F20744C2
:10DBD8009200EBE70120704707040240F8FBFDBF05
:10DBE800CDCCCCCC00040240F8FFFDBF70B490F857
:10DBF8002040012C09D090F821C00124A44580F8C8
:10DC0800204005D0002380F82030022070BC7047E7
:10DC1800022580F821500468C66B002585632568B5
:10DC280025F001052560056C0CFA05F57560636043
:10DC38004368102BC36A0BBFA260A160E160E26079
:10DC480053B1236843F00E032360236843F00103B4
:10DC58000020236070BC7047236843F00A032360E8
:10DC6800236823F004032360EFE700BF70B4C66B9A
:10DC7800026C31680468042393400B4225680ED077
:10DC880015F0040F0BD02268920603D4226822F004
:10DC980004022260C26A7360CAB170BC10470223D2
:10DCA80093400B4215D015F0020F12D0226892064D
:10DCB80006D4226822F00A022260012280F821207C
:10DCC800826A7360002180F82010002AE5D170BCB8
:10DCD8007047082393400B42F9D02B07F7D52368E8
:10DCE800016B23F00E032360012303FA02F24FF4C1
:10DCF80080747260048483630029E8D070BC08478C
:10DD08002DE9F04F0C6885B0002C00F082800023CC
:10DD18004FF0010B0BFA03FE1EEA040A75D04D689A
:10DD280005F0030C5A0003260CF1FF3806FA02F737
:10DD3800B8F1010F6FEA07076ED9BCF1030F40F085
:10DD4800BF800CFA02F2D0F800C00CEA07073A4389
:10DD580015F4403F026058D05F4FBA6942F00102A3
:10DD6800BA61BA6902F001020392039A23F003022E
:10DD780002F1804202F5803203F0030C97684FEA03
:10DD88008C0C0F2606FA0CFEB0F1904F27EA0E070E
:10DD980017D0524EB04200F08580514EB04200F08C
:10DDA8008880DFF844E1704575D0DFF840E17045C0
:10DDB8000CBF4FF0040E4FF0050E0EFA0CFC47EAAC
:10DDC8000C079760474A9268EE026FEA0A07454EC9
:10DDD80054BF3A404AEA0202B260F268AE02414ECB
:10DDE80054BF3A404AEA0202F2607268AE033D4EFE
:10DDF80054BF3A404AEA020272603268ED03394D74
:10DE080054BF3A404AEA02022A60013334FA03F264
:10DE180080D105B0BDE8F08FD0F80890CE6809EA47
:10DE2800070906FA02F848EA0908C0F80880D0F895
:10DE380004808E6828EA0E08C5F3001E0EFA03FE59
:10DE48004EEA080EC0F804E0D0F80C8006FA02FE8C
:10DE580008EA07084EEA080EBCF1020FC0F80CE009
:10DE68007FF46FAF0E694FEAD30803F0070E00EB9B
:10DE780088084FEA8E0E06FA0EF6D8F8209001961A
:10DE88000F2606FA0EFE019E29EA0E0946EA090E39
:10DE9800C8F820E055E74FF0030E0EFA0CFC47EAED
:10DEA8000C078EE74FF0010E0EFA0CFC47EA0C0740
:10DEB80087E74FF0020E0EFA0CFC47EA0C0780E7E2
:10DEC800D0F80C808E6808EA070806FA02FE4EEAC7
:10DED800080EC0F80CE034E70010024000040048C7
:10DEE8000008004800040140000C004800100048E9
:10DEF8000369194214BF0120002070470AB18161EB
:10DF080070478162704700BF436901EA030221EA52
:10DF1800030141EA02418161704700BF044A516927
:10DF2800014200D1704708B55061FCF7DDFB08BD20
:10DF380000040140F8B503689C6914F0100C05460C
:10DF480041D0164610220F46DA619C6914F020046D
:10DF580079D1781C4DD19A699106FCD52022DA61D5
:10DF68009A6944F0040CD4054FF001002FD45705EA
:10DF78003AD54FF48061D9614CF0080C960504D568
:10DF88004FF400724CF0020CDA619A69910744BFB1
:10DF980000229A629A69D20703D49A6942F0010270
:10DFA8009A615A6829490A405A606B6C002243EA10
:10DFB8000C0320216B6485F8402085F8411085F812
:10DFC80042200120F8BD9A69D4056046CFD54FF4A8
:10DFD8008071D96151054CF0010CCFD54FF48061A7
:10DFE800D9614CF0080CC9E79405C9D40028CCD1F4
:10DFF800F8BDFEF707FC801BB8422B6804D81FB198
:10E008009A699206A5D5A9E7586895F842209969B2
:10E018000C04D2B20BD5410409D4202A07D05A687F
:10E0280042F480425A60FEF7EDFB2B6806469A6977
:10E0380092068AD4FEF7E6FB831B192B2B68F6D9C8
:10E048009A6920248CE7002488E700BF00E800FED6
:10E0580070B5036804460D46164605E0FFF76AFFEB
:10E0680000BB6A1C08D123689B699B073246294676
:10E078002046F3D5002070BDFEF7C4FB801BA842E4
:10E08800236801D8002DEFD19A6912F00202EBD172
:10E09800636C84F8402020210B43636484F84110AA
:10E0A80084F84220012070BD2DE9F843DDF8209066
:10E0B8001E46054603688846174605E0FFF73AFFFF
:10E0C80068BB731C0ED12B689C6938EA04040CBF2A
:10E0D80001230023BB424A4631462846EED00020A1
:10E0E800BDE8F883FEF78EFBA0EB0900B0422B6871
:10E0F80001D8002EE8D19A6938EA02020CBF012241
:10E108000022BA42E0D16B6C002243F020032021A8
:10E118006B6485F8402085F8411085F8422001207D
:10E12800DEE700BF03689B699B0629D470B50546E6
:10E138000C4616460DE0FEF765FB801BA0422968D9
:10E1480000D81CB98B6913F020030DD08B699B068E
:10E1580008D4324621462846FFF7ECFE0028EAD0CC
:10E16800012070BD002070BD6A6C85F84030202108
:10E178000A436A64012085F8411085F84230F0E7C7
:10E1880000207047704700BF002854D010B590F8A1
:10E198004130044603F0FF02002B47D023682422B5
:10E1A80084F841201968626821F0010122F0706248
:10E1B80019601A619A68E16822F4004201299A609C
:10E1C800A26809D042F4044202299A6007D15A6829
:10E1D80042F400625A6006E042F400429A605A68CB
:10E1E80022F400625A605968226941F0007141F4D2
:10E1F800004159606169D8680A43A16920F4004068
:10E2080042EA0122E169D860206ADA6001431960B4
:10E21800196841F00101196000222023626484F822
:10E228004130226384F84220104610BD80F8402017
:10E23800FFF7A8FFB2E70120704700BF704700BF93
:10E24800B0B10268242310B580F84130136823F078
:10E25800010304461360FFF7F1FF0023636484F8A9
:10E26800403084F84130236384F84230184610BDAA
:10E27800012070472DE9F047994690F8413082B067
:10E28800202B0A9E40F0908090F84030012B0446E5
:10E2980000F08A804FF0010A80F840A00F469046AF
:10E2A800FEF7B0FA52460546009019234FF4004194
:10E2B8002046FFF7F9FE002872D1212384F8413067
:10E2C800102384F842306064A4F82A90638D226891
:10E2D800C4F824809BB2FF2B6063C7F3090767D893
:10E2E800638D9BB22385002B40F08D8053684A498B
:10E2F8000B403B4343F0007343F400535360638D7A
:10E308009BB22A4631462046002B38D0FFF7A0FEA4
:10E31800002845D1616A236811F8012B9A62638D40
:10E32800228D6162013B9BB26385638D013A92B293
:10E338009BB22285002BE2D0002AE0D180210095F3
:10E3480033462046FFF7B0FEFF2148BB638DDFF858
:10E35800D0C022689BB28B42604647D9536821855A
:10E3680003EA0C033B4343F0FF7343F480335360E9
:10E37800638D9BB22A4631462046002BC6D1FFF753
:10E38800D1FE68B92368254D2021D9615A682A40F1
:10E398005A6084F8411084F8400084F8420000E094
:10E3A800012002B0BDE8F087022002B0BDE8F08786
:10E3B800FF232385FE214FF47F034FF0807018F868
:10E3C80001CBC2F828C02185618DDFF84CC0C4F8A4
:10E3D8002480013989B2618551683B4301EA0C0107
:10E3E8000B43034343F40053536088E7638D51683C
:10E3F8009BB22385DBB247EA034301400B4343F05A
:10E40800007353607BE7013B99B24B1CDBB21B04E2
:10E418004FF00070D3E700BF009800FC00E800FE52
:10E42800009C00FC2DE9F04F994690F8413083B0EC
:10E43800202BBDF834A00E9F40F0A7800C9B04460B
:10E44800002B00F09B80BAF1000F00F0978090F845
:10E458004030012B00F099804FF0010B80F840B05C
:10E468000D469046FEF7CEF95A4606460090192307
:10E478004FF400412046FFF717FE002840F0818046
:10E488000C9B6362212384F84130226862496063EF
:10E49800402384F842306064A4F82AA053680B40F3
:10E4A8005FFA89F143EA0143C5F309052B4343F0B9
:10E4B800807343F400535360394632462046FFF7D1
:10E4C800C7FD002865D1B9F1010F236865D15FFA4E
:10E4D80088F29A6200963B46002280212046FFF788
:10E4E800E3FD002855D1638D22689BB2FF2B70D9BC
:10E4F80053684A490B402B4343F0FF7343F480337E
:10E50800FF212185536003E0638D9BB2002B6ED001
:10E51800324639462046FFF79BFD002831D1616A13
:10E52800236811F8012B9A62638D228D6162013B89
:10E538009BB26385638D013A92B29BB22285002B10
:10E54800E2D0002AE0D1802100963B462046FFF722
:10E55800ABFDFF21A8B9638DDFF8C0C022689BB26C
:10E568008B42604628D95368218503EA0C032B4364
:10E5780043F0FF7343F480335360C5E74FF40073EF
:10E588006364012003B0BDE8F08F022003B0BDE84A
:10E59800F08F002384F84030F3E74FEA18229A629C
:10E5A800394632462046FFF753FD0028F1D122684C
:10E5B8005FFA88F393628DE7638D51689BB2238578
:10E5C800DBB245EA034301400B4343F00073536059
:10E5D8009AE7638D114851689BB22385DBB245EAFF
:10E5E800034301400B4343F00073536090E7324606
:10E5F80039462046FFF796FD0028C2D12368084D0A
:10E608002021D9615A682A405A6084F8411084F858
:10E61800400084F84200B5E7009800FC009C00FC2C
:10E6280000E800FE2DE9F04F994690F8413083B09C
:10E63800202BBDF834A00E9F40F0A8800C9B044608
:10E64800002B00F09C80BAF1000F00F0988090F841
:10E658004030012B00F09A804FF0010B80F840B059
:10E668000D469046FEF7CEF85A4606460090192306
:10E678004FF400412046FFF717FD002840F0828044
:10E688000C9B6362222384F84130226864496063EA
:10E69800402384F842306064A4F82AA053680B40F1
:10E6A8005FFA89F143EA0143C5F309052B4343F4B3
:10E6B80000535360394632462046FFF7C9FC00280C
:10E6C80068D1B9F1010F236868D15FFA88F29A62BC
:10E6D80000963B46002240212046FFF7E5FC002833
:10E6E80058D1638D22689BB2FF2B73D953684C496C
:10E6F8000B402B4343F0807343F49233012121856F
:10E70800536003E0638D9BB2002B73D000963B46A9
:10E71800002204212046FFF7C7FC002832D12268D6
:10E72800636A526A1A70638D228D616A013B9BB2DB
:10E738006385638D013A92B201319BB26162228591
:10E74800002BDFD0002ADDD1802100963B462046F1
:10E75800FFF7AAFC0121A8B9638DDFF8CCC02268B5
:10E768009BB2FF2B604628D95368218503EA0C0326
:10E778002B4343F0807343F480335360C2E74FF474
:10E7880000736364012003B0BDE8F08F022003B07A
:10E79800BDE8F08F002384F84030F3E74FEA1822F1
:10E7A8009A62394632462046FFF752FC0028F1D1DA
:10E7B80022685FFA88F393628AE7638D51689BB297
:10E7C8002385DBB245EA034301400B4343F0007362
:10E7D800536097E7638D124851689BB22385DBB27B
:10E7E80045EA034301400B4343F0007343F41053DD
:10E7F80053608BE7324639462046FFF793FC0028E2
:10E80800C0D12368074D2021D9615A682A405A602F
:10E8180084F8411084F8400084F84200B3E700BF50
:10E82800009800FC00E800FE009C00FC2DE9F04781
:10E8380084B004460020039094F84100202867D152
:10E84800174622689946936913F4004360D194F8F7
:10E85800400001285CD0C1F30906012184F840106A
:10E8680046F00078242184F8411048F42058636465
:10E87800E368012B06BF46F0007343F40053434698
:10E888005360FDF7BFFF054620688369826903F07E
:10E89800200302F0100213431CD1B9F1FF3F11D03D
:10E8A800FDF7B0FF401B484545D8B9F1000F08D126
:10E8B80041E0B9F1FF3F05D0FDF7A4FF401B4845F3
:10E8C80039D820688169836901F0200103F01003B9
:10E8D8001943EED0836913F0100A1DD100954B46F9
:10E8E800524620212046FFF7DFFB002831D0636C19
:10E8F800042B04D123682022DA61C4F844A0039BC6
:10E9080001330393039B039BBB4214D22268AFE7F6
:10E91800022004B0BDE8F0871023C36100220095EF
:10E928004B4620212046FFF7BFFB0028E7D123688C
:10E938002022DA61E3E7202384F84130636C43F056
:10E94800200363640120002384F8403004B0BDE84C
:10E95800F08722682023D36184F8413084F840008E
:10E96800D7E700BF28B338B5D0E90031826804463C
:10E978004CF6CC40186045F25550186059609A60C2
:10E98800FDF740FF23680546DA6851070AD0FDF70E
:10E9980039FF401B27282368F6D9DA685207F3D0D5
:10E9A800032038BD1969E268914204D01A61002039
:10E9B80038BD012070474AF6AA221A60F7E700BF5F
:10E9C80003684AF6AA2200201A607047024A1368B0
:10E9D80043F480731360704700700040002800F013
:10E9E800BB822DE9F0430368D90783B004464BD5B1
:10E9F800AC494A6802F00C02042A00F05D814A68BA
:10EA080002F00C02082A00F05381D4E90132B3F570
:10EA1800803F15D0002B00F08981B3F5A02F00F0BE
:10EA28003682A04B196821F480311960196821F4E5
:10EA380080211960D96A21F00F010A43DA6209E0DE
:10EA480098490B6843F480330B60CB6A23F00F03BB
:10EA58001343CB62FDF7D6FE924F05464FF40038BC
:10EA6800012605E0FDF7CEFE401B642800F25A811E
:10EA780098FAA8F33A6898FAA8F3B3FA83F306FA6F
:10EA880003F31342EED023689F073FD5854A5168A8
:10EA980011F00C0F00F0CB80516801F00C0108292F
:10EAA80000F0C1802269002A00F09481012595FABE
:10EAB800A5F3B3FA83F303F1845303F584139B009E
:10EAC800784F1D60FDF79EFE4FF00208064605E0F0
:10EAD800FDF798FE801B022800F2248198FAA8F31B
:10EAE8003A6898FAA8F3B3FA83F305FA03F31342E2
:10EAF800EED03968F82292FAA2F26369B2FA82F289
:10EB0800934021F0F80213433B6023681D0729D482
:10EB1800580753D5634BDA69D10000F1C180DA692F
:10EB280042F08052DA61DB6903F080530193019B64
:10EB380001255D4E3368DA0540F1E480E368012B76
:10EB480000F06C81002B00F01781052B554B1A6AD9
:10EB580000F0A98122F001021A621A6A22F0040266
:10EB68001A6260E1A269002A74D0012696FAA6F218
:10EB78004E4BDFF83081B2FA82F213449B00022533
:10EB88001E60FDF73FFE074605E0FDF73BFEC01B94
:10EB9800022800F2C78095FAA5F395FAA5F395FA2D
:10EBA800A5F3D8F8242095FAA5F3B3FA83F306FA67
:10EBB80003F31342E9D023685807ABD4E36973B36E
:10EBC800384D6A6802F00C02082A00F04F81022BC7
:10EBD8004FF0807300F06F8193FAA3F3B3FA83F3D5
:10EBE80003F1845303F584139B0000221A60FDF798
:10EBF80009FE4FF000770446012605E0FDF702FE06
:10EC0800001B022800F28E8097FAA7F32A6897FA69
:10EC1800A7F3B3FA83F306FA03F31342EED1002005
:10EC280003B0BDE8F0835268D6033FF53BAF02223C
:10EC380092FAA2F11B49086892FAA2F20121B2FAEB
:10EC480082F201FA02F202424BD022698A4248D08B
:10EC58000120E5E7012797FAA7F1144BDFF8448074
:10EC6800B1FA81F10B449B0002251A60FDF7CAFD39
:10EC7800064604E0FDF7C6FD801B022852D895FA27
:10EC8800A5F395FAA5F395FAA5F3D8F8242095FAF3
:10EC9800A5F3B3FA83F307FA03F31342EAD18AE739
:10ECA800002546E7001002400070004020819010C7
:10ECB8004A68D2037FF5A9AE4FF4003292FAA2F166
:10ECC800A649086892FAA2F20121B2FA82F201FA80
:10ECD80002F202423FF4D8AE6268002A7FF4D4AE52
:10ECE800B6E79E4DF821286891FAA1F16269B1FA58
:10ECF80081F120F0F8008A4002432A601D077FF561
:10ED080007AF2FE7336843F480733360FDF77AFD6C
:10ED180007463368DB053FF511AFFDF773FDC01BF0
:10ED28006428F6D9032003B0BDE8F0838B4D2B6827
:10ED380023F480332B602B6823F480232B60EB6A49
:10ED480023F00F031343EB62FDF75CFD4FF400382B
:10ED58000646012704E0FDF755FD801B6428E1D82D
:10ED680098FAA8F32A6898FAA8F3B3FA83F307FA8B
:10ED780003F31342EFD186E6784E336A23F001039A
:10ED88003362336A23F004033362FDF73BFD4FF02F
:10ED9800020907464FF0010806E0FDF733FD41F28E
:10EDA8008833C01B9842BDD899FAA9F399FAA9F3F8
:10EDB800326A99FAA9F3B3FA83F308FA03F3134210
:10EDC800EBD1002D3FF4FAAE644AD36923F08053A7
:10EDD800D361F3E6012696FAA6F3B3FA83F303F1B7
:10EDE800845303F584139B005C4F1A60FDF70AFDFA
:10EDF8004FF00208054604E0FDF704FD401B022819
:10EE080090D898FAA8F33A6898FAA8F3B3FA83F373
:10EE180006FA03F31342EFD1236877E64F4A136AE1
:10EE280043F001031362FDF7EDFCDFF8308106467D
:10EE38004FF00209012707E0FDF7E4FC41F28833AF
:10EE4800801B98423FF66EAF99FAA9F399FAA9F395
:10EE5800D8F8202099FAA9F3B3FA83F307FA03F351
:10EE68001342E9D0002D3FF4A9AEADE7012B3FF4E2
:10EE7800EFAE6B68226A03F4803191427FF4E8AE0A
:10EE8800606A03F47013181A18BF0120C8E603F16A
:10EE98008043A3F53C33196841F48021196019684F
:10EEA80041F48031C5E542F004021A621A6A42F060
:10EEB80001021A62B7E793FAA3F3B3FA83F303F1F3
:10EEC800845303F584139B0000221A60FDF79AFC13
:10EED8004FF000780646012705E0FDF793FC801BFC
:10EEE80002283FF61FAF98FAA8F32A6898FAA8F301
:10EEF800B3FA83F307FA03F31342EED1D4E9081304
:10EF08006A680B4322F4741213436B604FF08073EA
:10EF180093FAA3F3B3FA83F303F1845303F5841349
:10EF28009B000E4E1F60FDF76DFC4FF00077044606
:10EF3800012505E0FDF766FC001B02283FF6F2AE4E
:10EF480097FAA7F3326897FAA7F3B3FA83F305FAA7
:10EF580003F31342EED062E601207047001002402E
:10EF68000E4A536803F00C01082901D00C48704779
:10EF7800C3F383410B48D26A405CDB0309D50A49D5
:10EF8800074B02F00F028A5CB3FBF2F303FB00F0BD
:10EF98007047064B03FB00F0704700BF00100240AB
:10EFA80000127A008C1E01087C1E010800093D0031
:10EFB800002800F08D80504A136803F007038B4245
:10EFC8002DE9F0410D4604460CD2136823F00703DF
:10EFD8000B431360136803F007038B4202D0012030
:10EFE800BDE8F0812368980706D54449A0684A68B7
:10EFF80022F0F00202434A60D9072CD56268012A40
:10F0080068D0022A0CBF4FF00073022393FAA3F1D1
:10F018003A49086893FAA3F30121B3FA83F301FA92
:10F0280003F30342DBD0354E736823F00303134325
:10F038007360FDF7E7FB41F28838074604E0FDF707
:10F04800E1FBC01B404554D87368626803F00C03A9
:10F05800B3EB820FF3D1284A136803F00703AB42DE
:10F0680009D9136823F007032B431360136803F0CF
:10F078000703AB42B3D123685A0706D51F49E06896
:10F088004A6822F4E06202434A601B0707D51B4A1C
:10F098002169536823F4605343EAC1035360FFF7BF
:10F0A8005FFF164BF0225B6892FAA2F2B2FA82F284
:10F0B80003F0F003124C1349D340134AE35C20FADF
:10F0C80003F308681360FDF75BFB0020BDE8F081DF
:10F0D800012070474FF4003393FAA3F107490968F8
:10F0E80093FAA3F3B3FA83F302FA03F30B429AD128
:10F0F80075E7032074E700BF0020024000100240BB
:10F10800FC02010810000020000000202DE9F04357
:10F118000368DD0383B0044640D57D4BDA69D0002F
:10F1280040F1B6807B4D2B68D9054FF0000640F1C1
:10F13800BF80DFF8DC816168D8F8203013F44073B1
:10F1480020D001F440729A421CD0D8F820104FF415
:10F15800803321F4407093FAA3F26F4FB2FA82F22F
:10F168003A4492000125156093FAA3F3B3FA83F3A6
:10F178003B449B0000221A60CB07C8F8200000F12E
:10F18800AB806168624A136A23F440730B431362CD
:10F198001EB1D36923F08053D3612368DF0706D5F6
:10F1A8005B49A0680A6B22F0030202430A639E07C8
:10F1B80006D55749E0680A6B22F4403202430A63D5
:10F1C8005D0706D5524920690A6B22F440220243A2
:10F1D8000A63980606D54E49E0690A6B22F01002C8
:10F1E80002430A63990306D54949A06B4A6822F489
:10F1F800800202434A605A0606D54549206A0A6BCE
:10F2080022F0200202430A631F0706D540496069BD
:10F218000A6B22F4401202430A63DE0606D53C4913
:10F22800A0690A6B22F4400202430A639D0506D5D1
:10F238003749E06A4A6822F4000202434A60180625
:10F2480006D53349606ACA6A22F4F8720243CA6270
:10F25800D90506D52E49A06ACA6A22F47852024313
:10F26800CA62DA0406D52A49206B0A6B22F4807236
:10F2780002430A639B0403D4002003B0BDE8F08373
:10F28800234A616B136B23F400730B431363F3E797
:10F29800DA69204D42F08052DA61DB6903F080536D
:10F2A8000193019B2B68D9054FF001063FF541AF4B
:10F2B8002B6843F480732B60FDF7A4FA07462B688C
:10F2C800DA053FF536AFFDF79DFAC01B6428F6D97D
:10F2D800032003B0BDE8F083FDF794FA4FF002096C
:10F2E800074699FAA9F399FAA9F3D8F8202099FAC8
:10F2F800A9F3B3FA83F305FA03F313427FF441AF9A
:10F30800FDF780FA41F28833C01B9842E9D9DFE75C
:10F318000010024000700040008190102DE9F04379
:10F3280083B01F4614460A9E0D468046FDF76AFACA
:10F338003E44361AFDF766FA2C4B1A68C2F3CB32F4
:10F3480006FB02F281460192D8F80020936835EA5C
:10F3580003030CBF01230023A34209D07B1C0BD15C
:10F36800936835EA03030CBF012300239C42F7D1BD
:10F37800002003B0BDE8F083FDF744FAA0EB0900D4
:10F38800B04208D2019B002B019B03F1FF3308BF59
:10F3980000260193D8E7D8E900315A68B1F5827F91
:10F3A80022F0E0025A6014D0D8F82820B2F5005FA5
:10F3B80007D11A6822F400521A601A6842F40052FF
:10F3C8001A600122002388F85D2088F85C30032049
:10F3D800CFE7D8F80820B2F5004F02D0B2F5806F19
:10F3E800E2D11A6822F040021A60DDE7000000202E
:10F3F8002DE9F04F83B09846002316468DF8033068
:10F408000C9C07460D46FDF7FDF94444A4EB0009A2
:10F41800FDF7F8F9384BD7F800B01A6802EB82020A
:10F42800C2EBC2031B0D09FB03F3824601935A4644
:10F4380093682B40B34216D0B5F5C06F0AD0B8F127
:10F44800FF3F1ED1946805EA040C66450BD0B5F55C
:10F45800C06FF7D15EB1B8F1FF3F12D1936803F4E2
:10F46800C0639E42F6D1002003B0BDE8F08F9BF840
:10F478000C30DBB28DF80330B8F1FF3F9DF8033054
:10F48800E0D0FDF7BFF9A0EB0A0048450AD2019B7E
:10F498003A68002B019B03F1FF3308BF4FF00009C6
:10F4A8000193C5E7D7E900315A68B1F5827F22F0A8
:10F4B800E0025A6013D0BA6AB2F5005F07D11A6841
:10F4C80022F400521A601A6842F400521A600122AB
:10F4D800002387F85D2087F85C300320C4E7BA680A
:10F4E800B2F5004F02D0B2F5806FE4D11A6822F06D
:10F4F80040021A60DFE700BF0000002070B582B04C
:10F508000D46164600920B4600224FF4C0510446A1
:10F51800FFF76EFF80B9024600962B4680212046F1
:10F52800FFF7FCFE024638B900962B464FF4C0613F
:10F538002046FFF75DFF20B1236E43F020032366CA
:10F54800032002B070BD00BF704700BF002800F064
:10F558009480426A2DE9F84F0446002A5AD00023C5
:10F56800C0E9043394F85D3003F0FF01002B5CD050
:10F578002168E568022384F85D300B68B5F5E06F13
:10F5880023F040030B6057D86BD1A66A4FF4805C18
:10F5980006F40057636802F0100EA26803F4827341
:10F5A80002F404421343226902F00202134362691F
:10F5B80002F0010243EA020BD4E90602236A00F4CE
:10F5C800007A02F0380803F080094BEA0A0343EA9C
:10F5D8000803626B43EA09033B4302F008020B602D
:10F5E800000C05F4706300F004001A43024342EA79
:10F5F8000E02B6F5005F42EA0C0226D04A60CB69DB
:10F60800002023F400630122CB61206684F85D208A
:10F61800BDE8F88F4368B3F5827FA3D0C26194F840
:10F628005D3003F0FF01002BA2D184F85C10204666
:10F63800FFF78AFF626A9BE7B5F5706F1FD1A66A6C
:10F648004FF0000C06F40057A4E7236B7BB9B5F51F
:10F65800E06F17D9022323630B6843F400630B6040
:10F6680007E04FF4805C0027A7623E4692E7022B32
:10F67800F2D0A38D4A600B61C1E7012070474FF0BB
:10F68800000CF0E701232363F3E700BF90F85D3037
:10F69800012B70D1002970D0002A6ED010B5044615
:10F6A800D8B294F85C30012B7BD084F85C00A06859
:10F6B800A28700234FF0030CB0F5004F84F85DC01B
:10F6C800C4E913332366A163E28723642268A4F89C
:10F6D8004430A4F8463007D1136823F04003136080
:10F6E800136843F480431360A36AB3F5005F07D13E
:10F6F800136823F400531360136843F40053136032
:10F70800606D294BC362294B8362294B0363002335
:10F718004363536823F480435360E368B3F5E06FB1
:10F728000FD84369B3F5806F0BD1E38F13F0010F46
:10F7380053682DD123F480435360E38FC3F34E0302
:10F74800E387E38F0C329BB2FEF750FAB8B923680F
:10F758001A68520603D41A6842F040021A6000225E
:10F7680084F85C205A6842F020025A605A6842F0D5
:10F7780002025A6010BD0220704701207047236EB4
:10F78800002243F0100384F85C202366012010BD9A
:10F7980043F480435360E38FC3F34E030133E3879D
:10F7A800CFE7022010BD00BFC5F70008F9F7000831
:10F7B800D5F70008704700BF704700BF08B5406A1A
:10F7C800FFF7FAFF08BD00BF704700BF406A026834
:10F7D80008B5536823F003035360036E012143F017
:10F7E8001003036680F85D10FFF7EEFF08BD00BF49
:10F7F80030B5054683B0446AFDF704F82B681B68EA
:10F808009B0622D423680246586820F020005860DE
:10F81800586820F00200586064212046FFF76EFE09
:10F8280018B1236E43F020032366A36833B9226816
:10F838000193D368019393680193019B01230022EC
:10F84800E28784F85D30236E23B92046FFF7B2FFC4
:10F8580003B030BD2046FFF7B7FF03B030BD00BF8F
:10F8680090F85D00704700BF036A026A22F0010247
:10F87800026270B4446882690D6822F4803222F012
:10F8880073022A438D6823F002032B43134DA842C9
:10F898000FD005F50065A8420BD005F54065A842D4
:10F8A80007D005F58065A84203D005F58065A84214
:10F8B8000DD1CD6823F008032B43D1E9056524F465
:10F8C800407446EA050C23F004034CEA0404496832
:10F8D8004460826170BC416303627047002C014040
:10F8E800036A026A22F48072026270B44468C269D0
:10F8F8000D6822F4803222F073022A438D6823F4C3
:10F90800007343EA0523144DA8420FD005F500659E
:10F91800A8420BD005F54065A8420ED00F4DA8426D
:10F928000BD005F58065A8420FD106E0CD6823F419
:10F93800006343EA052323F48063D1E9056524F4D1
:10F94800405446EA050C44EA0C1449684460C26114
:10F9580070BCC16303627047002C01400044014041
:10F96800036A026A22F48052026230B44468C269AF
:10F978000D6822F0807222F4E64242EA05228D6880
:10F9880023F4005343EA05330F4DA8420FD005F581
:10F998000065A8420BD005F54065A84207D005F5DB
:10F9A8008065A84203D005F58065A84204D14D6959
:10F9B80024F4804444EA851449684460C26130BC38
:10F9C80001640362704700BF002C0140036A026AA9
:10F9D80022F48032026230B44468426D0D6822F429
:10F9E800803222F070022A438D6823F4003343EA00
:10F9F80005430F4DA8420FD005F50065A8420BD06E
:10FA080005F54065A84207D005F58065A84203D0F2
:10FA180005F58065A84204D14D6924F4803444EA90
:10FA2800052449684460426530BC816503627047BB
:10FA3800002C0140036A026A22F48012026230B488
:10FA48004468426D0D6822F0807222F4E04242EA76
:10FA580005228D6823F4001343EA05530F4DA8428D
:10FA68000FD005F50065A8420BD005F54065A84202
:10FA780007D005F58065A84203D005F58065A84242
:10FA880004D14D6924F4802444EA852449684460FB
:10FA9800426530BCC1650362704700BF002C01405D
:10FAA800704700BF90F83D30012B22D103681649FA
:10FAB800022280F83D20DA688B4242F00102DA60C7
:10FAC80019D0B3F1804F16D0104A934213D002F5E3
:10FAD800806293420FD002F5963293420BD002F522
:10FAE8004062934207D01A6842F001021A6000206F
:10FAF8007047012070479968054A0A40062AF6D0DF
:10FB0800B2F5803FEFD1F2E7002C0140000400403D
:10FB18000700010010290AD8DFE801F019090909CE
:10FB28004F090909570909095F090909670090F888
:10FB38004330012B6AD10B1F0C2B5ED8DFE803F092
:10FB4800415D5D5D495D5D5D515D5D5D590090F8AC
:10FB58003E30012B5AD1022380F83E30036801F071
:10FB68001F01186A01228A4020EA02001862186AF6
:10FB78002E4902438B421A6243D02D4A934240D009
:10FB880002F5406293423CD002F5806293423FD036
:10FB980002F5806293423BD0B3F1804F3DD1996822
:10FBA800244A0A40062A06D0B2F5803F03D01A68D4
:10FBB80042F001021A600020704790F83F30012B94
:10FBC80024D1022380F83F30C8E790F84030012B59
:10FBD8001CD1022380F84030C0E790F84130012B57
:10FBE80014D1022380F84130B8E790F84230012B55
:10FBF8000CD1022380F84230B0E7022380F843306A
:10FC0800ACE75A6C42F400425A64C8E701207047D6
:10FC18005A6C42F400425A64C9E7074A9342BED07C
:10FC280002F580629342BAD0C1E700BF002C0140C0
:10FC3800003401400700010000040040704700BF85
:10FC4800FFF768BF704700BF704700BF704700BF2D
:10FC5800704700BF036870B5DE681D69A9070446D0
:10FC680001D5B20751D46A0701D573073AD42807DA
:10FC780001D5310724D4EB0601D5F00610D4E907E5
:10FC880001D5F20763D42B064CD5300667D4680635
:10FC980001D571066DD4AA0601D5B3064ED470BD40
:10FCA80023686FF010021A6108222277DB6913F4C7
:10FCB800407F204671D0FFF7C7FF00232377DEE798
:10FCC80023686FF008021A6104222277DB699A0719
:10FCD80020465FD1FFF7B6FF2046FFF7B7FF0023A6
:10FCE8002377C8E723686FF004021A61022222779B
:10FCF8009B6913F4407F204649D1FFF7A3FF2046B4
:10FD0800FFF7A4FF00232377B1E76FF002021A611F
:10FD1800012202779B69990733D0FFF795FF0023EB
:10FD28002377A0E7EA05B2D53306B0D523686FF488
:10FD380080721A61204600F0CBF9A8E723686FF0BB
:10FD4800200220461A61BDE8704000F0BDB9236862
:10FD58006FF001021A612046FAF76AFD93E72368FB
:10FD68006FF080021A61204600F0B0F9E9058ED5DF
:10FD7800DCE723686FF040021A612046FFF768FF4E
:10FD880089E7FFF75FFF2046FFF760FFC7E7FFF748
:10FD98005BFFB7E7FFF758FFA1E7FFF753FF2046E0
:10FDA800FFF754FF89E700BF304A0368904230B438
:10FDB80022D0B0F1804F3AD0A2F59432904236D09A
:10FDC80002F58062904232D002F59632904213D00A
:10FDD800274A90423CD002F58062904238D002F522
:10FDE8008062904234D00A688C684969C46223F002
:10FDF80080030B43826211E04C68CA6823F07003E9
:10FE0800234323F4407313438A684C69C2620A6827
:10FE1800826223F0800323430A6902630268012196
:10FE280042F00402026030BC4161036070474A68D6
:10FE3800CC6823F07003134323F440734A692343C7
:10FE480023F080038C6813430A68C4628262E5E782
:10FE5800CC684A698D68C56223F44073234323F054
:10FE6800800313430A688262D6E700BF002C014072
:10FE78000040014070B310B590F83D30044603F0DF
:10FE8800FF0213B32146022384F83D3051F8040BD6
:10FE9800FFF78AFF012384F8483084F83E3084F85D
:10FEA8003F3084F8403084F8413084F8423084F898
:10FEB800433084F8443084F8453084F8463084F878
:10FEC800473084F83D30002010BD80F83C20FFF713
:10FED800E7FDD7E70120704770B310B590F83D30C3
:10FEE800044603F0FF0213B32146022384F83D3091
:10FEF80051F8040BFFF758FF012384F8483084F8C1
:10FF08003E3084F83F3084F8403084F8413084F83B
:10FF1800423084F8433084F8443084F8453084F81B
:10FF2800463084F8473084F83D30002010BD80F812
:10FF38003C20FFF783FED7E701207047036A026A77
:10FF480022F01002026270B4446882690D6822F0DF
:10FF5800807222F4E64242EA05228D6823F02003EB
:10FF680043EA0513144DA8420FD005F50065A842D1
:10FF78000BD005F54065A8420ED0104DA8420BD015
:10FF880005F58065A8420FD106E0CD6823F080030F
:10FF980043EA051323F04003D1E9056524F44064DE
:10FFA80046EA050C44EA8C0449684460826170BCE6
:10FFB80081630362704700BF002C01400044014088
:10FFC80038B590F83C30012B7CD0012304460D460F
:10FFD80080F83C30142A0CD8DFE802F0220B0B0B17
:10FFE800320B0B0B430B0B0B530B0B0B640B0B0B59
:08FFF80010000120002384F831
:020000040801F1
:100000003C3038BD0068FFF719FD436D2A6943F4A1
:1000100000634365436D23F480634365436D43EAA6
:10002000022343650020E9E70068FFF721FC8369AC
:100030002A6943F008038361836923F00403836121
:10004000836913438361EDE70068FFF77BFF8369F2
:100050002A6943F400638361836923F480638361C5
:10006000836943EA02238361DCE70068FFF73CFC15
:10007000C3692A6943F00803C361C36923F0040319
:10008000C361C3691343C361CCE70068FFF76CFC2D
:10009000C3692A6943F40063C361C36923F48063BD
:1000A000C361C36943EA0223C361BBE70068FFF78A
:1000B00091FC436D2A6943F008034365436D23F0C7
:1000C00004034365436D13434365ABE7022038BD2A
:1000D000704700BF704700BF704700BFF8B500BF52
:1000E000F8BC08BC9E467047F8B500BFF8BC08BC19
:0400F0009E46704771
:1000F400000414D5D51404000000FEFEFE00000028
:10010400000000000000FEFEFE000000FEFEFE8671
:100114008686868686868686787878000000060637
:1001240006060606FEFEFE06060606060600000095
:10013400F8F8F8060606060606060606060606008B
:100144000000E000000000E0E0000010F8F800000B
:1001540000000000000000000000000010F8F8009B
:1001640000008080808080808000F00808080808F3
:100174001000F8080808080000001F1F1F606060D6
:100184006060606060601F1F1F0000007F7F7F0150
:1001940001010707071919196060600000000000D9
:1001A400000000007F7F7F000000000000000000CE
:1001B4001F1F1F606060606060606060606060005E
:1001C4000000030408080403030000080F0F0800DC
:1001D4000000000C0C0C000000000000080F0F08C9
:1001E40000000000000000000000070808080808DC
:1001F40004000F0808080F000000000000000000C1
:100204000000000000000000F80606060600FE805C
:100214008080FE00FE8686860600F8060606060036
:10022400FE80601806000000000000000606FE06BE
:100234000600FE060606F8000000000000000000AC
:1002440006FE0600FE000000FE00FE18E018FE0098
:10025400FE8686867800FE8686860600FE8686866C
:100264007800788686860600000000000000000002
:10027400000000000000000000000000000000007A
:1002840000000000000000001F60606060007F014B
:1002940001017F007F61616160001F606060600038
:1002A4007F010618600000000000000060607F60AD
:1002B40060007F6060601F000000000000001860A4
:1002C400601F00001F6060601F007F0001007F004E
:1002D4007F01010100007F61616160007F010719F6
:1002E4006000606161611E00000000000000000009
:1002F40000000000000000000000000000000000FA
:100304000102030406070809740040018200360153
:1003140092002C01A4002201B9001801D2000E01A0
:10032400EF0004011101FA003901F0006801E60050
:10033400A001DC00E201D2003002C8008D02BE0040
:10034400FB02B4007D03AA001504A000C5049600B6
:100354008F058C00720682006D07780079086E00A4
:100364008F096400A40A5A00AD0B5000A00C46008B
:10037400740D3C00250E3200B20E28001D0F1E0025
:100384006B0F1400A20F0A00C70F0000000000004A
:100394000000004F00000700070000147F147F14C2
:1003A400242A7F2A122313086462364955225000F6
:1003B40005030000001C2241000041221C00140817
:1003C4003E081408083E0808000000000000000071
:1003D400000000606000003E5149453E00427F40FD
:1003E4000042615149462141454B311814127F1096
:1003F40027454545393C4A494930017109050336C9
:1004040049494936064949291E0036360000005636
:10041400360000081422410014141414140041225C
:1004240014080201510906324979413E7E11111125
:100434007E7F494949363E414141227F4141221C48
:100444007F494949417F090909013E4149497A7F68
:100454000808087F00417F41002040413F007F0899
:100464001422417F404040407E020C027E7F0408FB
:10047400107F3E4141413E7F090909063E41512119
:100484005E7F09192946464949493101017F010125
:100494003F4040403F1F2040201F3F4038403F63C3
:1004A40014081463070870080761514945435C3A0E
:1004B4002D205B0000000000000000000000000090
:1004C4000000000000000040404040409249249257
:1004D40049269249349249369249A49249A69249AE
:1004E400B49249B6924D24924D26924D34924D3693
:1004F400924DA4924DA6924DB4924DB69269249217
:1005040069269269349269369269A49269A69269BD
:10051400B49269B6926D24926D26926D34926D36C2
:10052400926DA4926DA6926DB4926DB69349249384
:1005340049269349349349369349A49349A6934948
:10054400B49349B6934D24934D26934D34934D362D
:10055400934DA4934DA6934DB4934DB693692493B0
:1005640069269369349369369369A49369A6936958
:10057400B49369B6936D24936D26936D34936D365D
:10058400936DA4936DA6936DB4936DB69A49249A12
:1005940049269A49349A49369A49A49A49A69A49C5
:1005A400B49A49B69A4D249A4D269A4D349A4D36AA
:1005B4009A4DA49A4DA69A4DB49A4DB69A69249A26
:1005C40069269A69349A69369A69A49A69A69A69D5
:1005D400B49A69B69A6D249A6D269A6D349A6D36DA
:1005E4009A6DA49A6DA69A6DB49A6DB69B49249B94
:1005F40049269B49349B49369B49A49B49A69B4960
:10060400B49B49B69B4D249B4D269B4D349B4D3644
:100614009B4DA49B4DA69B4DB49B4DB69B69249BBF
:1006240069269B69349B69369B69A49B69A69B696F
:10063400B49B69B69B6D249B6D269B6D349B6D3674
:100644009B6DA49B6DA69B6DB49B6DB6D24924D2C1
:100654004926D24934D24936D249A4D249A6D249EC
:10066400B4D249B6D24D24D24D26D24D34D24D36D1
:10067400D24DA4D24DA6D24DB4D24DB6D26924D215
:100684006926D26934D26936D269A4D269A6D269FC
:10069400B4D269B6D26D24D26D26D26D34D26D3601
:1006A400D26DA4D26DA6D26DB4D26DB6D34924D383
:1006B4004926D34934D34936D349A4D349A6D34987
:1006C400B4D349B6D34D24D34D26D34D34D34D366C
:1006D400D34DA4D34DA6D34DB4D34DB6D36924D3AF
:1006E4006926D36934D36936D369A4D369A6D36997
:1006F400B4D369B6D36D24D36D26D36D34D36D369C
:10070400D36DA4D36DA6D36DB4D36DB6DA4924DA10
:100714004926DA4934DA4936DA49A4DA49A6DA4903
:10072400B4DA49B6DA4D24DA4D26DA4D34DA4D36E8
:10073400DA4DA4DA4DA6DA4DB4DA4DB6DA6924DA24
:100744006926DA6934DA6936DA69A4DA69A6DA6913
:10075400B4DA69B6DA6D24DA6D26DA6D34DA6D3618
:10076400DA6DA4DA6DA6DA6DB4DA6DB6DB4924DB92
:100774004926DB4934DB4936DB49A4DB49A6DB499E
:10078400B4DB49B6DB4D24DB4D26DB4D34DB4D3683
:10079400DB4DA4DB4DA6DB4DB4DB4DB6DB6924DBBE
:1007A4006926DB6934DB6936DB69A4DB69A6DB69AE
:1007B400B4DB69B6DB6D24DB6D26DB6D34DB6D36B3
:1007C400DB6DA4DB6DA6DB6DB4DB6DB65245414435
:1007D4005920202020202020200000004C49474898
:1007E40054204F4E20202020200000004449535024
:1007F400454E53494E4720202000000053454152A6
:100804004348494E472020202000000049444C45DD
:10081400202020202020202020000000445249567F
:10082400494E472020202020200000005343414E01
:100834004E494E4720202020200000005354414EB2
:1008440044425920202020202000000048454154E3
:10085400494E472E2E2E20202000000041524D45A7
:100864004420202020202020200000004452494C15
:100874004C494E4720202020200000005041525473
:10088400205049434B454420200000005052494E1B
:1008940054494E472020202020000000454E475256
:1008A4004156494E4720202020000000475249501D
:1008B40050494E47202020202000000054454D5030
:1008C4003A20000020432020202020202020000067
:1008D40052504D3A200000002020202020202020CB
:1008E400202000004C41534552205057523A2000DA
:1008F4002025202020202000484F54454E443A20F3
:1009040000000000204320202020202000000000C0
:1009140056414355554D3A20000000002020202028
:10092400202020005354524F42453A20000000003A
:10093400484954533A200000202020202020202021
:100944002000000053544550533A2000202020201A
:100954002020202000000000454E4453544F503ABC
:100964002048495420200000454E4453544F503AE7
:10097400204F50454E20000046494C4C00000000DA
:100984004F4B00004C494748543A204F46462020DC
:10099400202000004C494748543A204649584544D1
:1009A400202000004C494748543A205354524F42A7
:1009B40045200000434845434B204944204A554DB7
:1009C40050455253000000005B20435249544943B0
:1009D400414C204552524F52205D00002053595340
:1009E40054454D20424C4F434B45442000000000E9
:1009F40054313220534F4C4445522049524F4E00FB
:100A040050415354452044495350454E5345520098
:100A14004C49515549442044495350454E53520082
:100A240053435245574452495645522020202000F2
:100A340056414355554D205049434B5550202000B5
:100A44004452494C4C20424C343236302020200051
:100A5400475249505045522047494D42414C20008D
:100A640047524950504552204E454D4120313400A3
:100A7400414F4920494E5350454354494F4E20005D
:100A84004C415345522044494F444520313057008E
:100A94003344205052494E544552202056342000AD
:100AA4005343414E2050524F4245202020202000E5
:100AB4002D2D2D2D2D2D2D2D2D2D2D2D2D2D2D2D62
:100AC4002D2D2D2D000000002043000053544550CF
:100AD400532052454D3A20005354415455533A2023
:100AE400524541445900000056414355554D20415B
:100AF40044433A20000000004F424A3A20000000DC
:100B04005245414C2052504D3A2000005345545018
:100B14004F494E543A200000504F5745523A202036
:100B2400202000004E4F5A5A4C453A004C46414E44
:100B34003A00000052504D004846414E3A00000031
:100B4400504552494F443A20000000005354415448
:100B540055533A2041524D4544200000494D5041DF
:100B64004354533A202000004255532043414E2021
:100B74004F4E4C494E4500000000000000000000AC
:100B84000000000000000000000000000000000061
:100B94000000000000000000000000000000000051
:100BA4000000000000000000000000000000000041
:100BB4000000000000000000000000000000000031
:100BC4000000000000000000000000000000000021
:100BD4000000000000000000000000000000000011
:100BE4000000000000000000000000000000000001
:100BF40000000000000000000000000000000000F1
:100C040000000000000000000000000F7F7F0F00C4
:100C140000000000000000000000000000000000D0
:100C240000000000000000000000000000000000C0
:100C340000000000000000000000000000000000B0
:100C440000000000000000000000000000000000A0
:100C54000000000000000000000000000000000090
:100C64000000000000000000000000000000000080
:100C74000000000000000000000000000000FCFC78
:100C8400FC1C1C1C1C1C1C1C1C1C1C1C1C1C1C1CC0
:100C94001C1C1C1C1C1C1C1C1CFCFCFC0000000060
:100CA4000000000000000000000000000000000040
:100CB4000000000000000000000000000000000030
:100CC4000000000000000000000000000000000020
:100CD4000000000000000000000000000000000010
:100CE4000000000000000000000000000000000000
:100CF4000000000000000000000000000000FFFFF2
:100D0400FF00007F7F7F7F7F7F7F00000000000067
:100D14007F7F7F7F7F7F7F0000FFFFFF0000000059
:100D24000000000000000000F0F0F00000000000EF
:100D340000000000000000000000000000000000AF
:100D4400000000000000000000000000000000009F
:100D5400000000000000000000000000F0F0F0308F
:100D640030F0F0E00000E0F0F03030F0F0E000307F
:100D740030F0F0F030303000000000000000FFFFE1
:100D8400FF000000C0C0C0C0C0C0C0C0C0C0C0C060
:100D9400C0C0C0C0C0C0000000FFFFFF00000000D2
:100DA40000000000C0C00000FFFFFF00FFFFFF00C5
:100DB40000FFFFFF00009EDFDF636323FFFFFEFFF2
:100DC400FFFF0203FFFFFE0000FEFFFF3333BFBF40
:100DD400BE00FFFFFF0203FFFFFE0000FFFFFF183E
:100DE40018FFFFE70000FFFFFF0000FFFFFF000008
:100DF40000FFFFFF00000000000000000000FFFFF4
:100E0400FFE0E0E0E1E1E1E1E1E1E1E1E1E1E1E1B3
:100E1400E1E1E1E1E1E1E0E0E0FFFFFF00000000EB
:100E2400000000000F0F0C0C0F0F0700070F0F0C32
:100E3400040F0F0F0000070F0F0C0C040F0F0F0F00
:100E44000F0F00000F0F0F0000070F0F0C0C0F0FF8
:100E540007000F0F0F00000F0F0F00000F0F0F0CF4
:100E64000C0F0F070000070F0F0C0C0F0F070000EB
:100E7400000F0F0F00000000000000000000000041
:100E840000000000000000000F7F7F0F0000000042
:100E9400000000000000000000000000000000004E
:100EA400000000000000000000000000000000003E
:100EB400000000000000000000000000000000002E
:100EC400000000000000000000000000000000001E
:100ED400000000000000000000000000000000000E
:100EE40000000000000000000000000000000000FE
:100EF4000000000000000000000000000000FCFCF6
:100F0400FC1C1C1C1C1C1C1C1C1C1C1C1C1C1C1C3D
:100F14001C1C1C1C1C1C1C1C1CFCFCFC00000000DD
:100F240000000000000000000000000000000000BD
:100F340000000000000000000000000000000000AD
:100F4400000000000000000000000000000000009D
:100F5400000000000000000000000000000000008D
:100F6400000000000000000000000000000000007D
:100F74000000000000000000000000000000FFFF6F
:100F8400FF00007F7F7F7F7F7F7F000000000000E5
:100F94007F7F7F7F7F7F7F0000FFFFFF00000000D7
:100FA4000000000000000000F0F0F000000000006D
:100FB400000000000000000000000000000000002D
:100FC400000000000000000000000000000000001D
:100FD400000000000000000000000000F0F0F0300D
:100FE40030F0F0E00000E0F0F03030F0F0E00030FD
:100FF40030F0F0F030303000000000000000FFFF5F
:10100400FF000000F0F0F0F0F0F0F0F0F0F0F0F09D
:10101400F0F0F0F0F0F0000000FFFFFF000000002F
:1010240000000000C0C00000FFFFFF00FFFFFF0042
:1010340000FFFFFF00009EDFDF636323FFFFFEFF6F
:10104400FFFF0203FFFFFE0000FEFFFF3333BFBFBD
:10105400BE00FFFFFF0203FFFFFE0000FFFFFF18BB
:1010640018FFFFE70000FFFFFF0000FFFFFF000085
:1010740000FFFFFF00000000000000000000FFFF71
:10108400FFE0E0E0E3E3E3E3E3E3E3E3E3E3E3E319
:10109400E3E3E3E3E3E3E0E0E0FFFFFF000000005D
:1010A400000000000F0F0C0C0F0F0700070F0F0CB0
:1010B400040F0F0F0000070F0F0C0C040F0F0F0F7E
:1010C4000F0F00000F0F0F0000070F0F0C0C0F0F76
:1010D40007000F0F0F00000F0F0F00000F0F0F0C72
:1010E4000C0F0F070000070F0F0C0C0F0F07000069
:1010F400000F0F0F000000000000000000000000BF
:1011040000000000000000000000000F7F7F0F00BF
:1011140000000000000000000000000000000000CB
:1011240000000000000000000000000000000000BB
:1011340000000000000000000000000000000000AB
:10114400000000000000000000000000000000009B
:10115400000000000000000000000000000000008B
:10116400000000000000000000000000000000007B
:101174000000000000000000000000000000FCFC73
:10118400FC1C1C1C1C1C1C1C1C1C1C1C1C1C1C1CBB
:101194001C1C1C1C1C1C1C1C1CFCFCFC000000005B
:1011A400000000000000000000000000000000003B
:1011B400000000000000000000000000000000002B
:1011C400000000000000000000000000000000001B
:1011D400000000000000000000000000000000000B
:1011E40000000000000000000000000000000000FB
:1011F4000000000000000000000000000000FFFFED
:10120400FF00000C0C0C0C0C0C0C00000000000087
:101214000C0C0C0C0C0C0C0000FFFFFF0000000079
:101224000000000000000000F0F0F00000000000EA
:1012340000000000000000000000000000000000AA
:10124400000000000000000000000000000000009A
:10125400000000000000000000000000F0F0F0308A
:1012640030F0F0E00000E0F0F03030F0F0E000307A
:1012740030F0F0F030303000000000000000FFFFDC
:10128400FF000000C0C0C0C0C0C0C0C0C0C0C0C05B
:10129400C0C0C0C0C0C0000000FFFFFF00000000CD
:1012A40000000000C0C00000FFFFFF00FFFFFF00C0
:1012B40000FFFFFF00009EDFDF636323FFFFFEFFED
:1012C400FFFF0203FFFFFE0000FEFFFF3333BFBF3B
:1012D400BE00FFFFFF0203FFFFFE0000FFFFFF1839
:1012E40018FFFFE70000FFFFFF0000FFFFFF000003
:1012F40000FFFFFF00000000000000000000FFFFEF
:10130400FFE0E0E0E1E1E1E1E1E1E1E1E1E1E1E1AE
:10131400E1E1E1E1E1E1E0E0E0FFFFFF00000000E6
:10132400000000000F0F0C0C0F0F0700070F0F0C2D
:10133400040F0F0F0000070F0F0C0C040F0F0F0FFB
:101344000F0F00000F0F0F0000070F0F0C0C0F0FF3
:1013540007000F0F0F00000F0F0F00000F0F0F0CEF
:101364000C0F0F070000070F0F0C0C0F0F070000E6
:10137400000F0F0F0000000000000000000000003C
:1013840000000000000000000000000000000F7FCB
:101394007F0F0000000000000000000000000000BB
:1013A4000000000000000000000000000000000039
:1013B4000000000000000000000000000000000029
:1013C4000000000000000000000000000000000019
:1013D4000000000000000000000000000000000009
:1013E40000000000000000000000000000000000F9
:1013F4000000000000000000000000000000FCFCF1
:10140400FC1C1C1C1C1C1C1C1C1C1C1C1C1C1C1C38
:101414001C1C1C1C1C1C1C1C1CFCFCFC00000000D8
:1014240000000000000000000000000000000000B8
:1014340000000000000000000000000000000000A8
:101444000000000000000000000000000000000098
:101454000000000000000000000000000000000088
:101464000000000000000000000000000000000078
:101474000000000000000000000000000000FFFF6A
:10148400FF00007F7F7F7F7F7F7F000000000000E0
:101494007F7F7F7F7F7F7F0000FFFFFF00000000D2
:1014A4000000000000000000F0F0F0000000000068
:1014B4000000000000000000000000000000000028
:1014C4000000000000000000000000000000000018
:1014D400000000000000000000000000F0F0F03008
:1014E40030F0F0E00000E0F0F03030F0F0E00030F8
:1014F40030F0F0F030303000000000000000FFFF5A
:10150400FF000000F0F0F0F0F0F0F0F0F0F0F0F098
:10151400F0F0F0F0F0F0000000FFFFFF000000002A
:1015240000000000C0C00000FFFFFF00FFFFFF003D
:1015340000FFFFFF00009EDFDF636323FFFFFEFF6A
:10154400FFFF0203FFFFFE0000FEFFFF3333BFBFB8
:10155400BE00FFFFFF0203FFFFFE0000FFFFFF18B6
:1015640018FFFFE70000FFFFFF0000FFFFFF000080
:1015740000FFFFFF00000000000000000000FFFF6C
:10158400FFE0E0E0E3E3E3E3E3E3E3E3E3E3E3E314
:10159400E3E3E3E3E3E3E0E0E0FFFFFF0000000058
:1015A400000000000F0F0C0C0F0F0700070F0F0CAB
:1015B400040F0F0F0000070F0F0C0C040F0F0F0F79
:1015C4000F0F00000F0F0F0000070F0F0C0C0F0F71
:1015D40007000F0F0F00000F0F0F00000F0F0F0C6D
:1015E4000C0F0F070000070F0F0C0C0F0F07000064
:1015F400000F0F0F000000000000000000000000BA
:10160400000000000000000000000000FCFCFC7C66
:101614007C7C7C7C7C7C7C7C7C7C7C000000FCFC7A
:10162400FC7C7C7C7C7C7C7C7C7C808080000000DE
:10163400FCFCFC7C7C7C7C7C7C7C7C7C80808000D6
:1016440000008080807C7C7C7C7C7C7C7C7C8080BA
:1016540080000000FCFCFC7C7C7C7C7C7C7C7C7CB6
:1016640080808000000000000000000000000000F6
:101674000000000000000000000000000000000066
:10168400000000000000000000000000FFFFFF0059
:101694000000000000000000000000000000FFFF48
:1016A400FF000000000000000000FFFFFF0000003A
:1016B400FFFFFF000000000000000000FFFFFF002C
:1016C4000000FFFFFF000000000000000000FFFF1B
:1016D400FF000000FFFFFF0000000000000000000A
:1016E400FFFFFF00000000000000000000000000F9
:1016F40000000000000000000000000000000000E6
:10170400000000000000000000000000FFFFFF3E9A
:101714003E3E3E3E3E3E3E3E000000000000FFFFD7
:10172400FF3E3E3EFEFEFE3E3E3E01010100000045
:10173400FFFFFF3E3E3EFEFEFE3E3E3E0101010037
:101744000000FFFFFF000000000000000000FFFF9A
:10175400FF000000FFFFFF3E3E3EFEFEFE3E3E3E1B
:101764000101010000000000000000000000000072
:101774000000000000000000000000000000000065
:10178400000000000000000000000000FFFFFF0058
:101794000000000000000000000000000000FFFF47
:1017A400FF000000070707F8F8F800000000000039
:1017B400FFFFFF000000070707F8F8F8000000002B
:1017C4000000FFFFFF000000000000000000FFFF1A
:1017D400FF000000FFFFFF000000070707F8F8F80C
:1017E40000000000000000000000000000000000F5
:1017F40000000000000000000000000000000000E5
:101804000000000000000000000000001F1F1F1F58
:101814001F1F1F1F1F1F1F1F1F1F1F0000001F1F31
:101824001F0000000000000000001F1F1F00000038
:101834001F1F1F0000000000000000001F1F1F00EA
:1018440000000000001F1F1F1F1F1F1F1F1F00007D
:10185400000000001F1F1F00000000000000000027
:101864001F1F1F0000000000000000000000000017
:1018740000000000000000000000000000000080E4
:10188400C0E0F0F87C3A140800806018040E1F0FC2
:1018940007030100000000000000000000000080B9
:1018A400C0E0F4FA7D38140800806018040E1F0F9D
:1018B4000703010000000000000000000000008099
:1018C400C0E0F4FA7D38110600806018040E1F0F82
:1018D4000703010000000000000000000000008079
:1018E400C0E0F0F87C3A110600806018040E1F0F67
:1018F400070301000000000000000000F809090FC0
:101904000F0909F800000000000000000302CEFEE9
:10191400FECE02030000000000000000F80A0A0ED8
:101924000F0909F8000000000000000003E2EEFEC9
:10193400FECE02030000000000000000F80A0A0EB8
:101944000E0A0AF8000000000000000003E2EEFEA8
:10195400FEEEE2030000000000000000F809090F99
:101964000E0A0AF800000000000000000302CEFE88
:10197400FEEEE2030000000000000000F809090F79
:101984000F0909F8000000000000000003024EFEE9
:10199400FE4E02030000000000000000F80A0A0ED8
:1019A4000F0909F8000000000000000003028EDEA9
:1019B400FE4E02030000000000000000F80A0A0EB8
:1019C4000E0A0AF8000000000000000003028EDE88
:1019D4009E0E02030000000000000000F809090F39
:1019E4000E0A0AF8000000000000000003024EFE88
:1019F4009E0E02030000000000000000000080C0F2
:101A0400E07C22414141221C40A0583C0E070301C6
:101A1400000000000000000000000000000080C082
:101A2400E07C22414141221CA060583C0E07030186
:101A3400000000000000000000000000000080C062
:101A4400E07C2241C141221CA060685C0E070301B6
:101A5400000000000000000000000000000080C042
:101A6400E07C2241C141221C40A0685C0E070301B6
:101A74000000000000000000000000C0C0C0C0FF63
:101A8400FFC0C0C0C0000000000000010F1F1F1FE6
:101A94001F1F1F0F0100000000000000808080FF56
:101AA400FF8080800000000000000000031F1F1F53
:101AB4001F1F1F030000000000000000000000FFC3
:101AC400FF000000000000000000000000071F1FCE
:101AD4001F1F07000000000000000000000000FFBE
:101AE400FF00000000000000000000000000001FD4
:101AF4001F000000000000000000FEC2C2C2C2C2FB
:101B0400C242427E00000000000000000000020407
:101B1400C8102000000000000000FEC2C2C2C2C201
:101B2400C242427E000000000000000000002010BD
:101B3400C8040200000000000000FEC2C2C2C2C20B
:101B4400C242427E000000000000000000000204C7
:101B5400C8102000000000000000FEC2C2C2C2C2C1
:101B6400C242427E0000000000000000000020107D
:101B7400C80402000000000000C0F0180C04C6C62F
:101B8400C6C6040C18F0C00000030F1830206363AD
:101B940063632030180F030100C0F0180C04C6C69C
:101BA400C6C6040C18F0C00000030F18302063638D
:101BB400E3632030180F030000C0F0180C04C6C6FD
:101BC400C6C6040C18F0C00001030F18302063636C
:101BD40063632030180F030000C0F0180C04C6C75C
:101BE400C6C6040C18F0C00000030F18302063634D
:101BF40063632030180F030000C0C0C0C080BFA1C1
:101C0400A1BF80C0C0C0C00000FFFFFFFF000000F4
:101C1400000000FFFFFFFF00000000C0C0C0FFA1E4
:101C2400A1BF80C0C0C0C000000000FFFFFFFF785C
:101C3400000000FFFFFFFF00000000C0C0C0FFA1C4
:101C4400A1FFC0C0C0000000000000FFFFFFFF783C
:101C540078FFFFFFFF00000000C0C0C0C080BFA12C
:101C6400A1FFC0C0C000000000FFFFFFFF00000094
:101C740078FFFFFFFF00000000804024289050B050
:101C8400B0509028244080000001020404090A0D89
:101C94000D0A0904040201008080C2242890D0F0B7
:101CA400B0509028244080000001020404090B0F66
:101CB4000D0A0904040201008080C2242890D0F097
:101CC400F0D0902824C280800001020404090B0F84
:101CD4000F0B09040402010000804024289050B036
:101CE400F0D0902824C280800001020404090A0D67
:101CF4000F0B090404020100000000008060100CB6
:101D0400820C106080000000000000000003845872
:101D1400E058840300000000000000008060D0EC64
:101D2400E20C106080000000000000008083455B2E
:101D3400E058840300000000000000008060D0EC44
:101D4400E2ECD06080000000000000008083455B6E
:101D5400E35B458380000000000000008060100CFD
:101D640082ECD06080000000000000000003845872
:101D7400E35B4583800000000000000000001F7F3B
:101D84007F1F0000000000000000028AAAAAAAAA7D
:101D9400AAAAAAAA8A02000000008080808080800B
:101DA400001F0000000000000000028AAAAAAAAADC
:101DB400AAAAAAAA8A0200000000808080808080EB
:101DC400809FFFFF9F8000000000028AAAAAAAAA9F
:101DD400AAAAAAAA8A0200000000000000001F7F2D
:101DE400FF9FFFFF9F8000000000028AAAAAAAAA00
:101DF400AAAAAAAA8A020000808080C0201088CFE4
:101E0400CF881020C080808001010103040811F3F1
:101E1400F3110804030101018080C0B0080884CFD5
:101E2400CF881020C08080800101030D101021F3A1
:101E3400F3110804030101018080C0B0080884CFB5
:101E4400CF840808B0C080800101030D101021F375
:101E5400F32110100D030101808080C0201088CF71
:101E6400CF840808B0C0808001010103040811F385
:101E7400F32110100D0301010102030405060708F4
:101E8400090A0B0C0D0E0F100203040506070809BE
:081E94000A0B0C0D0E0F1010DB
:081E9C00A463FF7F01000000B8
:041EA400F1810008C0
:041EA800C9810008E4
:101EAC0000127A000100000001000000FFFF010198
:041EBC001000000012
:0400000508008785E3
:00000001FF
