:020000040800F2
:1080000000A000208DAB0008DDAB0008B5D700084C
:10801000DDAB0008DDAB0008DDAB000800000000B0
:10802000000000000000000000000000DDAB0008C0
:10803000DDAB000800000000DDAB0008F9D8000847
:10804000DDAB0008DDAB0008DDAB0008DDAB0008F0
:10805000DDAB0008DDAB0008DDAB0008DDAB0008E0
:10806000DDAB0008E9D80008DDAB0008DDAB000897
:10807000DDAB00080DDE0008DDAB0008DDAB00085D
:10808000DDAB0008DDAB0008DDAB0008DDAB0008B0
:108090009DD70008DDAB0008A9D70008F1D800087B
:1080A000DDAB0008DDAB0008DDAB0008DDAB000890
:1080B000DDAB0008FDD80008DDAB0008DDAB000833
:1080C000DDAB0008DDAB0008DDAB0008DDAB000870
:1080D000DDAB0008DDAB0008DDAB0008DDAB000860
:1080E000DDAB0008DDAB0008DDAB0008DDAB000850
:1080F000DDAB0008DDAB0008DDAB0008DDAB000840
:10810000000000000000000000000000DDAB0008DF
:10811000DDAB0008DDAB0008DDAB0008DDAB00081F
:10812000DDAB0008DDAB0008DDAB0008DDAB00080F
:10813000DDAB0008DDAB000800000000000000001F
:10814000DDAB0008DDAB0008DDAB0008000000007F
:10815000000000000000000000000000000000001F
:108160000000000000000000DDAB0008DDAB0008EF
:10817000DDAB00080000000000000000000000006F
:0881800000000000DDAB000867
:1081880010B5054C237833B9044B13B10448AFF349
:1081980000800123237010BD7C0000200000000037
:1081A8005C6F010808B5034B1BB103490348AFF3E3
:1081B800008008BD00000000800000205C6F0108FE
:1081C8002DE9F04F97B000F11E03039300F27E6390
:1081D80011930023099316ABC3F111060DF157074C
:1081E8001D460496039A049E32F8023F03920DF14D
:1081F8004701012203EA02007418204101F8010F27
:108208005200B94292B2F5D19DF948209DF9490032
:108218000496CDE9052082EA000A9DF950200292D1
:108228009DF94A209DF94C609DF94B4001960C92AE
:108238001646059A9DF94E109DF95290079182EACB
:108248000400484089EA000006999DF94DB09DF95F
:1082580051800A9432467040029E9DF94FE0614079
:10826800714089EA0101164651408BEA00009DF9E8
:1082780054200D9288EA00005040089086EA0B00CE
:10828800019E88EA000084EA060C079C019E504083
:10829800029A84EA0C0C7440544082EA0C0C88EA76
:1082A80001019DF955200E9289EA04048EEA000026
:1082B8008EEA01018BEA04045040514088EA040424
:1082C8009DF956200F928EEA0404504054409DF9BF
:1082D80053200B9289EA0C0C82EA0C0C9DF957206A
:1082E80010925040089A8AEA00008CEA00008AEA54
:1082F8000C0A42EA010C4AEA0C0C44EA0C0C50EA5B
:108308000C060FD0890001EB4201514401EBC40176
:1083180001EB001080B2A0F110010F290ED96FF007
:1083280009020992039AC3F30A031380119B9A4224
:108338007FF458AF099817B0BDE8F08F11380E28B0
:1083480079D8DFE800F0726C645E58524C46403BC6
:1083580035302A250800C9F101038DF85230099BF0
:10836800002B08BF6FF008030993DDE904620DF1E3
:1083780049000121002301E010F9012B12FB01F251
:108388001344490085429BB289B2F5D10496C9E7E6
:10839800C8F101038DF85130E1E7029BC3F10103F5
:1083A8008DF85030DBE7CEF1010E8DF84FE0D6E7BF
:1083B800079BC3F101038DF84E30D0E7CBF10103E1
:1083C8008DF84D30CBE7019BC3F101038DF84C309C
:1083D800C5E70F9BC3F101098DF85690BFE70A9BCB
:1083E800C3F101038DF84B30B9E70C9BC3F10103CE
:1083F8008DF84A30B3E7069BC3F101038DF8493085
:10840800ADE70E9BC3F101088DF85580A7E7059BE2
:10841800C3F1010253B205938DF848309FE70D9BD5
:10842800C3F101038DF8543099E70B9BC3F10103A5
:108438008DF8533093E7109BC3F101038DF8573043
:108448008DE700BF10B50B460C464FF450724FF441
:10845800105105F0E7FE00B110BD2046BDE8104000
:10846800FFF7AEBE30B5302283B04FF40041054669
:1084780005F01AFF421C10D044F620640DF10603E3
:1084880001224FF40041284605F0CCFE013CA4B27D
:1084980018B9BDF806301B0701D503B030BD002C54
:1084A800ECD16FF00B0003B030BD00BF10B582B047
:1084B8000DF10603012248F20D01044605F0B2FE53
:1084C80008B102B010BDBDF8062048F20D0142F413
:1084D80000422046ADF8062005F0E6FE0028F0D15F
:1084E80005F088FE0028ECD10DF10603012248F2C0
:1084F8000D01204605F096FE0028E2D1BDF90630B0
:10850800002BB8BF6FF00A00DBE700BF002347F677
:10851800FF7130F813208A4203F1100303D0C02BF7
:10852800F7D1002070476FF007007047038847F6BF
:10853800FF718B422BD000F10E0300F1240C33F8AD
:10854800022F8A4223D06345F9D1038D8B421ED076
:10855800438D8B421BD0838D8B4218D000F12E03A4
:1085680000F1400C47F6FF7133F8022F8A420ED013
:108578006345F9D100F14E0347F6FF715E3033F8D9
:10858800022F8A4203D09842F9D1002070476FF039
:10859800070070472DE9F04105469AB00E4644F6AB
:1085A80020670DF1060301224FF40041284605F02B
:1085B80039FE013FBFB2044640B9BDF8068018F045
:1085C800080F07D1002FECD16FF00B0420461AB02A
:1085D800BDE8F08130224FF40041284605F064FEE2
:1085E800431C0446F2D018F0010833464FF020022D
:1085F8003FD14FF48061284605F014FE0446002858
:10860800E4D106F1400320224FF48861284605F0A2
:1086180009FE04460028D9D106F1800320224FF430
:108628009061284605F0FEFD04460028CED106F1EB
:10863800C00320224FF49861284605F0F3FD044654
:108648000028C3D106F5807320224FF4A061284684
:1086580005F0E8FD04460028B8D106F5A0732022ED
:108668004FF4A861284605F0DDFD0446002841D0F6
:10867800ACE74FF48461284605F0D4FD0446002891
:10868800A4D106F1400320224FF48C61284605F05E
:10869800C9FD0446002899D106F1800320224FF431
:1086A8009461284605F0BEFD044600288ED106F1E7
:1086B800C00320224FF49C61284605F0B3FD044610
:1086C800002883D106F5807320224FF4A461284640
:1086D80005F0A8FD044600287FF478AF06F5A073DE
:1086E80020224FF4AC61284605F09CFD0446002882
:1086F8007FF46CAF02AB30224FF4B061284605F02E
:1087080091FD044600287FF461AF01AB28460122A1
:1087180048F20D0105F086FDBDF80430A6F8E031F9
:10872800A6F8E281044600287FF450AF02A8FFF7BC
:10873800FDFE28B9602202A906F5C0700EF0F4FB10
:1087480047F6FF7336F814209A4204F1100403D058
:10875800C02CF7D1444639E76FF0070436E700BF6D
:1087680030B583B00C460DF10603012248F20D0125
:10877800054605F057FD08B103B030BDBDF8062029
:10878800A10222F4406201F4406192B20A432846F1
:1087980048F20D0105F088FD03B030BD00B583B087
:1087A8000DF10603012248F20D0105F03BFD18B951
:1087B800BDF80600C0F3812003B05DF804FB00BFDC
:1087C80030B583B00C460DF10603012248F20D01C5
:1087D800054605F027FD08B103B030BDBDF80620F9
:1087E800E10122F4607201F4607192B20A432846F2
:1087F80048F20D0105F058FD03B030BD00B583B057
:108808000DF10603012248F20D0105F00BFD18B920
:10881800BDF80600C0F3C21003B05DF804FB00BF4A
:10882800D0B5B0F8D431B0F8E0612DED028B07EE89
:10883800903A1B04B8EE678A48BFDFED277A91F8B3
:10884800240048BF38EE678A0C4601F057FC9FEDBC
:108858001E0B41EC110B0DF0F3FAC6F381263046DE
:1088680057EC106B01F05AFC9FED170B41EC110B04
:108878000DF0E6FA304653EC102B394601F0E2FDD4
:1088880001F0AEFFB4F9023007EE903A06EE900A16
:10889800B4F90030F8EEE77A07EE103AD8EE267A07
:1088A800B8EEC77AC7EE877A17EE900A01F048FC4F
:1088B80007A3D3E9002301F0E5FA01F091FFBDEC2D
:1088C800028B00EE100AD0BD00000000000000403E
:1088D8006666666666660A40000080472DE9F843CA
:1088E80005460C46FFF79CFFB5F8C03194ED046AC5
:1088F80007EE903A1A04B8EE677AB5F8803144BFAB
:10890800DFED2D7A37EE677A07EE903A1B0448BF01
:10891800DFED296AF8EE677A10EE109A48BF77EE15
:10892800E67ADFED266AE6EE077A87EE276A66EED4
:10893800267A17EE900A01F003FC064660680F4697
:1089480001F0FEFB024648469046894601F0F8FBD6
:1089580017A3D3E9002301F093FA02460B464046D9
:10896800494601F045FC164B002201F08BFA0246FD
:108978000B463046394601F065FD0646A0890F468C
:1089880001F0CCFB02460B463046394601F078FA36
:1089980001F026FF94ED027A06EE900A86EE870A29
:1089A800F3EE097A30EE270ABDE8F883AFF30080CA
:1089B8006666666666660A40000080470000804872
:1089C8000000F03F2DE9F04F2DED108B8DB00C46D7
:1089D80010EE907A83461546B0F8E2619FEDAEDA64
:1089E800B0EE40AAFFF71CFF5846214610EE108A49
:1089F800FFF774FF10EE100AF0EE409A01F0A0FBAA
:108A08009DA3D3E9002301F03DFA01F0E9FE08EE49
:108A1800100A384601F094FB97A3D3E9002301F02C
:108A280031FA01F0DDFE08EE900A68EEA88A28EE19
:108A3800088A68EEA88A94F89E05B0EE687AA8EECF
:108A4800487A06EB4606B7EE008AC7EE0A7A78EE51
:108A5800E78A01F053FB9FED8A0B41EC110B0DF0F7
:108A6800EFF951EC100B01F0BBFE0BEE100A94F875
:108A78005F0601F043FB9FED820B41EC110B0DF0FB
:108A8800DFF951EC100B01F0ABFE0BEE900A94F8F5
:108A9800DC0101F033FB9FED7A0B41EC110B0DF07B
:108AA800CFF951EC100B01F09BFED4ED0B3A94ED8D
:108AB8000C6AB4F95230B4F95420D4ED0D4A94ED4F
:108AC8000E5AD4ED0F5AF7EE007AB3EE047AF0EEB0
:108AD800676AB0EE674AA3EE874A07464046E6EE65
:108AE800076A07EE103AB8EEC77AD31AB0EE67EA0B
:108AF800A4EE87EA07EE103AB4F9563094ED106AFE
:108B0800B8EEC77A9A1AF0EE67EAE5EE07EA07EEDA
:108B1800102AB4F95820B8EEC77AD31AB0EE67FA1B
:108B2800A5EE87FA07EE103AB4F95A30B8EEC77ACC
:108B38009B1AF0EE67FAE6EE07FA07EE103AC7EE70
:108B4800A6DABBF894311904D4ED116AB8EEC77AE5
:108B58006EEE2EEAE6EE877A6EEE8F5ACDEE84CA76
:108B680025EEAF6ACDED095A66EE277A8DED0A6AD1
:108B7800CDED0B7A07EE903AB4F91430B8EE677A77
:108B880044BFDFED457A37EE677A07EE903AF8EEA4
:108B9800E77ABBF8903187EE87CA1A0407EE903A55
:108BA800B8EE679A44BFDFED3C7A39EE679AF3EE88
:108BB800097A79EEE79AD4ED087AABF10203A7EEC9
:108BC800A98ACDE9013501F0BBFA04F15A030093F3
:108BD80004F5ED7308932CA3D3E9002301F050F9B1
:108BE80069EE0C7A41EC1F0BCDE9040117EE900AEF
:108BF80001F0A6FAB4F9643607EE903AF8EEE77A8F
:108C0800824667EE887A8B4617EE900A01F098FA4A
:108C18008046E069894601F093FA53EC1F2B01F076
:108C2800E7FA1E4B002201F02DF902460B4640469A
:108C3800494601F0DDFA02460B465046594601F016
:108C48001FF901F0CDFD0AEE900A384601F078FAD6
:108C58000FA3D3E9002301F0CBFA04EBC61303F505
:108C6800EE73CDE906010FF2100BDBE900AB04F25D
:108C7800DD45039350E000BF666666666612714084
:108C880000000000000000406666666666660A40EE
:108C98008DEDB5A0F7C6B03E000080470000F03F5C
:108CA800B4F94C3006EE903A6FEEACFAF8EEE66A9C
:108CB800002304EB830337EE667A93ED0B6AF7EE35
:108CC800006AE6EE076A66EEAF7A88EE270A70EE6B
:108CD800287AF5EE407AF1EE10FA00F18181B1EED2
:108CE800E70AB5EE400AF1EE10FA00F17481F1EEF0
:108CF800C07A17EE900A01F023FA52465B4601F05B
:108D0800BFF801F06DFD029B009A43F8040B029333
:108D1800089B934200F04F81019A013532F8023FD7
:108D2800019207EE903A1B0495F90030B8EE677A85
:108D380007EE903AF8EEE77A95F9C13087EE8B6A3C
:108D480048BF37EE4D7A07EE903A27EE0C7AF8EEE8
:108D5800E77AB7EE009A17EE100A87EEAB8AB0EE04
:108D680049FAA9EE86FA01F0EBF9039B33F9022FD1
:108D7800039307EE902AF8EEE77A064667EE8F7AB5
:108D88000F4617EE900A01F0DBF9804618EE100A3C
:108D9800894601F0D5F9DDE9042301F029FA954B5C
:108DA800002201F06FF802460B464046494601F0A2
:108DB8001FFA02460B463046394601F061F801F0C9
:108DC8000FFD94ED067A009B07EE900AE7EE6A7AAB
:108DD80033F8020F009387EE8A8A01F09FF9024662
:108DE8000B46DDE9060101F02DFB01F0F9FCD4ED9D
:108DF8000A7AA9EEA79A07EE900A69EE27FAB0EE6A
:108E0800480AA8EEAF0A2FEEAF7A27EE2F7A27EEA0
:108E1800007AB5EE407AF1EE10FA00F1D780B1EEA3
:108E2800C70AB5EE400AF1EE10FA00F1DE80B1EEA5
:108E3800C0FA18EE100A01F083F994ED0D9A06466F
:108E480019EE100A0F4601F07BF952465B4601F015
:108E5800CFF902460B460020664901F011F880461A
:108E68001FEE900A894601F06BF902460B46404610
:108E7800494601F0BDF969EE0F7A804617EE900A6F
:108E8800894601F05DF902460B464046494600F026
:108E9800F9FF02460B463046394601F0D3FA06463A
:108EA80018EE900A0F4601F04BF902460B46304681
:108EB800394600F0E7FF41EC100B0DF039F80DF0E2
:108EC80037F85B4651EC100B524600F0D9FF01F021
:108ED80087FCB4F94E3006EE103A07EE100AB8EEE9
:108EE800C66AB4EEC76AF1EE10FA3FF7D9AEB4F924
:108EF800503006EE903AF8EEE66AF4EEC76AF1EE04
:108F080010FA05DD6FEEADFAF0EE466A0123D0E601
:108F1800B4F9523006EE103AB8EEC66AB4EEC76A33
:108F2800F1EE10FA10DCB4F9543006EE903AF8EE8F
:108F3800E66AF4EEC76AF1EE10FA07DD6FEE8EFA14
:108F4800F0EE466A0323B4E60223B2E6B4F95630DB
:108F580006EE103AB8EEC66AB4EEC76AF1EE10FA39
:108F680003DD6FEEAEFA0423A3E6B4F9583005EE3C
:108F7800903AF8EEE55AF4EEC75AF1EE10FA07DD2A
:108F8800DDED097AF0EE466A6FEEA7FA052390E662
:108F9800B4F95A3006EE903AF8EEE66AF4EEC76A8B
:108FA800F1EE10FA0CDDDDED0A7AF0EE656A6FEE8F
:108FB800A7FA06237DE60DB0BDEC108BBDE8F08F57
:108FC800DDED0B7A07236FEEA7FA72E6B0EE470ADB
:108FD8000CF0E2FF25E70CF0DFFF10EE100A8AE63E
:108FE800B0EE670A0CF0D8FF7BE60CF0D5FFB0EEC8
:108FF80040FA1EE70000F03F2DE9F04F2DED0E8BF3
:1090080085B08B4615460446B0F8E2619FED90BAEC
:10901800FFF706FC2046594610EE107AFFF75EFC73
:109028009BF89E05B0EE408A01F068F89FED840B2E
:1090380041EC110B0CF004FF51EC100B01F0D0FBCC
:1090480009EE100A9BF85F0601F058F89FED7C0BBB
:1090580041EC110B0CF0F4FE51EC100B01F0C0FBCD
:10906800B4F89431029507EE903A1904B8EE677A8D
:10907800BBF9143044BFDFED767A37EE677A07EE36
:10908800903AF8EEE77AB4F8903187EE87AA1A0496
:1090980006EB46060BEBC61A0BF15A050AF5EE7AF3
:1090A80007EE903AF8EE678A44BFDFED697A78EE0A
:1090B800E78AF3EE097A38EE678AF7EE00AADBED65
:1090C800087A09EE900AF0EE6ABA3846E7EE88BAEE
:1090D80001F036F80BF5ED730BF5CC6201930392B2
:1090E80059A3D3E9002300F0CBFE68EE8A7A41EC5D
:1090F8001C0B41EC1E0B17EE900A01F021F841EC15
:109108001D0BBBF9641607EE901AF8EEE77AA71E56
:1091180067EEAB7A0BF2DD4417EE900A01F010F817
:109128008046DBF81C00894601F00AF853EC1C2B3A
:1091380001F05EF8474B002200F0A4FE02460B4601
:109148004046494601F054F802460B4651EC1D0BC7
:1091580000F096FE01F044FBDDE9018608EE900A76
:10916800DDF80C9037F8023F013407EE903A1B0403
:1091780094F9003007EE103AB8EEC77A94F9C13086
:1091880087EE096AF8EE676A07EE903A48BF76EE0E
:10919800CB6AF8EEE77AB0EE6ACAC7EEA9BA66EE0D
:1091A8008A7AA8EE06CA17EE900A00F0C9FF3AF9C3
:1091B800023F07EE903AF8EEE77A41EC1D0B67EEB6
:1091C8008C7A17EE900A00F0BBFF02460B461BEEA6
:1091D800900A43EC1C2B00F0B3FF53EC1E2B01F05C
:1091E80007F81C4B002200F04DFE02460B4651ECDE
:1091F8001C0B00F0FDFF0B46024651EC1D0B00F066
:109208003FFE01F0EDFA35F8023FDBED066A99ED15
:10921800006A07EE103A07EE900AB8EEC77AE6EE53
:10922800E87AA845A6EEC67A67EE877AE6EC017A70
:1092380098D105B0BDEC0E8BBDE8F08FAFF3008080
:1092480000000000000000406666666666660A4028
:10925800000080470000F03FB0F8E201704700BF0F
:10926800BF282CD810F00F0307D1013080B201EBD2
:1092780080010B6841F8043C7047012B20D00E2B6D
:109288001ED00F2B33D0013001EB8001D1ED006AE5
:10929800D1ED017A11ED026A11ED037A76EEE77AE3
:1092A80036EE477AB0EEE75AF0EEC75AB4EEE55A12
:1092B800F1EE10FA16DC76EEA77A41ED017A7047E6
:1092C80000F18040013801EB8001D1ED027AD1ED47
:1092D800006A77EEA67AB6EE007A67EE877AC1ED75
:1092E800017A704736EE077A01ED017A704700F18E
:1092F8008040013801EB80010B684B60704700BF6C
:10930800B0F94E20B0F84E30B0F94CC0B2F5806FCD
:10931800A8BFA3F50063B0F84C20A8BF9BB2BCF56A
:10932800806FA8BFA2F500624FEA4313A8BF92B2AC
:109338001BB252010B804A80704700BFB0F856300C
:10934800B0F8502007EE903AB3F5806FF8EE677AE0
:1093580028BF9FED167AB0F8543028BF77EEC77A49
:109368009FED137A27EE877A07EE903AB3F5806F70
:10937800F8EE677AB0F8583024BFDFED0C6A77EE64
:10938800E67A06EE903AB4EE006AB0F8523081ED13
:10939800017AFAEEEC6A67EE867A03EB4213C1EDC6
:1093A800027A8B81C1ED046A704700BF0000004556
:1093B80000008039B0F84820B0F84A3003EB421377
:1093C8008B827047B0F866309FED0B7AC3F30803C1
:1093D80007EE903AF8EEE77AF4EEC77AF1EE10FA73
:1093E800C4BF9FED067A77EEC77A9FED057A67EEE0
:1093F800877AC1ED067A704700007F430000004479
:109408000000803CB0F8463007EE903AB3F5806F24
:10941800F8EE677A24BF9FED067A77EEC77A9FED5C
:10942800057A67EE877A01F5CD61C1ED007A70475C
:10943800000000450000003BB0F86630C3F341234C
:1094480081F82430704700BFB0F8443007EE903AF6
:10945800B3F5806FF8EE677A24BF9FED057A77EE53
:10946800C77A9FED047A67EE877AC1ED0A7A70476A
:10947800000000450000003810B43D4C9FED3D6AE7
:10948800DFED3D5A4FF4A002C1E913427823A1F859
:109498005430B0F87430A1F85630B0F87830A1F8EC
:1094A8005830B0F87C30A1F85A30B0F86A30B0F8CB
:1094B800682007EE903AB0F86C3002EE903AB0F8B7
:1094C8006E3003EE103AB0F8703003EE903AB0F810
:1094D800723004EE103AB0F8763004EE903AB0F8F4
:1094E8007A3005EE103AB0F87E3007EE103A0123D4
:1094F800934006EE903AF8EE677AF8EE622AB8EEF4
:10950800433AF8EE633AB8EE444AF8EE644AB8EEE5
:10951800455AB8EE477AC1ED0B7AC1ED0C2A81EDB8
:109528000D3AC1ED0E3A81ED0F4AC1ED104A81EDB9
:10953800115A81ED127A01F12C0301F13002F8EE93
:10954800E66A4C3101E0F2EC017AF4EEC67AF1EE0B
:1095580010FAC8BF77EEE57A87EEA67AC8BFC3EDE2
:10956800007AA3EC017A8B42EDD15DF8044B704789
:10957800D8FFECFF00C07F44000000452DE9F04F04
:109588002DED048B438E9FED7C9AADF54D7D5D09E5
:1095980003F01F031433ADF80E30838E01915A097E
:1095A800804603F01F031433ADF8123038F8363F05
:1095B8001432ADF810205A0903F01F0314350DF1C9
:1095C800180B143214339FED668B8246ADF81420C5
:1095D800ADF8163003AF5E46A94601E037F8029FA2
:1095E80038F8020F00F09AFD044648460D4600F090
:1095F80085FDB0EE480AF0EE680A41EC110B0CF05C
:109608001FFC204653EC102B294600F01BFF01F0ED
:10961800E7F807EE900AC7EE897A0CABE6EC017A18
:109628009E42DBD1019A02F5CC63D2ED067AD3EDE6
:10963800008A4DA7D7E9006768EEE78A0AF23E2854
:109648000DF130090AF2BE3ABBEC018AA8F14004D8
:109658004D4634F8023F07EE903AF8EEE77AB0EE5E
:10966800687AA7EE887A17EE100A00F069FD0246BC
:109678000B463046394600F0E5FE01F0B1F84445A6
:1096880045F8040BE5D104F14008C24509F1800909
:10969800DAD1DDF830A00DAC07EE90AA0DF54C78C4
:1096A8002346B3EC017AB4EE677AF1EE10FAC8BF3C
:1096B800F0EE477A9845F4D19FED307AF4EEC77A08
:1096C800F1EE10FA45D54FF0000977EEA77A09F1C7
:1096D8000109F4EEC77AF1EE10FA5FFA89F9F4D4C9
:1096E800484600F00BFD41EC180B019B244F9FED01
:1096F8001C9B03F15A05002601E054F804ABB0EEB8
:10970800481AF0EE681AB0EE490AF0EE690A0CF051
:1097180097FB50465BEC10AB00F012FD52465B46DF
:1097280000F066FD01F05CF800F00AFD32463B46A9
:1097380000F0A8FB01F034F8A04525F8020FDCD1B1
:10974800019B83F8DC910DF54D7DBDEC048BBDE8E4
:10975800F08F9FED078B4FF00009C6E7AFF300804D
:1097680000000000000000408DEDB5A0F7C6B03E37
:10977800000000000000000000E0FF440000004777
:109788000000E03F038C428C10B5B0F824E05B0980
:109798004FF0010C0EEB421E0CFA03FC1FFA8EFE72
:1097A8001FFA8CFC00F17E0201F5EE7100F5FF74E2
:1097B80032F8023F18B2B0F5806FA4BFA3F500637A
:1097C8009BB21CFB03E321F8023FB2F98004B2F814
:1097D8008034B0F5806FA4BFA3F500639BB21CFB77
:1097E80003E3A242A1F88031E2D110BD2DE9F04F88
:1097F800B0F92A30428DB0F82C902DED068BB3F5D8
:10980800806FA4BFA2F500631BB2ADF5437D07EEE0
:10981800903A00F27E3809F01F00B8EEE7AA0191ED
:1098280000F06CFC9FED608B41EC190BC9F34719F4
:1098380002ADC2AC38F8023FB0EE491AF0EE691A30
:10984800B3F5806F4FEA531628BF403EB0EE480A82
:10985800F0EE680A28BFB6B20CF0F2FA48465BECA4
:1098680010AB00F04BFCB0EE480AF0EE680A41EC91
:10987800110B0CF0E5FA30B257EC106B00F04EFC0F
:1098880052465B4600F0B4FC00F0AAFF07EE900ACF
:1098980077EE8A7A17EE900A00F052FC32463B4681
:1098A80000F0D0FD00F09CFF45F8040BA542C1D1A3
:1098B800DDF808B007EE90BA03ADB0EEE77A2B46B4
:1098C800F3EC017AF0EEE77AF4EE477AF1EE10FA6B
:1098D800C8BFB0EE677AA342F2D1DFED377AB4EEB3
:1098E800E77AF1EE10FA5AD54FF0000937EE077A09
:1098F80009F10109B4EEE77AF1EE10FA5FFA89F995
:10990800F4D4484600F0FAFB41EC180B019B2B4FAE
:109918009FED259B03F2DD4800260EE000F010FCC9
:1099280032463B4600F0AEFA00F012FFA54240B2C4
:1099380008F8010F2AD055F804BBB0EE481AF0EE2B
:10994800681AB0EE490AF0EE690A0CF079FA58463E
:109958005BEC10AB00F0F4FB52465B4600F048FCB1
:1099680000F03EFF07EE900AF5EEC07AF1EE10FA2D
:10997800D4D500F0E5FB32463B4600F081FA00F012
:10998800E7FEA54240B208F8010FD4D1019B83F845
:109998009E950DF5437DBDEC068BBDE8F08F9FEDE0
:1099A800048B4FF00009B1E7000000000000004000
:1099B8000000000000000000000080420000E03FBE
:1099C8002DE9F04FB0F92E30C28DB0F830902DED62
:1099D800068BB3F5806FA4BFA2F500631BB2ADF58B
:1099E800437D07EE903A00F27E3809F01F00B8EE8A
:1099F800E7AA019100F082FB9FED5F8B41EC190B08
:109A0800C9F3471902ADC2AC38F9023FB0EE491AA2
:109A1800F0EE691A03F01F06B0EE480AF0EE680A85
:109A2800DB0648BF203E0CF00BFA48465BEC10AB57
:109A380000F064FBB0EE480AF0EE680A41EC110B46
:109A48000CF0FEF9304657EC106B00F067FB5246FD
:109A58005B4600F0CDFB00F0C3FE07EE900A77EE00
:109A68008A7A17EE900A00F06BFB32463B4600F00C
:109A7800E9FC00F0B5FE45F8040BA542C4D1DDF8B9
:109A880008B007EE90BA03ADB0EEE77A2B46F3ECD8
:109A9800017AF0EEE77AF4EE477AF1EE10FAC8BFF1
:109AA800B0EE677AA342F2D1DFED377AB4EEE77A07
:109AB800F1EE10FA5AD54FF0000937EE077A09F19E
:109AC8000109B4EEE77AF1EE10FA5FFA89F9F4D4F5
:109AD800484600F013FB41EC180B019B2B4F9FED00
:109AE800269B03F29E5800260EE000F029FB324622
:109AF8003B4600F0C7F900F02BFEA54240B208F83B
:109B0800010F2AD055F804BBB0EE481AF0EE681AD7
:109B1800B0EE490AF0EE690A0CF092F958465BEC8F
:109B280010AB00F00DFB52465B4600F061FB00F005
:109B380057FE07EE900AF5EEC07AF1EE10FAD4D58A
:109B480000F0FEFA32463B4600F09AF900F000FEBB
:109B5800A54240B208F8010FD4D1019B83F85F9663
:109B68000DF5437DBDEC068BBDE8F08F9FED048BB2
:109B78004FF00009B1E700BF0000000000000040FE
:109B88000000000000000000000080420000E03FEC
:109B98002DE9F843B0F85A30B0F85E20B0F86060AC
:109BA80007EE903AB3F5806F2DED028BB8EE678A19
:109BB80028BFDFED437A044690F85C0028BF38EEF2
:109BC800678A06EB42160D4600F098FA9FED3A0BAD
:109BD80041EC110B0CF034F959EC108B18EE100A0B
:109BE80000F0AEFA42464B4600F02CFC00F0F8FDBF
:109BF800B4F8623003F03F0208EE102AB8EEC88AC3
:109C0800F3EE0F7AB4EEE78AF1EE10FAC8BFDFED93
:109C18002D7A0746C3F38710C8BF38EE678A00F06D
:109C28006DFA9FED250B41EC110B0CF009F959EC7D
:109C3800108B18EE100A00F083FA42464B4600F0EB
:109C480001FC00F0CDFDB4F86430286203F03F0257
:109C580008EE102AB8EEC88AF3EE0F7AB4EEE78A57
:109C6800F1EE10FAC8BFDFED177AC3F38710C8BF4B
:109C780038EE678A00F042FA9FED0F0B41EC110BAA
:109C88000CF0DEF859EC108B18EE100A00F058FAB8
:109C98004B46424600F0D6FB00F0A2FDBDEC028B1D
:109CA80005F5CC6336B2E8611F60A5F86466BDE8C7
:109CB800F88300BFAFF30080000000000000004000
:109CC800000000450000804200F5CD6090ED000ADC
:109CD800704700BF4FF6FF7310B50024A1F86C362B
:109CE8007E30234630F8022F03F1010EBAB9B0F8DE
:109CF80080215AB9B0F8002342B9B0F8802404F1A1
:109D0800010C1AB9A1F86C361FFA8CF41FFA8EF3FD
:109D1800C02B08D0022CE5D16FF0020010BD1FFA4D
:109D28008EF3C02BDED1022C0CBF6FF00200002096
:109D380010BD00BF38B5838A5B0640F18680B0F954
:109D48004E20B0F84E300D46B2F5806FB0F94C1089
:109D5800B0F84C20A4BFA3F500639BB2B1F5806FA7
:109D6800A4BFA2F5006292B25B011BB25201294660
:109D78002B806A80FFF7E2FAB0F84820B0F84A3042
:109D88009FED337A03EB4213AB82B0F86630C3F32E
:109D9800080207EE902AF8EEE77AB0F84620F4EECB
:109DA800C77AF1EE10FAC4BF9FED2A7A77EEC77A28
:109DB8009FED297A67EE877A07EE102AB2F5806F51
:109DC800C5ED067AB8EE477A24BFDFED247A37EE80
:109DD800677ADFED237A27EE277A05F5CD62C3F39C
:109DE800412382ED007A85F82430B0F8443007EE3C
:109DF800903AB3F5806F28BF9FED187AF8EE677A2E
:109E0800044628BF77EEC77A9FED167A67EE877A01
:109E1800C5ED0A7AFFF730FB2946FFF7B9FE294658
:109E28002046FFF7ABFB29462046FFF7ABFC294647
:109E38002046FFF7DBFC29462046FFF7C1FD2946EF
:109E48002046BDE83840FFF745BF6FF0060038BD33
:109E580000007F43000000440000803C00000045F3
:109E68000000003B00000038838A13F0400F0CBF4D
:109E78006FF006000020704781F0004102E000BF4B
:109E880083F0004330B54FEA41044FEA430594EAB2
:109E9800050F08BF90EA020F1FBF54EA000C55EAED
:109EA800020C7FEA645C7FEA655C00F0E2804FEABE
:109EB8005454D4EB5555B8BF6D420CDD2C4480EAA0
:109EC800020281EA030382EA000083EA010180EAD0
:109ED800020281EA0303362D88BF30BD11F0004F1E
:109EE8004FEA01314FF4801C4CEA113102D0404254
:109EF80061EB410113F0004F4FEA03334CEA13338F
:109F080002D0524263EB430394EA050F00F0A780A6
:109F1800A4F10104D5F1200E0DDB02FA0EFC22FAA1
:109F280005F2801841F1000103FA0EF2801843FA95
:109F380005F359410EE0A5F120050EF1200E012A86
:109F480003FA0EFC28BF4CF0020C43FA05F3C018C4
:109F580051EBE37101F0004507D54FF0000EDCF13D
:109F6800000C7EEB00006EEB0101B1F5801F1BD3E6
:109F7800B1F5001F0CD349085FEA30004FEA3C0CEA
:109F880004F101044FEA445212F5800F80F09A80E0
:109F9800BCF1004F08BF5FEA500C50F1000041EBE4
:109FA800045141EA050130BD5FEA4C0C404141EBE8
:109FB8000101013C28BFB1F5801FE9D291F0000FE3
:109FC80004BF01460020B1FA81F308BF2033A3F192
:109FD8000B03B3F120020CDA0C3208DD02F1140C89
:109FE800C2F10C0201FA0CF021FA02F10CE002F1C4
:109FF8001402D8BFC2F1200C01FA02F120FA0CFCBD
:10A00800DCBF41EA0C019040E41AA2BF01EB045105
:10A01800294330BD6FEA04041F3C1CDA0C340EDC03
:10A0280004F11404C4F1200220FA04F001FA02F346
:10A0380040EA030021FA04F345EA030130BDC4F104
:10A048000C04C4F1200220FA02F001FA04F340EAF9
:10A058000300294630BD21FA04F0294630BD94F0AA
:10A06800000F83F4801306BF81F480110134013D91
:10A078004EE77FEA645C18BF7FEA655C29D094EA02
:10A08800050F08BF90EA020F05D054EA000C04BF80
:10A098001946104630BD91EA030F1EBF002100206B
:10A0A80030BD5FEA545C05D14000494128BF41F00A
:10A0B800004130BD14F580043CBF01F5801130BD6E
:10A0C80001F0004545F0FE4141F470014FF00000F9
:10A0D80030BD7FEA645C1ABF194610467FEA655CAA
:10A0E8001CBF0B46024650EA013406BF52EA03354C
:10A0F80091EA030F41F4002130BD00BF90F0000F3A
:10A1080004BF0021704730B54FF4806404F1320475
:10A118004FF000054FF0000150E700BF90F0000F2E
:10A1280004BF0021704730B54FF4806404F1320455
:10A1380010F0004548BF40424FF000013EE700BF25
:10A1480042004FEAE2014FEA31014FEA02701FBFB5
:10A1580012F07F4393F07F4F81F06051704732F0E7
:10A168007F4208BF704793F07F4F04BF41F400213E
:10A17800704730B54FF4607401F0004521F000419C
:10A188001CE700BF50EA010208BF704730B54FF026
:10A1980000050AE050EA010208BF704730B511F027
:10A1A800004502D5404261EB41014FF4806404F15F
:10A1B80032045FEA915C3FF4D8AE4FF003025FEAE5
:10A1C800DC0C18BF03325FEADC0C18BF033202EB69
:10A1D800DC02C2F1200300FA03FC20FA02F001FAC3
:10A1E80003FE40EA0E0021FA02F11444BDE600BF66
:10A1F80070B54FF0FF0C4CF4E06C1CEA11541DBF15
:10A208001CEA135594EA0C0F95EA0C0F00F0DEF8DF
:10A218002C4481EA030621EA4C5123EA4C5350EAC4
:10A22800013518BF52EA033541F4801143F4801315
:10A2380038D0A0FB02CE4FF00005E1FB02E506F0A6
:10A248000042E0FB03E54FF00006E1FB03569CF0FB
:10A25800000F18BF4EF0010EA4F1FF04B6F5007F01
:10A2680064F5407404D25FEA4E0E6D4146EB060673
:10A2780042EAC62141EA55514FEAC52040EA5E50FC
:10A288004FEACE2EB4F1FD0C88BFBCF5E06F1ED8A6
:10A29800BEF1004F08BF5FEA500E50F1000041EBDD
:10A2A800045170BD06F0004646EA010140EA02008A
:10A2B80081EA0301B4EB5C04C2BFD4EB0C0541EAAC
:10A2C800045170BD41F480114FF0000E013C00F3C1
:10A2D800AB8014F1360FDEBF002001F0004170BDE5
:10A2E800C4F10004203C35DA0C341BDC04F11404FE
:10A2F800C4F1200500FA05F320FA04F001FA05F28A
:10A3080040EA020001F0004221F0004110EBD37056
:10A3180021FA04F642EB06015EEA430E08BF20EA82
:10A32800D37070BDC4F10C04C4F1200500FA04F325
:10A3380020FA05F001FA04F240EA020001F00041B7
:10A3480010EBD37041F100015EEA430E08BF20EA2A
:10A35800D37070BDC4F1200500FA05F24EEA020E72
:10A3680020FA04F301FA05F243EA020321FA04F0A1
:10A3780001F0004121FA04F220EA020000EBD37058
:10A388005EEA430E08BF20EAD37070BD94F0000F58
:10A398000FD101F00046400041EB010111F4801F8C
:10A3A80008BF013CF7D041EA060195F0000F18BF3D
:10A3B800704703F00046520043EB030313F4801F79
:10A3C80008BF013DF7D043EA0603704794EA0C0F33
:10A3D8000CEA135518BF95EA0C0F0CD050EA410649
:10A3E80018BF52EA4306D1D181EA030101F00041C6
:10A3F8004FF0000070BD50EA410606BF10461946EE
:10A4080052EA430619D094EA0C0F02D150EA0136F9
:10A4180013D195EA0C0F05D152EA03361CBF10463A
:10A4280019460AD181EA030101F0004141F0FE41D9
:10A4380041F470014FF0000070BD41F0FE4141F45D
:10A44800780170BD70B54FF0FF0C4CF4E06C1CEA5D
:10A4580011541DBF1CEA135594EA0C0F95EA0C0F12
:10A4680000F0A7F8A4EB050481EA030E52EA0335CD
:10A478004FEA013100F088804FEA03334FF08055EE
:10A4880045EA131343EA12634FEA022245EA11151B
:10A4980045EA10654FEA00260EF000419D4208BFCC
:10A4A800964244F1FD0404F5407402D25B084FEA79
:10A4B8003202B61A65EB03055B084FEA32024FF425
:10A4C80080104FF4002CB6EB020E75EB030E22BF82
:10A4D800B61A754640EA0C005B084FEA3202B6EB42
:10A4E800020E75EB030E22BFB61A754640EA5C00F1
:10A4F8005B084FEA3202B6EB020E75EB030E22BF81
:10A50800B61A754640EA9C005B084FEA3202B6EB81
:10A51800020E75EB030E22BFB61A754640EADC0040
:10A5280055EA060E18D04FEA051545EA16754FEAA2
:10A5380006164FEAC30343EA52734FEAC2025FEAC0
:10A548001C1CC0D111F4801F0BD141EA00014FF04F
:10A5580000004FF0004CB6E711F4801F04BF014320
:10A568000020B4F1FD0C88BFBCF5E06F3FF6AFAE3C
:10A57800B5EB030C04BFB6EB020C5FEA500C50F1CC
:10A58800000041EB045170BD0EF0004E4EEA11314F
:10A5980014EB5C04C2BFD4EB0C0541EA045170BD56
:10A5A80041F480114FF0000E013C90E645EA060E9A
:10A5B8008DE60CEA135594EA0C0F08BF95EA0C0FC8
:10A5C8003FF43BAF94EA0C0F0AD150EA01347FF410
:10A5D80034AF95EA0C0F7FF425AF104619462CE7E7
:10A5E80095EA0C0F06D152EA03353FF4FDAE10464A
:10A5F800194622E750EA410618BF52EA43067FF49B
:10A60800C5AE50EA41047FF40DAF52EA43057FF42A
:10A61800EBAE12E74FF0FF3C06E000BF4FF0010C35
:10A6280002E000BF4FF0010C4DF804CD4FEA410C99
:10A638007FEA6C5C4FEA430C18BF7FEA6C5C1BD066
:10A6480001B050EA410C0CBF52EA430C91EA030FE7
:10A6580002BF90EA020F0020704710F1000F91EA44
:10A66800030F58BF994208BF90422CBFD8176FEA12
:10A67800E37040F0010070474FEA410C7FEA6C5CE0
:10A6880002D150EA013C07D14FEA430C7FEA6C5CE7
:10A69800D6D152EA033CD3D05DF8040B704700BF13
:10A6A8008446104662468C461946634600E000BF61
:10A6B80001B5FFF7B7FF002848BF10F1000F01BD33
:10A6C8004DF808EDFFF7F4FF0CBF012000205DF8FE
:10A6D80008FB00BF4DF808EDFFF7EAFF34BF012083
:10A6E80000205DF808FB00BF4DF808EDFFF7E0FF1C
:10A6F80094BF012000205DF808FB00BF4DF808ED6D
:10A70800FFF7CEFF94BF012000205DF808FB00BFD3
:10A718004DF808EDFFF7C4FF34BF012000205DF8B5
:10A7280008FB00BF4FEA410C7FEA6C5C02D150EA9B
:10A73800013C0AD14FEA430C7FEA6C5C02D152EA31
:10A74800033C02D14FF0000070474FF00100704702
:10A758004FEA410212F5001215D211D56FF4787341
:10A76800B3EB625212D94FEAC12343F0004343EAE4
:10A77800505311F0004F23FA02F018BF40427047BF
:10A788004FF00000704750EA013005D111F0004049
:10A7980008BF6FF0004070474FF00000704700BFDF
:10A7A8004A0011D212F5001211D20DD56FF4787348
:10A7B800B3EB62520ED44FEAC12343F0004343EA9D
:10A7C800505323FA02F070474FF00000704750EAE8
:10A7D800013002D14FF0FF3070474FF00000704752
:10A7E8004FEA4102B2F1E04324BFB3F5001CDCF1AB
:10A7F800FE5C0DD901F0004C4FEAC0024CEA5070E3
:10A80800B2F1004F40EB830008BF20F00100704711
:10A8180011F0804F21D113F13872BCBF01F0004014
:10A82800704741F480114FEA5252C2F11802C2F146
:10A83800200C10FA0CF320FA02F018BF40F00100C7
:10A848004FEAC1234FEAD32303FA0CFC40EA0C0079
:10A8580023FA02F34FEA4303CCE77FEA625307D1B6
:10A8680050EA01331EBF4FF0FE4040F440007047ED
:10A8780001F0004040F0FE4040F40000704700BF87
:10A8880053B94AB9002908BF00281CBF4FF0FF314F
:10A898004FF0FF3000F074B9ADF1080C6DE904CE4B
:10A8A80000F006F8DDF804E0DDE9022304B07047A3
:10A8B8002DE9F047089D04468E46002B4DD18A426B
:10A8C800944669D9B2FA82F252B101FA02F3C2F19E
:10A8D800200120FA01F10CFA02FC41EA030E94402F
:10A8E8004FEA1C48210CBEFBF8F61FFA8CF708FB50
:10A8F80016E341EA034306FB07F199420AD91CEB28
:10A90800030306F1FF3080F01F81994240F21C8159
:10A91800023E63445B1AA4B2B3FBF8F008FB1033A1
:10A9280044EA034400FB07F7A7420AD91CEB0404D6
:10A9380000F1FF3380F00A81A74240F207816444A6
:10A94800023840EA0640E41B00261DB1D44000232B
:10A95800C5E900433146BDE8F0878B4209D9002D8F
:10A9680000F0EF800026C5E9000130463146BDE819
:10A97800F087B3FA83F6002E4AD18B4202D3824283
:10A9880000F2F980841A61EB030301209E46002D32
:10A99800E0D0C5E9004EDDE702B9FFDEB2FA82F287
:10A9A800002A40F09280A1EB0C014FEA1C471FFAE5
:10A9B8008CFE0126200CB1FBF7F307FB131140EACC
:10A9C80001410EFB03F0884208D91CEB010103F199
:10A9D800FF3802D2884200F2CB804346091AA4B25B
:10A9E800B1FBF7F007FB101144EA01440EFB00FE2F
:10A9F800A64508D91CEB040400F1FF3102D2A64594
:10AA080000F2BB800846A4EB0E0440EA03409CE732
:10AA1800C6F12007B34022FA07FC4CEA030C20FADF
:10AA280007F401FA06F31C43F9404FEA1C4900FAFF
:10AA380006F3B1FBF9F8200C1FFA8CFE09FB18117C
:10AA480040EA014108FB0EF0884202FA06F20BD9EF
:10AA58001CEB010108F1FF3A80F08880884240F23F
:10AA68008580A8F102086144091AA4B2B1FBF9F083
:10AA780009FB101144EA014100FB0EFE8E4508D97E
:10AA88001CEB010100F1FF346CD28E456AD9023803
:10AA9800614440EA0840A0FB0294A1EB0E01A142E8
:10AAA800C846A64656D353D05DB1B3EB080261EB56
:10AAB8000E0101FA07F722FA06F3F1401F43C5E930
:10AAC800007100263146BDE8F087C2F12003D84066
:10AAD8000CFA02FC21FA03F3914001434FEA1C47A8
:10AAE8001FFA8CFEB3FBF7F007FB10360B0C43EA9A
:10AAF800064300FB0EF69E4204FA02F408D91CEB4A
:10AB0800030300F1FF382FD29E422DD90238634447
:10AB18009B1B89B2B3FBF7F607FB163341EA0341E7
:10AB280006FB0EF38B4208D91CEB010106F1FF3836
:10AB380016D28B4214D9023E6144C91A46EA00462D
:10AB480038E72E46284605E70646E3E61846F8E6BF
:10AB58004B45A9D2B9EB020864EB0C0E0138A3E708
:10AB68004646EAE7204694E74046D1E7D0467BE7E9
:10AB7800023B614432E7304609E76444023842E761
:10AB8800704700BFDFF834D000F026F80C480D49B4
:10AB98000D4A002302E0D458C4500433C4188C4230
:10ABA800F9D30A4A0A4C002301E013600432A24296
:10ABB800FBD30CF085F907F07FF8FEE700A0002032
:10ABC800000000207C000020809401087C00002008
:10ABD800B4510020FEE70000034AD2F8883043F45D
:10ABE8007003C2F88830704700ED00E00A4B10B5DA
:10ABF8001880044601F0BEFD902001F06BFE012094
:10AC080001F068FE200A01F065FEE0B201F062FE84
:10AC1800BDE8104001F00ABE040000200B4B10B53F
:10AC28001C8801F0A7FD902001F054FE44F4004474
:10AC3800012001F04FFE200A01F04CFEE0B201F0C5
:10AC480049FEBDE8104001F0F1BD00BF040000203E
:10AC580038B501F08FFD902001F03CFEB8B100201E
:10AC680001F038FE98B101F085FD912001F032FE27
:10AC780068B1012001F0E0FE0546002001F0DCFE8D
:10AC8800044601F0D3FD44EA052000B238BD01F0C6
:10AC9800CDFD002038BD00BF00B51F4A1F4B1078FE
:10ACA8001F4A1B781F49ADF52B7D4FF0010C8DF81D
:10ACB8000500009202A840F29E228DF804C08DF88B
:10ACC80006300CF031F96A460DF5297C4221002343
:10ACD80001E012F8011F4B400821580013F0800FC3
:10ACE80008BF5B0080F0070001F1FF3114BFC3B259
:10ACF800DBB211F0FF01F0D16245EAD140F2A622A1
:10AD080069464FF480708DF8073002F0BFF80DF5F2
:10AD18002B7D5DF804FB00BF3A0300203B030020B5
:10AD2800424B4C429C0000202DE9F041294C2A4D11
:10AD3800267807F099FB294B294A93F80080294B7C
:10AD48001F88294BB3F800E0284B197806EB8603D7
:10AD5800003942F8130002EB43034FEA860C83F8EC
:10AD68000480A3F80570A3F807E02B7818BF012129
:10AD78000BB141F002010CEB060302EB430322780E
:10AD880059721B4B0132A3FB02135B0803EB4311FF
:10AD980003EB41031749D31A23700B78164C422B47
:10ADA8009CBF01330B702B7823B1144E2278337873
:10ADB800134309D02B7803F0FF020BB90F4B1A701D
:10ADC8002B782370BDE8F081FFF766FF012333700D
:10ADD800F0E700BF3B0300209C510020244E0020D8
:10ADE8009C000020384E00209E510020494E002033
:10ADF8006B4CA4073A03002099000020980000201B
:10AE0800274B1A68B2F5A87F00D070471B69022B40
:10AE1800FBD92449244AB1F8013024480978117033
:10AE28005BBA03801378012BD9B214D01378022BA4
:10AE380014D000231E4A194603EB430C02EB0C0006
:10AE48000133082B02F80C1041708170F4D1194BB2
:10AE580001221A707047184B1970704700B572B606
:10AE68001649174A174B91F800E092F800C0187875
:10AE78005FFA8EFE5FFA8CFCC0B262B60C4A002103
:10AE880001EB4103013102F803E01344082983F878
:10AE980001C09870F4D1074B01221A705DF804FBC9
:10AEA8006C51002064510020274E0020304E0020B5
:10AEB8004C510020A1510020A051002048510020F1
:10AEC8004751002046510020F8B5204B1A68B2F5CA
:10AED800F87F00D0F8BD1B69042BFBD91C4B1B78ED
:10AEE80003F0FF05002BF5D172B61A4E1A483478D4
:10AEF8001A4F4FF4005108F03FFEA4F10104B4FAD0
:10AF080084F46409A0424FF40051134818BF3D600F
:10AF1800224608F037FED6F8013019BA13B939605D
:10AF280062B6F8BD0E4A0F4B116000243960224604
:10AF380009481C704FF4805108F024FE0648224648
:10AF48004FF4804108F01EFEEAE700BF6C51002074
:10AF58000800002064510020000400489851002097
:10AF68000C0000209451002038B5474C474B22462E
:10AF7800002108F0F9F900B138BD07F075FA444D21
:10AF8800444B186000F0AEFA2B781BB12368B3F578
:10AF9800807FF1D100F058F900F080FE2B78002B6B
:10AFA800EAD13D4B1B78182BE6D801A252F823F0C2
:10AFB8004DB000081DB000081DB000081DB0000805
:10AFC80081AF000889B000081DB000081DB0000856
:10AFD80081B0000879B0000871B0000881AF00089E
:10AFE8001DB0000859B0000825B0000881AF00085E
:10AFF8001DB0000869B0000861B0000845B000083D
:10B0080081AF00083DB0000835B000082DB0000839
:10B0180025B00008BDE8384000F01ABDBDE838404A
:10B0280001F040B9BDE8384000F070BDBDE83840D7
:10B0380000F0CCBFBDE83840FFF746BFBDE8384058
:10B0480000F084BC00F03AFFBDE8384000F000BDD5
:10B05800BDE8384000F072B8BDE8384001F0F0B8FB
:10B06800BDE8384000F088B8BDE8384000F074BD4D
:10B07800BDE8384000F0A8BCBDE83840FFF7C0BEC6
:10B08800BDE8384000F00AB86C5100206451002037
:10B098009C510020344E0020244E002038B51F4B10
:10B0A8001A68B2F5A07F00D038BD1B69012BFBD907
:10B0B8001B4B1B78002BF7D11A4D1B4C2B78237098
:10B0C80007F0D2F96A78194BA2F10102B2FA82F2BA
:10B0D8001860520910214FF0904008F053FD237872
:10B0E8001349144A40F67F4000FB03F312681248E4
:10B0F800A1FB0313DB095363237803F0FF0233B189
:10B10800BDE8384001224FF4007108F03BBDBDE8AE
:10B1180038404FF4007108F035BD00BF6C51002075
:10B128000800002064510020484E0020404E0020B6
:10B1380081808080F04F0020000400480B4B1A6883
:10B14800B2F5D87F00D070471B69002BFBD0084BA5
:10B158001B78002BF7D1074B1A78003A4FF0020101
:10B168004FF0904018BF012208F00CBD6C51002030
:10B1780008000020645100202E4A1368B3F5107FA0
:10B1880026D040F24122934215D040F24222934207
:10B1980021D110B5284B1B78052B88B01CD0022272
:10B1A8006946222001F06CFD18B1244808F0C8F85F
:10B1B80038BB08B010BD224B1B7803F0FF0253B90F
:10B1C8001D4B1B78052B2DD01E49212001F026BDD3
:10B1D8001269022A09D07047FFF73AFDC0F3072326
:10B1E8008DF800308DF80100DFE7154B1B78002B38
:10B1F800F1D1114B1B78052B16D01249202001F0F4
:10B208000DBD40F24220022100240290069101ABBC
:10B218006A4602A909488DF81C40CDE9044408F0A3
:10B2280011F8C6E7FFF7FABC064B188840BA80B297
:10B23800FFF7DCBC6C5100204A4E0020A04E0020D5
:10B2480008000020645100202DE9F041914D2B6841
:10B25800B3F5C07F92B03ED0B3F5C17F74D0B3F5DB
:10B26800C97F09D0B3F5807F03D12B69082B00F083
:10B27800A28012B0BDE8F0812B69042BF9D1864B6E
:10B288001A78E32AF5D15A78A52AF2D19A78E02AD1
:10B29800EFD1DE78FF2EECD12222314609A80BF03F
:10B2A80051FE222209A9002001F0F0FD00247B4B69
:10B2B8007B481C70222221460BF044FE794822224A
:10B2C80031460BF03FFE784808F03AF8002840F085
:10B2D800CF802B68C6E72B69012BCAD96E4A92F832
:10B2E8000080B8F1070F28BF4FF00708013B9845C9
:10B2F80088BF5FFA83F8002204214FF090408DF850
:10B308000C8008F03FFCB8F1000F0FD0674C08F133
:10B31800FF37631C0DF10D0653FA87F714F8010B7C
:10B3280001F02CFDBC4206F8010BF7D14FF090401C
:10B338000122042108F026FC5B4808F001F830BB24
:10B348002B68B3F5C17F8AD1574807F0F9FF08B9D0
:10B358002B6884E74FF40041554808F00DFCA0F134
:10B368000100B0FA80F00021400940F28313CDE9D2
:10B378000B1101248DF8040009938DF8381003ABE4
:10B3880001AA09A948480D9407F05CFFE0E708F115
:10B39800010800215FFA88F240F28110CDE90B1113
:10B3A80009900D928DF8381001AB03AA09A93E48FF
:10B3B80007F048FFC4E7384C3E4B3F4A6178207895
:10B3C800187001255970A1789970157007F04CF81C
:10B3D8003A4B3B49E2783B4F3B4E00F51C5010304E
:10B3E80008601A70394A237915703B70384D6379B3
:10B3F8003370A3792B70374B1B78082B1DD0E47959
:10B40800354900230FE03878C0B2885430780A44B0
:10B41800C0B2507028785A00C0B21A440A440133A6
:10B42800082B907020D003EB4302002CEBD18C54F6
:10B438000A44204654705A00EFE7284B1B78022B29
:10B4480012D172B63B7834782878E4B2DDB2C0B253
:10B4580062B62149002202EB42030132CD540B446B
:10B46800082A5C709870F6D11D4B01221A7000E70B
:10B4780040F291110822039107926B4601AA03A991
:10B4880009488DF82040CDE90144CDE9054407F08D
:10B49800D9FE1EE76C510020645100204C4E00205C
:10B4A80024510020DC500020A04E002065510020CF
:10B4B8000008004818510020105100201E5100209B
:10B4C8001451002048510020475100201C510020F1
:10B4D80046510020244E00204C510020274E0020C9
:10B4E800A151002030B5A04C2368B3F5FE6F8BB096
:10B4F80070D0B3F5FF6F00F0E58040F2FB72934225
:10B5080000F0C880B3F5887F00F0D080B3F5C87F1D
:10B518007FD0B3F5D07F61D123692BB1934B1B78D2
:10B52800062B01D8924A1370924807F009FF0028A9
:10B5380040F06B812368B3F5D17F56D123692BB1D5
:10B548008A4B1B78192B01D88B4A1370894807F04E
:10B55800F7FE002840F040812368B3F5D27F4BD135
:10B5680023691BB1814A854B12781A70814807F00C
:10B57800E7FE002840F018812368B3F5D37F42D155
:10B58800236973B1794B1B78032B0AD87C49784A15
:10B598000B701378032B00F0B5811378042B00F09F
:10B5A800B181744807F0CCFE88B3754B0020197838
:10B5B8008DF8041040F2A712CDE906000124049288
:10B5C8008DF8240002AB01AA04A96A48089407F080
:10B5D80039FE1CE02269042A00F0818040F2A112A1
:10B5E8009342A1D0B3F5D17FA8D040F2A3129342E1
:10B5F800ACD0B3F5D27FB3D040F2A5129342B5D008
:10B60800B3F5D37FBCD0A3F5D373012BC9D90BB045
:10B6180030BD584807F094FE002835D0594B5A4998
:10B62800DA88097858798DF80810197E8DF809009C
:10B638008DF80A1002B91A89987A8DF80C20110A27
:10B648008DF80B1000B9187B597BDD7A9A7B8DF841
:10B658000D0055EA01034FF000010CBF0B46012312
:10B6680008208DF80E3040F29113CDE906118DF8BF
:10B678000F2004930DEB000208908DF824103D482C
:10B6880001AB04A907F0DEFD2368B3F5D07F3FF4D2
:10B6980043AFA3E7374D284607F052FE002840F095
:10B6A800C9802368B3F5887F7FF430AF314807F04D
:10B6B80047FE002840F0FC802368B3F5C87F7FF47C
:10B6C80028AFA6E72B4807F03BFE002840F0CB80C8
:10B6D800236840F2FB7293427FF414AFDAE7234AFF
:10B6E8001178B0297FF47AAF517807297FF476AFC3
:10B6F80091781D297FF479AFD2785A2A7FF475AFF3
:10B70800224A234B12681B682248002454634021B4
:10B718005C63012208F036FA1E4822464FF4007195
:10B7280008F030FA224602214FF0904008F02AFA39
:10B73800194B1B78092B00F0EC800023174A04935F
:10B7480002E0049B01330493049B9342F9D9BFF3AD
:10B758004F8F1349134BCA6802F4E0621343CB605E
:10B76800BFF34F8F00BFFDE76C51002064510020EC
:10B778004A4E0020A04E00204B4E00203A4E00209A
:10B788001B510020245100204C4E0020F04F002077
:10B798003C50002000040048244E0020FFE1040033
:10B7A80000ED00E00400FA055D4B032200211B7840
:10B7B8008DF8042040F2A5100222CDE906118DF87B
:10B7C8000530049008928DF8241002AB01AA04A950
:10B7D800544807F037FDCFE6534A544B12781B788C
:10B7E8008DF80420002140F2A3100222CDE90611B1
:10B7F8008DF80530049008928DF8241002AB01AA48
:10B8080004A9484807F01EFDA6E6494B00211A780E
:10B818008DF8042040F2A1130120CDE9061104930C
:10B8280008908DF8241002AB01AA04A93D4807F03E
:10B8380009FD7FE62B689B69180C1B0E002140F25E
:10B84800FC728DF805300223CDE906118DF804004D
:10B85800049208938DF82410284602AB01AA04A983
:10B8680007F0F0FC1DE70323CC20012200218DF80E
:10B8780009308DF80A308DF80B00022340F2F97078
:10B888008DF80C200822CDE906118DF808108DF8E6
:10B898000D108DF80E108DF80F30049008928DF869
:10B8A800241001AB6A4404A91E4807F0CBFC0FE73B
:10B8B80020482149214A0078214B097812781B78C1
:10B8C8008DF80400003918BF0121003A18BF012281
:10B8D800003B18BF01238DF8051040F2111000211C
:10B8E8008DF806200422CDE906118DF80730049062
:10B8F80008928DF8241002AB6A4404A9094807F09D
:10B90800A1FCD9E60F490122142001F087F9236828
:10B9180079E60D482246402108F034F90DE700BFCA
:10B928003A4E0020A04E0020090000204B4E002077
:10B938004A4E0020244E00209C510020324E002008
:10B9480008000020645100200004004838B5154B59
:10B958001A68B2F5F07F00D038BD1B69022BFBD9FD
:10B96800114B1B78002BF7D1104D114A2B88114C25
:10B978005BBA138006F078FD0F4AAB78106023702D
:10B9880006F072FD0D4B0E49186023780D4A40F6FB
:10B998007F4000FB03F31268A1FB0313DB09536329
:10B9A80038BD00BF6C510020080000206451002001
:10B9B8009E510020704F00208C510020744F0020B1
:10B9C80081808080F04F0020194B1A68B2F5B07F53
:10B9D80000D070471B69012BFBD970B5154B1B783C
:10B9E80003F0FF0403B170BD134D144E2B78337070
:10B9F80006F03AFD6A78124B012A18600DD0114BF7
:10BA080011481B68A2F10102B2FA82F25C63520982
:10BA1800BDE87040402108F0B5B834780B4B40F6CB
:10BA28007F4101FB04F4A3FB0434E409E7E700BF0A
:10BA38006C5100200800002064510020D8500020DC
:10BA4800D4500020F04F00200004004881808080FE
:10BA5800254B1A68B2F5907F00D070471B69042BFC
:10BA6800FBD92DE9F041214B1B7803F0FF040BB102
:10BA7800BDE8F08172B61E4D1E4895F800801E4F35
:10BA8800202108F079F8A8F10106B6FA86F67609B9
:10BA9800B0423246174818BF3C60202108F072F8BF
:10BAA800D5F8012013BADAB11449154A0B603B6086
:10BAB80012783AB91349B8F1010F0A6818BF5B4206
:10BAC80013440B600024104B0A481C7022460821BE
:10BAD80008F058F807482246402108F053F800E0DB
:10BAE8003B6062B6C4E700BF6C510020080000202C
:10BAF8006451002000040048985100200C000020E8
:10BB0800244E002090510020945100200F4B1A68B9
:10BB1800B2F50C7F0FD040F231218A4200D0704735
:10BB28001A69032AFBD10A4B1B78002BF7D1094964
:10BB3800312001F073B81A69032AF0D1044B1B783D
:10BB4800002BECD10349302001F068B86C5100207B
:10BB58000800002064510020404AF8B51368B3F586
:10BB6800B87F22D040F273118B4206D0B3F5BC7F68
:10BB780002D11369002B4AD1F8BD1369002BFBD001
:10BB8800374A384B12781A701B783749374A03EB13
:10BB98008300C3EB40231268A1FB0313DB09536343
:10BBA80006F062FC324B1860F8BD1369052BE3D927
:10BBB8002B4C304A23885BBA138006F055FC2E4A7A
:10BBC8002E4B10601B7803F0FF06002BD4D172B601
:10BBD800A5782B482B4F202107F0CEFFA5F10105B2
:10BBE800B5FA85F56D09A8422A464FF02001244888
:10BBF80018BF3E6007F0C6FF2379E17862791B021F
:10BC080043EA0143134317D13B6062B6F8BD144AB7
:10BC18001D4B12781A701B7813491C4A03EB8300DA
:10BC2800C3EB40231268A1FB0313DB09536306F03F
:10BC38001BFC174B1860F8BD164A174D13600024FB
:10BC480022460F483B6008212C7007F09BFF0C48E8
:10BC58002246402107F096FFD7E700BF6C5100202D
:10BC6800645100200451002081808080F04F002022
:10BC7800085100209E510020884F00200800002015
:10BC880000040048985100207C4F00203C500020C0
:10BC9800804F00200C0000209451002070B5814B8B
:10BCA8001C68B4F5047F8AB05DD040F2112294423A
:10BCB80027D040F21222944229D040F21322944213
:10BCC80040D0B4F5057F48D040F21522944263D0A5
:10BCD80040F2162294427AD040F2172294427ED043
:10BCE80040F21922944244D0B4F5087F40F0A9806C
:10BCF8001A69012A09D96C49013A11F8010CD2B222
:10BD080026E01A69082A00F0C6800AB070BD1B69CF
:10BD1800082BFAD1654C2378032BF6D8644D654976
:10BD280005EBC302013308684968DBB2042B03C280
:10BD38002370EAD120222946022000F06FFF002359
:10BD48002370E2E71A69002ADFD05A49D2B20320E9
:10BD58000AB0BDE8704000F061BF1A69082AD4D162
:10BD680054490420F4E71A69042ACED15149022023
:10BD7800EEE701226946072000F082FF0028C4D0C0
:10BD88004D4807F0DDFA0028BFD0002440F2192002
:10BD9800012101AB6A4649E001226946002000F012
:10BDA8006FFF0028B1D0444807F0CAFA0028ACD089
:10BDB80001210025089101AB6A4604A93E48049474
:10BDC800CDE906558DF8245007F03CFA9DE701228D
:10BDD8006946052000F054FF002896D0E3E70A22C0
:10BDE80001A9062000F04CFF00288ED0324807F049
:10BDF800A7FA78B140F2172008210024049008918E
:10BE08002D488DF824406B4601AA04A9CDE90644C3
:10BE180007F018FA284807F093FA00283FF475AF9E
:10BE280000244FF4067002216B4603AA049008917F
:10BE380021488DF8244004A9CDE9064407F002FA08
:10BE480063E740F2212294427FF45FAF1B69022B23
:10BE58007FF45BAF174B5D781878082D28BF08254D
:10BE68002A4601A900F00CFF00283FF44EAF124803
:10BE780007F066FA00283FF448AF00266B4601AA8F
:10BE880004A90D480494CDE9066608958DF8246048
:10BE980007F0D8F939E7054B0649002401201C7042
:10BEA80056E700BF6C510020655100205C0300205C
:10BEB8003C03002064510020A04E002010B52A4CFD
:10BEC8002368B3F5987F88B02FD040F2311293429F
:10BED80004D0B3F5997F04D008B010BD2369042BB2
:10BEE80031D0224807F02CFA0028F5D0204B1B68E7
:10BEF8008DF80330190E1A0C4FF499708DF8001054
:10BF08008DF8012004211A0A00248DF802200DEB77
:10BF18000103029006916A4602A914488DF81C4054
:10BF2800CDE9044407F08EF9D6E72369012BD3D96C
:10BF3800104B114A1B885BBA138006F095FA0F4A1A
:10BF480023681060C1E70B4B1A78522AC9D15A7876
:10BF5800532AC6D19A78502AC3D1DB78302BC0D166
:10BF6800034B00221A60BCE76C510020A04E002051
:10BF780090510020645100209E5100208C510020D7
:10BF88002DE9F047104E88B00C46804601F1200A92
:10BF980000254FF00809304607F0D2F90746224637
:10BFA80001AB02A9304608345FB1CDE90455CDF89C
:10BFB8000880CDF818908DF81C5007F043F95445C7
:10BFC800E9D108B0BDE8F087A04E0020964A136872
:10BFD800B3F5147F47D010B540F251218B428AB097
:10BFE80027D040F252218B4253D0B3F5157F38D178
:10BFF8001369002B35D08D4B1A78062A00F003817F
:10C008001A78062A00F0AF801A78062A00F0BB805A
:10C018001B78062B25D0864B02AA197813202023DB
:10C0280000F06AFEE8B102A940F25520FFF7A8FF28
:10C0380017E07E4B1A780021062A8DF8031053D09A
:10C048001A78062A59D01A78062A5FD01B78062B48
:10C0580041D1FF238DF80330764807F071F90028A5
:10C068005DD10AB010BD744B1B788BB96F4B1A7831
:10C07800062A66D01A78062A69D01A78062A6CD059
:10C088001B78062B04D06A490022102000F0C6BD98
:10C0980070471369002BE4D0644B1A78062A00F025
:10C0A80082801A78062A00F08E801A78062A00F014
:10C0B8009A801B78062BD4D05D4B02AA19781220DF
:10C0C800202300F019FE0028CBD002A940F253200B
:10C0D800FFF756FFC5E701220DF10301112000F01B
:10C0E800CFFD0028BDD0B7E7544A1278012AA7D15E
:10C0F80001F0D0FE8DF80300AEE7504A1278022A0C
:10C10800A1D102F003F88DF80300A5E74B4A127895
:10C11800032A9BD102F028F98DF803009CE740F22E
:10C128005120012100240290069101AB0DF1030278
:10C1380002A940488DF81C40CDE9044407F082F874
:10C148008FE73E4A1278012A94D101F075BE3B4A26
:10C158001278022A91D101F0ABBF384A1278032A2B
:10C168008ED102F0EDB8354A1278022A7FF44CAF2E
:10C178002F4B02A9187801F0F1FF02A940F25520CF
:10C18800FFF7FEFE6DE72D4A1278032A7FF440AFD1
:10C19800274B02A9187802F02DF902A940F2552080
:10C1A800FFF7EEFE5DE7254A1278012A7FF479AFA2
:10C1B8001F4B02A9187801F073FE02A940F2532020
:10C1C800FFF7DEFE4DE71D4A1278022A7FF46DAFB5
:10C1D800174B02A9187801F09FFF02A940F25320DB
:10C1E800FFF7CEFE3DE7154A1278032A7FF461AFC8
:10C1F8000F4B02A9187802F0DBF802A940F253208D
:10C20800FFF7BEFE2DE70D4A1278012A7FF4F8AE3B
:10C21800074B02A9187801F065FE02A940F25520E3
:10C22800FFF7AEFE1DE700BF6C5100204A4E00200C
:10C2380064510020A04E0020080000201B5100205F
:10C24800114B1A68B2F5E87F00D070471B69002BC4
:10C25800FBD00E4B1B78002BF7D110B50C4B0D4CB7
:10C268001B78237006F000F90B4B0C4918602378F3
:10C278000B4A40F67F4000FB03F31268A1FB03134F
:10C28800DB09536310BD00BF6C510020080000207B
:10C2980064510020A2510020A45100208180808098
:10C2A800F04F002070B5254C23788BB9244B1A68C1
:10C2B800B2F5E07F0DD0B2F5007F09D11B69022BE2
:10C2C80006D9204B1B781BB91F4B1B78182B2DD078
:10C2D80070BD1B69022BFBD91A4B1B78002BF7D1B9
:10C2E800194B1B780E2BF3D1184E3578012DEFD151
:10C2F8001748082107F040FC0028E9D1B6F80130BA
:10C30800144A5BBA9BB2B3F5FA6F28BF4FF4FA63CD
:10C31800138006F0A9F8104B2A46186002212570F0
:10C328004FF09040BDE8704007F02CBC074B1D78DB
:10C33800012DCDD1B3F80130E2E700BFA8510020AC
:10C348006C51002008000020244E00206451002079
:10C3580000040048AA510020AC51002010B50B4C35
:10C36800237803B910BD06F07FF8094A094B126813
:10C378001B88801A9BB29842F4D3002202214FF006
:10C38800904007F0FFFB0023237010BDA851002048
:10C39800AC510020AA51002008B5124B1A78042A83
:10C3A80003D01B78112B00D008BD0F4806F0A0FA67
:10C3B8000D48022106F058FB60B10C4B01221A709F
:10C3C800094806F02DFB0A48082107F0D5FB094B60
:10C3D800187008BD044806F0E7FB074B80B21880C8
:10C3E800EEE700BF244E0020504E00209C51002054
:10C3F800000400488A5100208851002008B50D4BE0
:10C408001A78052A06D01A78092A03D01B78082B2F
:10C4180000D008BD0848082107F0AEFB074BB0FA6A
:10C4280080F01A784009824208BF054A187008BF90
:10C43800107008BD244E00200004004806000020AB
:10C44800494E0020554B1A7812B11B78132B49D14D
:10C458002DE9F041002282B002214FF0904007F010
:10C4680091FB00230193019BB3F5207F06D2019B2A
:10C4780001330193019BB3F5207FF8D3484806F0B8
:10C4880037FA4748022106F0EFFA002851D0454E06
:10C4980001233370444D424806F0C2FA2B889BB200
:10C4A800B3F5DF7F1FD2337803F0FF0423BB3F4F80
:10C4B8003F4B97F80080B8F1000F1FD03D491C7022
:10C4C8000A882B889BB292B2023B9A424CDA01242A
:10C4D8003C70224602214FF0904002B0BDE8F04186
:10C4E80007F050BB7047012300222A80337033784D
:10C4F80003F0FF04002BDAD00022EBE71A78002AB9
:10C508003CD005F0B1FF2C4B2A491B68C01A40F6F5
:10C51800B8339842D4D9294B0A881B8892B205337C
:10C528009A42CDDD0123424602214FF090403370FC
:10C53800D3E71B4806F038FB40F6E973A0F1100278
:10C548009A42A4D84FF4E17202FB00F01C4B19493F
:10C55800144E00F2FF70A3FB0023C01A03EB500037
:10C56800C0F3CF20088095E70A882B889BB292B247
:10C5780002339A420DDD00233B70AAE701221A70AC
:10C5880005F072FF0C4B0B4918600C4B0A881A8097
:10C5980096E73C78003C18BF01249AE7244E002017
:10C5A800504E00209C5100209E5100205D03002029
:10C5B80066030020384E0020680300206C0300202A
:10C5C80001011000614B1B780A2B00D070472DE940
:10C5D800F0415F4806F08CF95D48022106F044FA04
:10C5E8000446002849D05B4E012333705A4D584801
:10C5F80006F016FA2B889BB2B3F5967F29D83378C4
:10C6080003F0FF04002B5ED1544F554B97F8008080
:10C61800B8F1000F22D11A78002A5CD101221A70D1
:10C6280005F022FF4F4B50491860504B0A881A807A
:10C638000A882B889BB292B2023B9A4211DA0124F3
:10C648003C7022460221BDE8F0414FF0904007F0CF
:10C6580099BA002201232A803370D0E742491C701E
:10C66800E6E70A882B889BB292B202339A424DDCE5
:10C678003C78003C18BF0124E3E7354806F094FAFB
:10C6880040F6E973A0F110029A42ACD8742840D958
:10C6980040F6C673984212D801B2354D0123822064
:10C6A800742402E0044635F923005A1E8C42D2B2A3
:10C6B80001DC884230DA0133212BF3D100242A49E6
:10C6C800244E0C8092E7BDE8F041002202214FF091
:10C6D800904007F057BA05F0C7FE224B22491B6865
:10C6E800C01A40F6B8339842A2D9204B0A881B8852
:10C6F80092B205339A429BDD0123424633700221F0
:10C70800BDE8F0414FF0904007F03CBA00233B7081
:10C7180097E74FF4A074D2E7001B091B144C04EBF5
:10C72800820204EB8303B2F90220B3F902309B1AA8
:10C7380001FB03F300EBD0746410002BB8BF644214
:10C748001C4494FBF0F41444A4B2B8E7244E00202F
:10C75800504E00209C5100209E5100205E03002076
:10C768005F03002060030020384E0020640300208F
:10C778008C71010870B52B4E2B482B4D002384B0CB
:10C7880001224FF40061337007F0FCF926480122BA
:10C798004FF4806107F0F6F94FF4FA6401E0002CD9
:10C7A8003DD04FF48061284607F0E6F9013C0128A6
:10C7B800A4B2F4D100230393039BB3F5A07F06D260
:10C7C800039B01330393039BB3F5A07FF8D316486B
:10C7D80000224FF4006107F0D5F900230293029B71
:10C7E800B3F5A07F06D2029B01330293029BB3F5F7
:10C7F800A07FF8D30C4800224FF4806107F0C2F9FB
:10C8080000230193019BB3F5A07F06D2019B01335E
:10C818000193019BB3F5A07FF8D304B070BD012349
:10C828003370C7E76E0300200004004830B527487E
:10C8380085B000224FF4006107F0A4F900230393A8
:10C84800039BB3F5A07F06D2039B01330393039B9D
:10C85800B3F5A07FF8D31D481C4D01224FF4806129
:10C8680007F090F94FF4FA6400E054B34FF4806194
:10C87800284607F081F9013C0128A4B2F5D100232C
:10C888000293029BB3F5A07F06D2029B0133029369
:10C89800029BB3F5A07FF8D30C4801224FF4006146
:10C8A80007F070F900230193019BB3F5A07F06D22E
:10C8B800019B01330193019BB3F5A07FF8D305B029
:10C8C80030BD034B01221A70D9E700BF00040048AD
:10C8D8006E0300202DE9F041554D86B080460726AD
:10C8E800002748FA06F202F001024FF400612846D8
:10C8F80007F048F90297029BB3F5A07F06D2029B86
:10C9080001330293029BB3F5A07FF8D301224FF4C1
:10C918008061284607F036F94FF4FA6401E0002CEC
:10C928007ED04FF48061284607F026F9013C0128A3
:10C93800A4B2F4D10197019BB3F5A07F06D2019B65
:10C9480001330193019BB3F5A07FF8D300224FF484
:10C958008061284607F016F90097009BB3F5A07F81
:10C9680006D2009B01330093009BB3F5A07FF8D358
:10C97800013EB6D22E4801224FF4006107F002F9B9
:10C9880000230593059BB3F5A07F06D2059B0133D1
:10C998000593059BB3F5A07FF8D32548244D0122C4
:10C9A8004FF4806107F0EEF84FF4FA6401E0002CD0
:10C9B8003AD04FF48061284607F0DEF8013C0128A0
:10C9C800A4B2F4D100230493049BB3F5A07F06D24C
:10C9D800049B01330493049BB3F5A07FF8D34FF471
:10C9E8000061134807F0C8F80446013C10484FF0AE
:10C9F80000024FF4806118BF012407F0C3F8002338
:10CA08000393039BB3F5A07F06D2039B01330393E3
:10CA1800039BB3F5A07FF8D3204606B0BDE8F081AC
:10CA2800044B01221A7085E7024B01221A70C9E7EC
:10CA3800000400486E0300202DE9F043012287B06E
:10CA480081464FF400615348524D07F09BF8002788
:10CA58000826B846CDF80880029BB3F5A07F06D219
:10CA6800029B01330293029BB3F5A07FF8D3012206
:10CA78004FF48061284607F085F84FF4FA6401E026
:10CA8800002C7FD04FF48061284607F075F8013CF0
:10CA98000128A4B2F4D1CDF80480019BB3F5A07F9E
:10CAA80006D2019B01330193019BB3F5A07FF8D314
:10CAB8004FF40061284607F05FF8A0F10100B0FAD2
:10CAC80080F0400940EA470700224FF48061284679
:10CAD800013E07F057F816F0FF06FFB2BAD1B9FACF
:10CAE80089F22C4852094FF4006107F04BF805967B
:10CAF800059BB3F5A07F06D2059B01330593059BE3
:10CB0800B3F5A07FF8D32348224D01224FF480616A
:10CB180007F038F84FF4FA6401E0002C36D04FF4EF
:10CB28008061284607F028F8013C0128A4B2F4D116
:10CB380000230493049BB3F5A07F06D2049B013322
:10CB48000493049BB3F5A07FF8D3124800224FF456
:10CB5800806107F017F80F4801224FF4006107F0D1
:10CB680011F800230393039BB3F5A07F06D2039B20
:10CB780001330393039BB3F5A07FF8D3384607B07E
:10CB8800BDE8F083044B01221A7084E7024B0122AE
:10CB98001A70CDE7000400486E0300201C4B1D48A6
:10CBA8005A6930B542F480225A615B69194D87B0E1
:10CBB80003F4802300220093009B0392032301A91E
:10CBC8004FF4406405921122CDE90142049306F026
:10CBD800E9FE104801224FF4806106F0D3FF4FF4BC
:10CBE800FA6400E084B14FF48061284606F0C4FF7F
:10CBF800013C0128A4B2F5D1064801224FF4006196
:10CC080006F0C0FF07B030BD034B01221A70F3E7EE
:10CC180000100240000400486E03002070B505466D
:10CC28000E461446FFF7A6FD8420FFF753FE20B9F1
:10CC3800FFF7FCFD0025284670BD2846FFF74AFE91
:10CC480005467CB10028F3D0621E741E56FA82F69F
:10CC580001E00028ECD014F8010FFFF73BFEA642D4
:10CC68000546F6D1FFF7E2FD002DE4D0034B1D7811
:10CC7800B5FA85F56D09284670BD00BF6E03002022
:10CC8800F8B504460E461546FFF774FD8420FFF7F5
:10CC980021FE20B90024FFF7C9FD2046F8BD204633
:10CCA800FFF718FE0028F5D0FFF764FD8520FFF791
:10CCB80011FE0446D0B185B1013D741E56FA85F7C0
:10CCC800C6F1010630198542D4BF00200120FFF7C4
:10CCD800B3FE04F8010FA742F4D1FFF7A7FD054BF7
:10CCE8001878B0FA80F464092046F8BDFFF79EFD75
:10CCF8002046F8BD6E030020F8B507460C461646D8
:10CD08001D46FFF737FD8420FFF7E4FD20B9002416
:10CD1800FFF78CFD2046F8BD3846FFF7DBFD0028FD
:10CD2800F5D02046FFF7D6FD0028F0D0FFF722FD0A
:10CD38008520FFF7CFFD0446D0B185B1013D741EB3
:10CD480056FA85F7C6F101063019A842ACBF002093
:10CD58000120FFF771FE04F8010FA742F4D1FFF795
:10CD680065FD054B1878B0FA80F464092046F8BDD3
:10CD7800FFF75CFD2046F8BD6E0300202DE9F04169
:10CD880000241F4E82B080460725274648FA05F240
:10CD980012F0010218BF01224FF40041304606F09C
:10CDA800F1FE00220421304606F0ECFE0097009BBD
:10CDB800132B05D8009B01330093009B132BF9D943
:10CDC80001220421304606F0DDFE4FF48071304622
:10CDD80006F0D2FE64000128E4B201D144F0010457
:10CDE8000197019B132B05D8019B01330193019BEC
:10CDF800132BF9D9013DC9D2204602B0BDE8F08114
:10CE080000040048F0B51F4D87B00024012204211A
:10CE18004FF090400426CDE90144CDE90344059440
:10CE280006F0B0FE01222846042106F0ABFE0127D9
:10CE380003230DEB06014FF0904004930196CDE9D2
:10CE4800027406F0AFFD0DEB06012846019606F0C8
:10CE5800A9FD4FF4004601A92846019606F0A2FD57
:10CE68004FF4807301A9284601930397029406F0B2
:10CE780099FD0548019601A9039406F093FD07B0B2
:10CE8800F0BD00BF00040048000800485AB32DE96F
:10CE9800F043DFF8588085B081460E4615463227A4
:10CEA80003E01FFA89F92644CDB109F01F04C4F143
:10CEB8002004A4B2AC4228BF2C464A46CDE901471B
:10CEC80000960223A021404607F0FAF82D1BA14442
:10CED800ADB20028E5D0002005B0BDE8F083012000
:10CEE80005B0BDE8F0830120704700BF0C4F00205B
:10CEF80000B585B084463223CDE901230091022391
:10CF08006246A021044807F0DBF9B0FA80F0400936
:10CF180005B05DF804FB00BF0C4F00202DE9F04779
:10CF2800DFF86C81554FDFF86CA18AB00A254FF005
:10CF3800FF0900260121404606F01EFE0221044694
:10CF4800404606F019FEB4FA84F4640908B944F0BE
:10CF580002041021384606F00FFE08B944F0040414
:10CF68008021384606F008FE08B944F008044FF45A
:10CF78000051504606F000FE08B944F010044C4534
:10CF880009D00220013D05F075FA15F0FF050DD016
:10CF9800A1460126CEE70136F6B2032E06D00220BE
:10CFA800013D05F067FA15F0FF05C3D1344B182C85
:10CFB8001C7004D8334B1C700AB0BDE8F0871F2CD6
:10CFC8001DD03049304B2D4819240C7001224021C6
:10CFD8001A7006F0D7FD294800224FF4007106F0B8
:10CFE800D1FD26480022402106F0CCFD0022022176
:10CFF8004FF090400AB0BDE8F04706F0C3BD2222CA
:10D0080001A90020FFF774FF18B1204B019A9A423A
:10D018001DD01C491C4B19200870012217481A7092
:10D02800402106F0AFFD154800224FF4007106F0CC
:10D03800A9FD12480022402106F0A4FD0022022189
:10D048004FF0904006F09EFD0AB0BDE8F0879DF8CD
:10D058000830072BDDD101A801F05AFC9DF82530D6
:10D068008342D6D19DF81E30013BDBB2182BD0D8B5
:10D07800044A13700AB0BDE8F08700BF00040048F6
:10D0880009000020244E00209C5100204354525592
:10D0980000140048000800480E4A0F48D16930B40F
:10D0A80041F48001D161D2690C4C0D4982B002F47F
:10D0B80080020192019D00230122C0E90041C0E9DC
:10D0C8000232C0E90433C0E90633036202B030BC5F
:10D0D80006F09CBE001002400C4F00200058004093
:10D0E8002A231000144B15495A6930B542F0010241
:10D0F8005A615B69124C83B003F001030193002568
:10D108008023019810222046C4E90253C4E9001282
:10D11800C4E90455C4E9065506F06CFB2A46032108
:10D128000D2006F001FB0D2006F03CFB054B636269
:10D138005C6503B030BD00BF001002403000024003
:10D14800C84E00208C4F0020134A1448916930B40F
:10D1580041F4805191619269114982B002F4805280
:10D1680001924FF48272C0E90012019D4FF40072DF
:10D1780000234FF4E064202182610722C0E90234D1
:10D18800C0E90433C0E90713C0E90933C26202B039
:10D1980030BC08F079B800BF001002408C4F002066
:10D1A800003001402F4BF0B5DA692F4C42F0007285
:10D1B800DA61DB6991B003F0007301260093032361
:10D1C800CDE90363009801A902274FF4C05209234F
:10D1D8004FF09040CDE90127059306F0E3FB234A81
:10D1E8000423C4E9002300254FF08073C4E90253E7
:10D1F8004FF440214FF48013C4E904134FF0012386
:10D20800A36120464FF48073A38305F0F1FE06A9BD
:10D218002046CDE90B55CDE90655CDE908550D96C3
:10D228000A950E9605F064FF204605F0D9FF3946A9
:10D23800204606F029F94FF40441204606F024F967
:10D248002A463146142006F06FFA142006F0AAFA8E
:10D258002A463146162006F067FA162006F0A2FA8A
:10D2680011B0F0BD00100240A04E00200064004044
:10D2780030B500249FB02146202206A809F062FE9E
:10D288003C220DEB02002146CDE90044CDE90244E1
:10D29800049409F057FE01230993102302250A93E9
:10D2A80005A84FF460130E9305950C9507F0DAF96D
:10D2B8000F23009329464FF480636846CDE9024363
:10D2C8000195049407F0FEFC60230FA8CDE91644ED
:10D2D8000F9307F0A9FD1FB030BD00BF70B5002542
:10D2E8008CB0CDE90755CDE90955324C0B95A369AA
:10D2F80043F00103A361A36903F001030193019BB8
:10D30800636943F400336361636903F40033029390
:10D31800029B636943F480236361636903F4802398
:10D328000393039B636943F480036361636903F4B4
:10D3380080032A4604934FF400414FF09040049B29
:10D34800012606F01FFC07A94FF400434FF0904058
:10D35800CDE90736CDE9095506F024FB032307A9D3
:10D3680015480793CDE9085606F01CFB07A9134892
:10D378009023079306F016FBE36943F08053E361BB
:10D38800E36903F080530593059B07F063F963692C
:10D398000B4843F400236361636903F400234FF4EB
:10D3A8000052069307A9069B079206F0FBFA0CB0F9
:10D3B80070BD00BF0010024000140048000400487F
:10D3C8000008004870B5002486B07B4D7B48059462
:10D3D80022462021CDE90144CDE9034406F0D2FBE1
:10D3E8002B78092B00F0B5802B78052B00F0D7801F
:10D3F8002B78192B00F0A18070480122402106F0FB
:10D40800C1FB4FF418720123CDE901236B480323B4
:10D41800002201A9CDE9032306F0C4FA2B78012BD9
:10D4280016D02B78022B13D02B78032B10D02B7807
:10D43800062B0DD02B78072B0AD02B780A2B07D078
:10D448002B780C2B04D02B78102B01D02B7883B998
:10D458005A480821002206F095FB08210123CDE94E
:10D46800011300220323554801A9CDE9032306F03F
:10D4780099FA2B78152B72D000225048022106F019
:10D4880081FB022501A94D48019506F08BFA00227F
:10D4980029464FF0904006F075FB01A94FF09040E7
:10D4A800019506F07FFA802300240326019301A941
:10D4B80005234FF09040CDE90254CDE9046306F00E
:10D4C80071FA4FF48073019301A906234FF090403D
:10D4D8000593CDE902540496012506F063FA224625
:10D4E80010214FF09040CDE90254CDE9044406F0F4
:10D4F80049FB102301A94FF09040019306F052FA1E
:10D50800082301A901934FF090404FF404130293AC
:10D51800039506F047FA22462146092006F004F949
:10D52800092006F03FF922463146172006F0FCF89C
:10D53800172006F037F906B070BD22461F48402173
:10D5480006F020FB1D4822464FF4007106F01AFB36
:10D5580057E71A482246402106F014FB51E71748BE
:10D5680001224FF4804106F00DFB144800224FF4CD
:10D57800805106F007FB11484FF40051002206F0D5
:10D5880001FB4FF4E0400121CDE901010022032312
:10D598000A4801A9CDE9032306F004FA6CE72246FC
:10D5A80006484FF4007106F0EDFA044801224021C4
:10D5B80006F0E8FA25E700BF244E002000040048E2
:10D5C800134B1449DA6930B542F00202DA61DB69BB
:10D5D800114C83B003F00203019300254FF47A73D2
:10D5E800019825613F222046C4E90012C4E902538C
:10D5F80008F0ECFA2A4602211D2006F095F81D20B5
:10D6080006F0D0F8204603B0BDE8304008F0F8B87E
:10D6180000100240000400408850002030B500246B
:10D6280089B0CDE90144CDE90344CDE90544174B60
:10D6380007949A69164D42F400629A619B696C617D
:10D6480003F40063014600932846124B009A2B60AE
:10D65800C5E90314C5E9014408F0EAFA2246602343
:10D6680001A928460193CDE90244CDE90444CDE956
:10D67800064408F04FFB2146284608F08FF92A682F
:10D68800536C43F40043536409B030BD00100240AA
:10D69800F04F0020002C014030B5002489B0CDE9BE
:10D6A8000144CDE90344CDE90544144B0794DA69F4
:10D6B800134D42F00102DA61DB696C6003F001038B
:10D6C80000934FF0804240F6FF132846C5E9024315
:10D6D80000992A602C6108F0ABFA6023224601A960
:10D6E8002846CDE901340394059408F013FB21463C
:10D6F800284608F053F909B030BD00BF00100240B9
:10D708003C500020F0B5002489B0CDE90244CDE9B1
:10D718000444CDE906441A4B1A4D5A6942F0805226
:10D728005A615B692C8303F0805301934FF0A04347
:10D738002B604FF40033012607466B60284604230C
:10D74800019AEE61C5E90443C5E9024485F8204021
:10D75800AE6285F830406C6304F086FF052302A9A9
:10D768002846CDE90363CDE905440297079405F0FF
:10D7780069FA2146284605F01BFA09B0F0BD00BF3A
:10D7880000100240504E0020014B01221A707047D1
:10D79800324E0020014805F09FBE00BFA04E002079
:10D7A800014805F099BE00BFA04E0020044B4FF081
:10D7B80090416FF0A0504FF0FF3208601A60FEE70A
:10D7C8000004004830B5082889B014D0402801D09A
:10D7D80009B030BD384B1B780A2BF9D104F044FE50
:10D7E800364A1368C31A012BF2D9354910600B6801
:10D7F80001330B60ECE7304B1A780B2A12D01A78F9
:10D80800052A31D01B780A2BE2D104F02DFE2D4ACF
:10D818001368C31A012BDBD92B4910600B6801333D
:10D828000B60D5E704F020FE284A1368C31A012BC1
:10D83800CED9002301249521106025488DF8004099
:10D84800CDE90433029106948DF81C3005F078FD7B
:10D85800B8B101AB6A461E4802A905F0F3FC1D4A9F
:10D86800136801331360B3E704F0FEFD1A4A136826
:10D87800C31A012BACD9194910600B6801330B602E
:10D88800A6E721461248124D05F034FD0221104842
:10D8980005F030FD0E48042105F02CFD4FF47A7494
:10D8A80001E0002CD5D0284605F04AFD013CA4B281
:10D8B8000028F6D0CDE700BF244E002074030020D6
:10D8C800844F0020780300200C5100207C030020A6
:10D8D800A04E00202051002070030020444E00205C
:10D8E800082006F05FB900BF402006F05BB900BF12
:10D8F80004F0AEBD014808F05BB800BF88500020B6
:10D90800374B02689A4200D070472DE9F041354CF8
:10D91800354B22782178227822781B7815290CBF7C
:10D928004FF480510821152A0CBF4FF48047402737
:10D9380003F0FF0683B92D4D2B685BB1DFF8B88083
:10D948002B4898F800300BBB012206F01BF9012385
:10D9580088F80030BDE8F081244B25480025394679
:10D9680001221D6006F00EF9224B1B6803B15D63AE
:10D978002378092B2DD02378052BEBD1BDE8F04176
:10D988001B4800224FF4007106F0FCB8324606F03E
:10D99800F9F888F8006072B62B68013B2B6062B614
:10D9A8002B68002BD6D12B68002BD3D12378072BDB
:10D9B800D0D02378062BCDD023780A2BCAD0237851
:10D9C800102BC7D039460A48BDE8F041012206F0BD
:10D9D800D9B807480022402106F0D4F8CBE700BFA9
:10D9E80000040040244E00209C5100209851002043
:10D9F80000040048F04F0020945100202DE9F8431E
:10DA0800244C254B25786178A2781B78EDB2CEB2EC
:10DA1800D7B273B1FF23214A237000236370A37028
:10DA280013702378AB4226D01D4B01221A70BDE833
:10DA3800F883DFF8689099F8003033B104F014FDEA
:10DA4800184B1B68C01A0028EBDB4FF0000889F858
:10DA5800008004F009FD144B1B68C01A40F2DB5328
:10DA680098420FD8FF2384F8008084F80180A370BF
:10DA78002378AB42D8D16378B342D5D1A378BB42DF
:10DA8800D2D1D4E7FF2384F80080637084F8028041
:10DA9800C7E700BF185100209C51002010510020FA
:10DAA800A151002014510020344E002038B51C48E4
:10DAB80007F084FD012802D00024204638BD044622
:10DAC80072B6184B59781A789B78C9B2D2B2DBB2C1
:10DAD80062B61548154D01EB410100EB010C415AA6
:10DAE800298002EB42029CF80210A9708118825A20
:10DAF800A5F8032003EB43038A786A71C218C15A58
:10DB0800E98093782B726422002105F1090009F05D
:10DB180019FA6D222946024807F066FC204638BDEE
:10DB28008C4F0020185100205073010880030020FA
:10DB380070B582B072B6824D824A0024022304EB8B
:10DB4800440C05EB0C000721467815F80CE090F81A
:10DB580002C0F6B25FFA8EFE5FFA8CFC46FA01F05C
:10DB6800C007936119D500BF00BF00BF00BF00BF49
:10DB780000BF00BF00BF00BF00BF00BF00BF00BFA5
:10DB880000BF00BF00BF00BF00BF00BF00BF00BF95
:10DB980000BF00BF00BF00BF00BF00BF00BF00BF85
:10DBA80000BF00BF00BF00BF00BF00BF00BF00BF75
:10DBB80000BF00BF00BF00BF00BF00BF00BF00BF65
:10DBC80000BF936200BF00BF00BF00BF00BF00BF1F
:10DBD80000BF00BF00BF00BF00BF00BF00BF00BF45
:10DBE80000BF00BF00BF00BF00BF00BF00BF00BF35
:10DBF80000BF00BF00BF00BF00BF00BF00BF00BF25
:10DC080000BF00BF00BF00BF00BF00BF00BF00BF14
:10DC180000BF00BF00BF00BF00BF00BF00BF00BF04
:10DC280000BF00BF00BF00BF013997D207214EFADD
:10DC380001F0C607936119D500BF00BF00BF00BF40
:10DC480000BF00BF00BF00BF00BF00BF00BF00BFD4
:10DC580000BF00BF00BF00BF00BF00BF00BF00BFC4
:10DC680000BF00BF00BF00BF00BF00BF00BF00BFB4
:10DC780000BF00BF00BF00BF00BF00BF00BF00BFA4
:10DC880000BF00BF00BF00BF00BF00BF00BF00BF94
:10DC980000BF00BF936200BF00BF00BF00BF00BF4E
:10DCA80000BF00BF00BF00BF00BF00BF00BF00BF74
:10DCB80000BF00BF00BF00BF00BF00BF00BF00BF64
:10DCC80000BF00BF00BF00BF00BF00BF00BF00BF54
:10DCD80000BF00BF00BF00BF00BF00BF00BF00BF44
:10DCE80000BF00BF00BF00BF00BF00BF00BF00BF34
:10DCF80000BF00BF00BF00BF00BF013997D2072196
:10DD08004CFA01F0C00793611ED500BF00BF00BFE9
:10DD180000BF00BF00BF00BF00BF00BF00BF00BF03
:10DD280000BF00BF00BF00BF00BF00BF00BF00BFF3
:10DD380000BF00BF00BF00BF00BF00BF00BF03E0BF
:10DD48004C5100200004004800BF00BF00BF00BFC6
:10DD580000BF00BF00BF00BF00BF00BF00BF00BFC3
:10DD680000BF00BF00BF00BF00BF00BF00BF00BFB3
:10DD7800936200BF00BF00BF00BF00BF00BF00BF6D
:10DD880000BF00BF00BF00BF00BF00BF00BF00BF93
:10DD980000BF00BF00BF00BF00BF00BF00BF00BF83
:10DDA80000BF00BF00BF00BF00BF00BF00BF00BF73
:10DDB80000BF00BF00BF00BF00BF00BF00BF00BF63
:10DDC80000BF00BF00BF00BF00BF00BF00BF00BF53
:10DDD80000BF00BF00BF013992D20134082C7FF484
:10DDE800AEAE62B600230193019BB3F57A6F06D2FB
:10DDF800019B01330193019BB3F57A6FF8D302B00D
:10DE080070BD00BF014805F083BD00BFC84E0020AB
:10DE180008B500F0B1F80649332002F05FFE00B102
:10DE280008BDBDE808400349014802F049BF00BFEA
:10DE380048040020501D002010B5114C0123332048
:10DE4800237002F053FE002817DB0E49332002F03E
:10DE58007DFE002811DB0C490A4803F0E5FAF2EED2
:10DE6800000A70EE600A094A9FED090A064905484A
:10DE780003F03EFB0223237010BDFF23237010BD67
:10DE8800C8160020CC160020501D0020C80A00200B
:10DE98003333733F014B1878704700BFC816002012
:10DEA8002F2800B58E4614D80D4A02EB401C0023DB
:10DEB800ACF1020C01313CF8022F120A0EF81320C3
:10DEC800BCF8002001F813200133102BF3D15DF8C2
:10DED80004FB704620225DF804EB002109F032B8FB
:10DEE800CC1600202F2810B50C4635D81E4BDFED78
:10DEF8001F6A9FED1F7A9FED1F6A03EB801E0022A9
:10DF080001310DE0FDEEE77A17EE903AC3F3072CE6
:10DF1800DBB204F812C001F812300132102A1AD00C
:10DF2800FEEC017A67EEA67AFF23F4EEC77AF1EEEB
:10DF380010FA4FF07F0CECDCF4EEC67AF1EE10FA32
:10DF4800E0D500234FF0800C04F812C001F812301D
:10DF58000132102AE4D110BD20462022BDE810402D
:10DF6800002108F0EFBF00BFC80A00200000C84227
:10DF780000FEFF46000000C7704700BF10B5FEF75F
:10DF8800F9FB0020FEF7A6FC20B9FEF74FFC4FF086
:10DF9800FF3010BD0620FEF79DFC0446FEF746FC48
:10DFA800B4FA84F04009404210BD00BF2DE9F041A9
:10DFB80045000C4617461E46FEF7DCFB05F0FE0042
:10DFC800FEF788FC28B9FEF731FC4FF0FF30BDE8BA
:10DFD800F081200AFEF77EFC0028F4D0E0B2FEF7BC
:10DFE80079FC0028EFD0FEF7C5FB45F00100C0B270
:10DFF800FEF770FC0028E6D0A7B107F1FF38023E13
:10E0080000240120FEF718FD0546B4EB080018BFF0
:10E018000120FEF711FD013440EA0520A74226F849
:10E02800020FEED1FEF702FC0020BDE8F08100BF30
:10E0380070B504460E461546FEF79CFB600000F0DE
:10E04800FE00FEF747FC20B9FEF7F0FB4FF0FF306B
:10E0580070BD300AFEF73EFC0028F5D0F0B2FEF79E
:10E0680039FC0028F0D0280AFEF734FC0028EBD051
:10E07800E8B2FEF72FFC0446FEF7D8FBB4FA84F0AA
:10E088004009404270BD00BF08B500F0B1F806492C
:10E098003320FAF7D7F900B108BDBDE808400349B5
:10E0A8000148FBF747BE00BFCC2F0020343B0020BF
:10E0B80010B5114C012333202370FAF7F7F9002823
:10E0C80017DB0E493320FAF765FA002811DB0C49F3
:10E0D8000A48FAF703FCF2EE000A70EE600A094AF1
:10E0E8009FED090A06490548FAF76CFC02232370DC
:10E0F80010BDFF23237010BD4C390020503900207B
:10E10800343B00204C3600203333733F014B1878E2
:10E11800704700BF4C3900200B2800B58E4614D834
:10E128000D4A02EB401C0023ACF1020C01313CF813
:10E13800022F120A0EF81320BCF8002001F8132051
:10E148000133102BF3D15DF804FB704620225DF8F3
:10E1580004EB002108F0F6BE503900200B2810B55A
:10E168000C4635D81E4BDFED1F6A9FED1F7A9FEDD9
:10E178001F6A03EB801E002201310DE0FDEEE77AF5
:10E1880017EE903AC3F3072CDBB204F812C001F87B
:10E1980012300132102A1AD0FEEC017A67EEA67A04
:10E1A800FF23F4EEC77AF1EE10FA4FF07F0CECDCA7
:10E1B800F4EEC67AF1EE10FAE0D500234FF0800CA9
:10E1C80004F812C001F812300132102AE4D110BD4F
:10E1D80020462022BDE81040002108F0B3BE00BF51
:10E1E8004C3600200000C84200FEFF46000000C771
:10E1F800704700BF10B5FEF7BDFA0020FEF76AFBB6
:10E2080020B9FEF713FB4FF0FF3010BD0620FEF7D4
:10E2180061FB0446FEF70AFBB4FA84F04009404269
:10E2280010BD00BF2DE9F04145000C4617461E46BB
:10E23800FEF7A0FA05F0FE00FEF74CFB28B9FEF742
:10E24800F5FA4FF0FF30BDE8F081200AFEF742FBF7
:10E258000028F4D0E0B2FEF73DFB0028EFD0FEF72F
:10E2680089FA45F00100C0B2FEF734FB0028E6D079
:10E27800A7B107F1FF38023E00240120FEF7DCFBBE
:10E288000546B4EB080018BF0120FEF7D5FB0134A2
:10E2980040EA0520A74226F8020FEED1FEF7C6FA9B
:10E2A8000020BDE8F08100BFF0B5054683B00E46FA
:10E2B8001446FEF75FFA680000F0FE00FEF70AFB5E
:10E2C80028B9FEF7B3FA4FF0FF3003B0F0BD300ABB
:10E2D800FEF700FB0028F4D0F0B2FEF7FBFA0028A6
:10E2E800EFD0200AFEF7F6FA0028EAD0E0B2FEF7EF
:10E2F800F1FA0746FEF79AFA7FB10DF106030122FB
:10E3080031462846FFF78EFF38B9BDF80630A342DC
:10E3180018BF6FF0010003B0F0BD4FF0FF30D4E735
:10E3280008B54FF40061662003F0ECFB002805DB1C
:10E33800BDE808400021662003F01EBC08BD00BFF0
:10E3480010B5084C01236620237003F061FC0028F7
:10E3580005DB662003F078FC002800DB10BDFF23F6
:10E36800237010BDCC41002038B50D4D2C78012C00
:10E3780001D0204638BD662003F038FC00280CDBAD
:10E388000128F6D1074B084A0849662003F072FCB9
:10E39800002802DB02242C70EBE7FF242C70E8E74E
:10E3A800CC410020D0410020D4470020A4410020C7
:10E3B8002F2800B58E4614D80D4A02EB401C0023C6
:10E3C800ACF1020C01313CF8022F120A0EF81320AE
:10E3D800BCF8002001F813200133102BF3D15DF8AD
:10E3E80004FB704620225DF804EB002108F0AABD6A
:10E3F800D44700202F2830B50D462AD8184A02EBFA
:10E40800401E0023AEF1020E01310DE012F5004F5F
:10E418001BDBC2F307245FFA82FC05F8134001F8FE
:10E4280013C00133102B0FD03EF9022F5200B2F562
:10E43800004F4FF0FF0CE9DB7F2405F8134001F88B
:10E4480013C00133102BEFD130BD4FF0000C8024E6
:10E45800E3E728462022BDE83040002108F072BDDD
:10E46800D04100202DE9F04145000C4617461E46D4
:10E47800FEF780F905F0FE00FEF72CFA28B9FEF742
:10E48800D5F94FF0FF30BDE8F081200AFEF722FAF7
:10E498000028F4D0E0B2FEF71DFA0028EFD0FEF70E
:10E4A80069F945F00100C0B2FEF714FA0028E6D079
:10E4B800A7B107F1FF38023E00240120FEF7BCFA9D
:10E4C8000546B4EB080018BF0120FEF7B5FA013481
:10E4D80040EA0520A74226F8020FEED1FEF7A6F97A
:10E4E8000020BDE8F08100BF70B5054614460E4611
:10E4F800FEF740F9680000F0FE00FEF7EBF9CCB13A
:10E5080098B1621E741E56FA82F600E068B114F8DB
:10E51800010FFEF7DFF9B4420546F7D1B5FA85F5E4
:10E528006D09FEF783F9684270BDFEF77FF94FF079
:10E53800FF3070BD0546F1E703F09CBF70B582B0AF
:10E54800322405460E460B460246009409487821B7
:10E5580005F0D2FC58B1074805F0B4FCFEF79CFD65
:10E568000448009433462A46782105F0C5FC02B0D9
:10E5780070BD00BF0C4F0020094B1A7802B97047D4
:10E5880000B583B003460022022101A88DF80420BB
:10E598008DF80530FFF7D2FF03B05DF804FB00BF2C
:10E5A800070000200D4B1B7803B101B9704710B567
:10E5B800802928BF8021A2B00C464023014622466C
:10E5C8000DF105008DF8043008F0AEFC611C89B22D
:10E5D80001A8FFF7B3FF22B010BD00BF070000205D
:10E5E8000E4B1B7803B9704700B583B001F00F03D9
:10E5F8000A09503804214FF0000C10328DF805003C
:10E608000DEB01008DF804C08DF806308DF8072059
:10E61800FFF794FF03B05DF804FB00BF070000207C
:10E62800104B30B55A6942F400325A615B6987B0C1
:10E6380003F4003300934FF4C06004231221CDE9A2
:10E64800010103220DEB03014FF090400124CDE9B5
:10E6580003420593009D05F0A5F9FEF71DFD07B0DF
:10E6680030BD00BF0010024070B582B0FFF7D8FF80
:10E67800322003F0FFFE0523A348A44C0222782190
:10E6880005F022FF051E0CBF01230023237001D0D3
:10E6980002B070BDAE23022101A88DF805308DF8B7
:10E6A8000450FFF74BFF2378002BF1D0D52302212C
:10E6B80001A88DF805308DF80450FFF73FFF237847
:10E6C800002BE5D08023022101A88DF805308DF8B4
:10E6D8000450FFF733FF2378002BD9D0A823022159
:10E6E80001A88DF805308DF80450FFF727FF23782F
:10E6F800002BCDD03F23022101A88DF805308DF8DD
:10E708000450FFF71BFF2378002BC1D0D32302212D
:10E7180001A88DF805308DF80450FFF70FFF237816
:10E72800002BB5D0022101A88DF804508DF80550B2
:10E73800FFF704FF2378002BAAD04023022101A869
:10E748008DF805308DF80450FFF7F8FE2378002B7C
:10E758009ED08D23022101A88DF805308DF8045034
:10E76800FFF7ECFE2378002B92D01423002502211A
:10E7780001A88DF805308DF80450FFF7DFFE2378E7
:10E78800002B85D02023022101A88DF805308DF8B3
:10E798000450FFF7D3FE2378002B3FF479AF02260D
:10E7A800314601A88DF804508DF80560FFF7C6FEC4
:10E7B8002378002B3FF46CAFA123314601A88DF8D4
:10E7C80005308DF80450FFF7B9FE2378002B3FF48D
:10E7D8005FAFC823314601A88DF805308DF8045085
:10E7E800FFF7ACFE2378002B3FF452AFDA23314613
:10E7F80001A88DF805308DF80450FFF79FFE2378A7
:10E80800002B3FF445AF1223314601A88DF805309F
:10E818008DF80450FFF792FE2378002B3FF438AFB1
:10E828008123314601A88DF805308DF80450FFF793
:10E8380085FE2378002B3FF42BAFCF23314601A868
:10E848008DF805308DF80450FFF778FE2378002BFB
:10E858003FF41EAFD923314601A88DF805308DF855
:10E868000450FFF76BFE2378002B3FF411AFF12320
:10E87800314601A88DF805308DF80450FFF75EFE8B
:10E888002378002B3FF404AFDB23314601A88DF831
:10E8980005308DF80450FFF751FE2378002B3FF424
:10E8A800F7AE4023314601A88DF805308DF80450A5
:10E8B800FFF744FE2378002B3FF4EAAEA423314649
:10E8C80001A88DF805308DF80450FFF737FE23783E
:10E8D800002B3FF4DDAEA623314601A88DF80530A4
:10E8E8008DF80450FFF72AFE2378002B3FF4D0AEB2
:10E8F800AF23314601A88DF804508DF80530FFF795
:10E908001DFE02B070BD00BF0C4F002007000020A4
:10E91800411E00F1200C002011F8013F0822584048
:10E92800430010F0800F83F0070314BFD8B24000F3
:10E9380002F1FF3308BFC0B213F0FF02F0D1614506
:10E94800EAD17047F0B500258BB0474C222201A9C7
:10E9580028462570FEF7CCFA18B1444B019A9A4222
:10E9680001D00BB0F0BD9DF80830072BF9D10DF19F
:10E9780003000DF1240C294610F8013F08225940E4
:10E988004B0011F0800F83F0070314BFD9B2490080
:10E9980002F1FF3308BFC9B213F0FF02F0D184457A
:10E9A800EAD19DF825308B42DBD1314F01AE354697
:10E9B8000FCD654507F1100706F1100647F8100C52
:10E9C80047F80C1C47F8082C47F8043CEFD133886B
:10E9D8003B80284E0123237001AC25460FCD6545A9
:10E9E80006F1100604F1100446F8100C46F80C1C49
:10E9F80046F8082C46F8043CEFD11F4B21889DF8B7
:10EA0800140018709DF8152031809DF817505A7021
:10EA18009DF818409DF816209DF8190017499A701E
:10EA2800002202EB42030132CD540B44082A5C70E9
:10EA38009870F6D1124C134B9DF81B502570124854
:10EA48009DF81D401C70114A9DF81E4004709DF8E9
:10EA58001F4014700E490F4BDDF821209DF820004F
:10EA680008701A607DE700BF4C4E00204354525591
:10EA780024510020DC500020185100204C51002067
:10EA88001D5100204A4E00204B4E00203A4E0020D7
:10EA98001B51002090510020F0B58BB0222200219C
:10EAA80001A808F04FFA72B67A4C7B49227823788D
:10EAB800019107208DF808008DF80920002B40F0FF
:10EAC800A280764B1B889BB22278ADF80A300A2ABE
:10EAD80004BF724B1B8822780CBF9BB20023052A07
:10EAE800ADF80C3004BF6E4B1B7822780CBFDBB23C
:10EAF8000023052A8DF80E3000F0C180002023780D
:10EB08008DF80F00092B04BF664B1B7822780CBFC9
:10EB1800DBB20023092A8DF8103000F0A68000200F
:10EB280023788DF811000A2B04BF5F4B1B782278DD
:10EB38000CBFDBB200230A2A8DF8123008BF5B4BEA
:10EB48005B4A08BF19785B4B147850788DF815002C
:10EB58000CBFC9B200218DF8131091781A788DF87E
:10EB6800161058788DF8172099781A788DF814406F
:10EB78008DF818008DF8191012B95A78002A44D067
:10EB880001238DF81A304C494C484D4A4D4B0978B1
:10EB9800007812781B788DF81B108DF81D208DF8E1
:10EBA8001E304949494A4A4B097812781B688DF842
:10EBB8001C008DF81F108DF82020CDF8213062B68A
:10EBC80000230DF1030109AD11F8012F082453406A
:10EBD8005A0013F0800F08BF5B0082F0070204F1AF
:10EBE800FF3414BFD3B2DBB214F0FF04F0D1A94252
:10EBF800EAD138498DF82530212201A808F084F996
:10EC080040B90BB0F0BD00235EE79B78003B18BF0E
:10EC18000123B6E7304F03F027FC3B6840F6B732D4
:10EC2800C31A93420646ECD92046222201A9FEF7D0
:10EC38002DF90028E5D0DFF89CC001ACA646BEE857
:10EC48000F00AE450CF1100C04F110044CF8100C38
:10EC58004CF80C1C4CF8082C4CF8043CEED12388DA
:10EC6800ACF800303E600BB0F0BD1C48402104F009
:10EC780083FFA0F10100B0FA80F0400950E71021AD
:10EC88004FF0904004F078FFA0F10100B0FA80F056
:10EC9800400934E7244E0020435452559E51002029
:10ECA800484E0020D8500020045100207C4F0020FE
:10ECB800185100204C5100201D5100209C5100206B
:10ECC8004A4E00204B4E00203A4E00201B51002097
:10ECD80090510020DC500020D44D00200004004852
:10ECE8002DE9F041152ADFF884E084B0064628BFF4
:10ECF80015220025AEFB0103DB0803EB8304A1EB1F
:10ED0800440405F110008C46303468442F46E4B2C0
:10ED18000135BCF1090F00F80C4CEDB21946E9D8E1
:10ED2800AA421CD9521B02F0FF0842462021304655
:10ED380008F008F94246ADB11544E8B2174402E0BC
:10ED480011F80C4C1A46531CDBB2F91A04AD984260
:10ED5800B45455FA81F1F3D104B0BDE8F081002232
:10ED6800002DE9D1104604B0BDE8F081CDCCCCCC63
:10ED78002DE9F0411446A0B0FFF732FC2378002BB0
:10ED88003AD068460021A646C4F101051C4E8446C7
:10ED98000C4619E0D3B2A3F1200202EB820292B230
:10EDA800931992591B798CF80430CCF8002005EBA4
:10EDB8000E021EF8013F8CF805400CF1060C0631D6
:10EDC800D2B28BB17E2912D0A3F16107A3F1200240
:10EDD800192F5FFA82F8DDD9B8F13F0FDDD9CCF8E9
:10EDE80000408CF80440E2E702EB42025100FFF7D2
:10EDF800D9FB20B0BDE8F08119466846F7E700BFA7
:10EE08001072010808B50021FFF7EAFBBDE80840C9
:10EE180001488021FFF7C6BBD09301082DE9F047D0
:10EE2800642B28BF6423802A154628BF80250C063A
:10EE3800A0B002D44C19802C3BDC244E05FB03F314
:10EE4800A6FB0336C6F34716002A3DD06F460023BB
:10EE5800BC469E464FF07E086C1E4FF0420A4FF0AB
:10EE68005E090EE0A34210D0013376455FFA83FEB7
:10EE78002CBF8CF800908CF800A075450CF1010CA3
:10EE88000ED92246002BEDD11A46803201336A444E
:10EE98005FFA83FE754502F8808C0CF1010CF0D8FE
:10EEA800FFF79EFB29463846FFF77CFB20B0BDE8FC
:10EEB800F087C1F18005054EEDB215FB03F3A6FB03
:10EEC8000336C6F34716C1E76F46E9E71F85EB51DE
:10EED8002DE9F04FA5B0CDE901109946BDF8B870FD
:10EEE800BDF8BC80164603F0BFFA45490B68C31A43
:10EEF800B3F5FA6F75D2434A13785BB90860424894
:10EF0800424C017824F81190013101F01F01017081
:10EF180001331370002E5BD0B84559D90199802E62
:10EF280028BF8026080605D48B19802BC4BFC1F1E1
:10EF38008006F6B2344B14781B780093631EDBB25C
:10EF480006F110020393A8EB070B04AB0DEB020AC2
:10EF580000254FF0010EB5FBF6F2D2B294423AD832
:10EF6800002C3CD01F2C039A03D900990A4402F0C4
:10EF78001F02264931F81220BA4238BF3A464245A4
:10EF880094BFC7EB0200C7EB0800C0EBC000B0FBA2
:10EF9800FBF0C0B2C0F1070006224FF0800C0EFA59
:10EFA80002F1824241EA0C0102F1FF3203DB5FFA0F
:10EFB80081FC511CF3D103F801CB9A452544CAD1F1
:10EFC800DDE90110FFF70CFB314604A8FFF7EAFA68
:10EFD80025B0BDE8F08F1F2CC7D8002CC9D14A46F0
:10EFE800CAE70860084909480B78064A20F81390D0
:10EFF800013303F01F030B7013781F2B8AD887E7A0
:10F00800184E00201C4E00201D4E0020D84D002018
:10F01800F0B5154F154E3B78192828BF002003EB93
:10F02800800306EB431384000FCB85B06D4685E85B
:10F038000F006C210520FFF7D3FA28461021FFF7AF
:10F04800B1FA3878204406EB401010300FC885E834
:10F058000F006C210620FFF7C3FA10212846FFF79E
:10F06800A1FA05B0F0BD00BF264E00205087010868
:10F0780070B588B003F0F8F9A04B1B68C01AC72810
:10F0880025D89F4B93E803006C4684E803000021D1
:10F0980008469C4DFFF7A4FA08212046FFF782FA9C
:10F0A8002B78102B00F2DA81DFE813F013026900E5
:10F0B80069002202ED01F50116001600DA01E501EA
:10F0C800FD012A020B02D801D801D80116006C46AE
:10F0D800002300936360DAE78B4B8C4A19688C4BEA
:10F0E800002918BF1A460A210020FFF741FE2C7894
:10F0F800E4B20B2C0DD8DFE814F086010C000C00EC
:10F108000C005A012F010C000C00D400A000740060
:10F118004A0000257F4A53242B46013520336B448F
:10F12800EDB203F8184C545D2B46002CF5D1764B04
:10F1380079491A6802AE8A4298BF1968701905227F
:10F14800FFF7CEFD0544EDB22022A918734800232D
:10F15800694401340B44E4B203F8182C025D2346D9
:10F16800002AF6D1254408AB53FA85F505F8182C82
:10F17800324600210120FFF7FBFD08B070BD624B4D
:10F18800624A1968664B002918BF1A46ABE7002582
:10F19800644A48242B46013520336B44EDB203F80A
:10F1A800184C545D2B46002CF5D15F4B5A491A6810
:10F1B80002AE8A4298BF196870190522FFF790FDC0
:10F1C8000544EDB22022A9185848002369440134A7
:10F1D8000B44E4B203F8182C025D2346002AF6D14A
:10F1E800C0E70025524A48242B46013520336B449A
:10F1F800EDB203F8184C545D2B46002CF5D14D4B5D
:10F20800198802AE032289B27019FFF769FD054417
:10F21800EDB22023EA1848490DEB0200621C0444B1
:10F2280004F8183CD4B20B5D002BF7D1254408AA8A
:10F2380052FA85F505F8183C9AE700253F494C2411
:10F248002B466A1C20336B44D5B203F8184C4C5D2E
:10F258002B46002CF5D13A4B3A4A1B7803EB830333
:10F2680003EB83018900A2FB013102AEC909032225
:10F278007019FFF735FD0544EDB22023EA1832492D
:10F288000DEB0200621C044404F8183CD4B20B5D78
:10F29800002BF7D1254408AA52FA85F505F8183C41
:10F2A80066E70025294A53242B46013520336B4451
:10F2B800EDB203F8184C545D2B46002CF5D1244BC5
:10F2C800198802AE042289B27019FFF709FD0544B6
:10F2D800EDB22023E9181F4A0DEB0100611C04441C
:10F2E80004F8183CCCB2135D002BF7D1254408AACA
:10F2F80052FA85F505F8183C3AE700BF344E00206D
:10F30800746F0108244E002098510020507601089F
:10F3180030770108CC7701089F860100D47701086F
:10F32800A0760108C477010820510020B4760108AE
:10F338008C770108384E0020987701087877010803
:10F34800D85000208180808084770108B877010830
:10F35800304E0020B07701080025704A52242B4611
:10F36800013520336B44EDB203F8184C545D2B463D
:10F37800002CF5D16A4B02AE196805227019FFF707
:10F38800AFFC0544EDB22023EA1866490DEB0200F4
:10F39800621C044404F8183CD4B20B5D002BF7D16E
:10F3A800254408AA52FA85F505F8183CE0E6002538
:10F3B8005D4A56242B46013520336B44EDB203F8E1
:10F3C800184C545D2B46002CF5D1584B198802AEC9
:10F3D8000422701989B2FFF783FC0544EDB220239B
:10F3E800EA180DEB0200524A611C044404F8183C68
:10F3F800CCB2135D002BF7D1254408AA52FA85F543
:10F4080005F8183CB4E64B4A542500230134203350
:10F418006B44E4B203F8185C155D2346002DF5D162
:10F42800454B198802AE032289B23019FFF758FC00
:10F438000444E4B22023E21840490DEB02006A1CA0
:10F44800054405F8183CD5B24B5D002BF7D12C4488
:10F4580008AA52FA84F404F8183C89E6384A42E6C5
:10F46800384B1A78022A57D01978354A364B012971
:10F4780008BF1A4637E6354B314A1978344B00290C
:10F4880018BF1A462FE6334B334A1978334B0029F5
:10F4980008BF1A4627E6324B324A1978324B002900
:10F4A80008BF1A461FE6314A13889BB2002B29D0A1
:10F4B800214B198813888AB29BB29A4222D22C4ACD
:10F4C80011E62C4B2C4A19682C4B002918BF1A46F8
:10F4D80009E626490B889BB2E3B1174B264A1888E0
:10F4E8000B88234C81B29BB2994238BF2246FAE579
:10F4F800204B214A1968224B002918BF1A46F2E509
:10F50800204AF0E51B4B1C4A19681F4B002918BFFD
:10F518001A46E8E5184AE6E51C4AE4E56477010876
:10F528003C4E00206C770108A47701088851002020
:10F53800B077010850770108384E00205877010845
:10F5480020770108274E0020D0760108D8500020E7
:10F55800707601088A510020C0760108907601086B
:10F56800484E002000770108B07601089E5100201F
:10F5780060760108985100205076010880760108CD
:10F58800F0760108E0760108407701081077010855
:10F5980070B5234EA0B005460024E0B20021FFF765
:10F5A8001FF8013480213046FEF7FCFF082CF4D107
:10F5B80080221C49684607F0B7FC00210846FFF77F
:10F5C8000FF880216846FEF7EDFF8022164968464D
:10F5D80007F0AAFC00210120FFF702F88021684605
:10F5E800FEF7E0FF042D114B28BF002505EB85052C
:10F5F80003EBC515022480222946684607F094FCCF
:10F60800204600210134FEF7EBFFE4B28021684672
:10F61800FEF7C8FF072C05F18005ECD120B070BDBE
:10F62800D09301087C6F0108FC6F0108507D010828
:10F6380008B5144A144B002111701B78134ADBB229
:10F6480013701378012B11D013780F2B4FF0AE00E5
:10F6580008D0FEF791FF8120FEF78EFFCF20FEF73E
:10F668008BFFAF20BDE80840FEF786BFAF20FEF74E
:10F6780083FF8120FEF780FFBDE808400F20FEF7DA
:10F688007BBF00BF1C5100201E5100201D510020CF
:10F698002DE9F041B24D2B78192BA2B048D0FFF7D5
:10F6A800E7FCB04B1B7803F0FF04002B40F0C3824B
:10F6B8002B78182B1FD8DFE813F01900E903D104C1
:10F6C8007B0474046D0466045F04EF035104200492
:10F6D800190413040D0407040104FB03F5033C0497
:10F6E80035042E0427044A04430458049E4A102172
:10F6F8000220FFF73DFB9D4A00210320FFF738FB5E
:10F708002E78F6B2102E00F2AD80DFE816F0AF00CA
:10F718006300630063006E0319036300630056020D
:10F72800D302570129026300AB00AB00AB006300B2
:10F7380002AD80228E498F4E284607F0F5FB002146
:10F748000846FEF74DFF80212846FEF72BFF802252
:10F758008949284607F0E8FB00210120FEF740FF11
:10F7680080212846FEF71EFF02242046002101348E
:10F77800FEF736FFE4B280213046FEF713FF082C6F
:10F78800F3D1DFF830827D4F022498F8003013F06F
:10F79800010FE6B24FF0800207EBC411284614D1DE
:10F7A80007F0C2FB00213046FEF71AFF0134802122
:10F7B8002846FEF7F7FE072CE7D1714A04212046B8
:10F7C80022B0BDE8F041FFF7D3BA8022002107F04C
:10F7D800B9FBE7E772B66B4A6B4B1768D3F8008042
:10F7E80062B6002F00F043846849694BB94228BFCC
:10F7F800394653260022013488326A44E4B202F8BA
:10F80800806C1E5D2246002EF5D102AB0522181928
:10F81800FFF766FA22AB204453FA80F3052103F878
:10F82800806C02AA0846FFF7A3FAB8F1000F0FD0C0
:10F83800642433464246A7FB0401FBF721F86528F8
:10F8480071F10002034628BF2346C3F16403DEB208
:10F858003346552205210720FFF7E0FA2878FFF7FD
:10F86800D7FB7AE04B4A0A210520A9E74A4A1388C0
:10F878009BB2B3F57A7F38BF1788484A34BFBFB206
:10F8880040F2E73754240023013688336B44F6B23C
:10F8980003F8804C945D3346002CF5D1DFF81881CD
:10F8A800B8F8001002AD89B20322A819FFF718FAB8
:10F8B8000644F6B206F188033946771C0DEB0306B9
:10F8C800FFB22F2306F8803CE8190322FFF708FA55
:10F8D8000744FFB207F18803314820260DEB0301E6
:10F8E800631C0A19DCB202F8806C065D002EF7D1A1
:10F8F80022A93A1951FA82F2B8F80030009602F8B3
:10F90800806C4FF4E1729BB20192052155220420CC
:10F91800FFF7DEFA052108462A46FFF729FA214BA8
:10F92800214A1978214B0620002908BF1A460521CB
:10F93800FFF71EFAB8F800301D4A64219BB201FB9C
:10F9480003F3A2FB03230720C3F307235522052152
:10F95800FFF764FA3046FFF75BFB22B0BDE8F081A1
:10F96800244E00209C51002078780108087A01086C
:10F978007C700108D0930108FC700108D079010857
:10F988003C780108985100200C0000209F86010057
:10F99800247A0108C07A01089E5100205077010896
:10F9A800207A0108494E0020E0770108F077010825
:10F9B800C5B3A291264E0020384E0020A44A1388D1
:10F9C8009BB2B3F57A7F38BF1788A24A34BFBFB25B
:10F9D80040F2E7374E260023013488336B44E4B203
:10F9E80003F8806C165D2346002EF5D19A4B1988D2
:10F9F80002AD89B203222819FFF772F90444E4B270
:10FA080004F188036B440134E4B22F2003F8800C1E
:10FA1800394603222819FFF763F90444E4B204F1D4
:10FA2800880322AA013452FA84F46B444322052144
:10FA380003F8802C08462A4604F8806CFFF798F9EA
:10FA4800864A4C2406F1880301366B44F6B203F863
:10FA5800804C945D002CF5D1814B824A1B78824FF3
:10FA680003EB830303EB83039900A2FB0131C9096C
:10FA78000322A819FFF734F90644F6B206F1880301
:10FA88006B44252203F8802C0136784BF6B21968AE
:10FA98000422A819FFF724F93044C3B203F18802FD
:10FAA80052260DEB0201621C0C4404F8806CD4B29F
:10FAB8003E5D002EF7D1234422AA52FA83F3052192
:10FAC8002A4603F8806C0620FFF752F9684A482452
:10FAD80006F18801731C0DEB010606F8804CDEB2B6
:10FAE800945D002CF4D1634B1B7803EB830303EB89
:10FAF80083015C4B8900A3FB0131C9090322A819C2
:10FB0800FFF7EEF83044C6B25B4A06F188036B444F
:10FB180001361168F6B2252203F8802CA8190422B0
:10FB2800FFF7DEF80644F6B206F1880252230DEB21
:10FB38000201621C0C4404F8803CD4B23B5D002BEB
:10FB4800F7D122AA344452FA84F405212A46072020
:10FB580004F8803CFFF70CF90A20FFF759FAFCE695
:10FB68000521464A0846FFF703F94549492200237B
:10FB7800013488336B44E4B203F8802C0A5D2346D1
:10FB8800002AF5D13F4B40491A6802AD8A4298BF16
:10FB9800196828190522FFF7A3F822AB044453FA81
:10FBA80084F400232A460521072004F8803CFFF747
:10FBB800DFF80B20FFF72CFACFE6344B1A78012A2E
:10FBC80000F053821978324A324B022918BF1A467C
:10FBD80005210846FFF7CCF82F4B304A1878304BF0
:10FBE8000521002808BF1A460620FFF7C1F82D4A4C
:10FBF80050250023013488336B44E4B203F8805C59
:10FC0800155D2346002DF5D1274B198802AB18192D
:10FC1800042289B2FFF764F822AB044453FA84F44F
:10FC280002AA0521072004F8805CFFF7A1F8082044
:10FC3800FFF7EEF991E61D4A0A210220FFF798F82E
:10FC48001B4A0A21032022B0BDE8F041FFF790B813
:10FC58009E5100207C7A0108384E0020847A0108E1
:10FC680004510020818080808C7A01080051002096
:10FC7800907A01087C4F0020784F0020A47A010870
:10FC8800B47A0108205100209F860100274E0020E9
:10FC98001078010820780108494E0020E077010813
:10FCA800F0770108987A0108304E00205078010852
:10FCB80064780108C24A50250023013488336B4414
:10FCC800E4B203F8805C155D2346002DF5D1BD4EE6
:10FCD80002AB317818190322FFF702F80444E4B2A2
:10FCE80022AA04F1880301346B4452FA84F40521F2
:10FCF800252703F8807C02AA084604F8805CFFF7F1
:10FD080037F8B14BB14A1878B14B0521002808BF24
:10FD18001A460620FFF72CF83378AE4A03EB830324
:10FD280003EB83039B00A2FB0323C3F3C7135522F2
:10FD380005210720FFF772F80920FFF769F90CE69B
:10FD4800A54A52260023013488336B44E4B203F8F1
:10FD5800806C165D2346002EF5D1A04B02AD1968C4
:10FD680005222819FEF7BCFF22AB044453FA84F499
:10FD7800052108462A4604F8806CFEF7F9FF924BE5
:10FD8800924A1978924B0620002908BF1A46052185
:10FD9800FEF7EEFF924953243346721C88336B44B6
:10FDA800D6B203F8804C8C5D3346002CF5D18D4BD0
:10FDB80003221978A819FEF793FF8219D2B202F12B
:10FDC80088030DEB0301013222AB53FA82F325209D
:10FDD80001F8800C2A460521072003F8804CFEF71D
:10FDE800C7FF0520FFF714F9B7E57F4B5626002219
:10FDF800013488326A44E4B202F8806C1E5D2246FF
:10FE0800002EF5D1794B198802AD032289B2281941
:10FE1800FEF766FF22AB044453FA84F40521084632
:10FE28002A4604F8806CFEF7A3FF71494F2306F1B8
:10FE3800880201366A44F6B202F8803C8B5D002BDA
:10FE4800F5D16C4A6C491278002A6C4A06F1880090
:10FE58000ABF11464F2446241A4668440133024417
:10FE6800DBB202F8804CCC5C1A46002CF6D122AAF0
:10FE7800334452FA83F305212A46072003F8804CBD
:10FE8800FEF776FF0420FFF7C3F866E55C4A102109
:10FE98000220FEF76DFF2EE45A4A10210220FEF7D9
:10FEA80067FF28E4584A10210220FEF761FF22E488
:10FEB800564A10210220FEF75BFF1CE4544A102129
:10FEC8000220FEF755FF16E4524A10210220FEF7E1
:10FED8004FFF10E4504A10210220FEF749FF0AE4C0
:10FEE8004E4A10210220FEF743FF04E44C4A102139
:10FEF8000220FEF73DFFFFF7FEBB4A4A1021022011
:10FF0800FEF736FFFFF7F7BB474A10210220FEF73E
:10FF18002FFFFFF7F0BB454A10210220FEF728FF0C
:10FF2800FFF7E9BB424A10210220FEF721FFFFF745
:10FF3800E2BB404A10210220FEF71AFFFFF7DBBBA5
:10FF48003D4A10210220FEF713FFFFF7D4BB3B4ABE
:10FF580010210220FEF70CFFFFF7CDBB384A102115
:10FF68000220FEF705FFFFF7C6BB364A1021022024
:10FF7800FEF7FEFEFFF7BFBB334A10210220FEF753
:10FF8800F7FEFFF7B8BB314A10210220FEF7F0FE5A
:10FF9800FFF7B1BB2E4A10210220FEF7E9FEFFF75A
:10FFA800AABB2C4A10210220FEF7E2FEFFF7A3BBF2
:10FFB800294A10210220FEF7DBFEFFF79CBB00BF99
:10FFC800707A0108D8500020494E0020E0770108D7
:10FFD800F077010881808080587A01083C4E002023
:10FFE800647A0108484E0020407A010888510020B0
:08FFF800507A01088A51002033
:020000040801F1
:1000000030780108347801088878010818790108E7
:1000100088790108F8780108787901086879010879
:1000200058790108087901084879010838790108E8
:10003000C8790108B8790108A879010898790108F8
:10004000E8790108D879010828790108F8790108C8
:10005000E8780108D8780108C8780108B87801085C
:10006000A87801080A4A10210220FEF785FEFFF752
:1000700046BB084AB0E505210846074AFEF77CFE64
:100080006423552205210720FEF7CCFEFFF7EABBCB
:100090009878010800780108307A01080B4B1B782A
:1000A000052B11D172B60A4A00211368116062B69D
:1000B000084A4FF4C87101FB03F31360116842F260
:1000C0000F73994288BF1360704700BF244E002011
:1000D000444E00203C4E00200A4B1B780A2B10D1C6
:1000E00072B6094A00211368116062B6074AC82136
:1000F00001FB03F31360116842F20F73994288BF4A
:1001000013607047244E00200C5100200051002045
:100110000E4B1B78092B04D110B50D4C23780BB96D
:1001200010BD704702F0A4F90A4B1B68C01AFA28E8
:10013000F6D9094B09481B680022227040215A63F6
:1001400003F024FD064B01221A7010BD244E00203E
:10015000D8500020D4500020F04F00200004004868
:100160009C5100200F4B1B78052B04D110B50E4C71
:1001700023780BB910BD704702F07AF90B4B1B685E
:10018000C01AFA28F6D90A4B0A481B6800222270C6
:100190004FF400715A6303F0F9FC074B01221A7007
:1001A00010BD00BF244E0020484E0020404E0020CD
:1001B000F04F0020000400489C5100200C4B1A789E
:1001C0001AB11B78132B00D0704710B5094C238847
:1001D0009BB203B910BD02F04BF9074B1B68C01A64
:1001E000FA28F7D9054B0021012221801A7010BD91
:1001F000244E00209E5100208C5100209C51002054
:100200000B4B1B780A2B05D110B50A4C23889BB2E7
:100210000BB910BD704702F02BF9074B1B68C01AD1
:10022000FA28F6D9054B0021012221801A7010BD51
:10023000244E00209E510020884F00209C51002019
:100240000D4B1B780A2B04D110B50C4C23780BB93D
:1002500010BD704702F00CF9094B1B68C01AB0F5CD
:100260007A7FF5D9074B084A1868012100232370CB
:100270004363117010BD00BF244E002004510020C4
:1002800008510020F04F00209C5100200C4B1B789F
:10029000122B04D110B50B4C23780BB910BD70474D
:1002A00002F0E6F8084B1B68C01AFA28F6D9074B8B
:1002B000074A18680121002323704363117010BDA1
:1002C000244E0020A2510020A4510020F04F002015
:1002D0009C5100200D4B1B78132B04D110B50C4CF6
:1002E00023780BB910BD704702F0C2F8094B1B68A8
:1002F000C01AB0F57A7FF5D9074B084A1868012172
:10030000002323704363117010BD00BF244E0020F2
:10031000704F0020744F0020F04F00209C510020AF
:100320000A4B1B780A2B10D172B6094A00211368B8
:10033000116062B6074AC82101FB03F3136011681C
:1003400042F20F73994288BF13607047244E002019
:10035000844F0020784F002008B50E4B1B780A2BE5
:1003600012D10D4B1B780A2B0FD90C4B1B6863B9AC
:1003700002F07EF80A4A126840F6B833801A9842B2
:1003800002D9084B01221A7008BD02F071F8044B23
:10039000186008BD244E00207C4F0020784F0020BC
:1003A000204E00209C5100202DE9F04F2DED088BB0
:1003B000B0F84030ADF6045D064604468946180B99
:1003C00003F00F01C3F3031BC3F30323059336F8B4
:1003D000423F06931E3004F14E0508AA36F8023F4C
:1003E000103203F00F0742F8107CC3F3031742F8F2
:1003F0000C7CB542C3F303274FEA133342F8087C61
:1004000042F8043CEAD11FAE07AB0796049353F8B9
:10041000042F072AC4BF103A1A609E42F7D104F194
:100420005E0620AA35F8023F103203F00F0742F8AB
:10043000107CC3F3031742F80C7CAE42C3F30327CE
:100440004FEA133342F8087C42F8043CEAD11FAB70
:100450003FAD53F8042F072AC4BF103A1A609D42DB
:10046000F7D104F17E03039301238B4007EE903A0A
:10047000F8EEE78AF9F746FE9FED75AB00239FED96
:100480007CBA029341EC190B09F580570DF5807A7F
:10049000049A039E52F8043F0492059A03FA02F864
:1004A000069B9844029B40AA02EB830520AC36F8D9
:1004B000023FB0EE491AF0EE691AC3F3051307EED6
:1004C000903AB0EE4A0AF0EE6A0A54F8043BF8EEAD
:1004D000E77A03FA0BF34344B3EE0F7AF4EEC77AEC
:1004E00007EE103AF1EE10FAC8BF77EECB7AB8EE0D
:1004F000C78AC5ED007AA8EEA78A05F0A5FCD7ED5E
:10050000956A97ED947AD9ED067A37EE267A18EE49
:10051000100A8DED000B27EEC78AF9F715FEDDE90D
:100520000023F9F793FFFAF75FF907EE100AF6EEEA
:10053000007AA8EE277A17EE100AF9F705FE0246B0
:100540000B4645A1D1E90001F9F780FFFAF74CF914
:10055000A24545F8040BAAD1039B079A40330393A5
:10056000029B20330293049B934291D1DDF80081DA
:1005700041AC08EE108A0DF550652346F3EC017A84
:10058000F4EE487AF1EE10FAC8BFB0EE678A9D42E9
:10059000F4D118EE100AF9F7D7FD31A3D3E90023FF
:1005A000FAF79CF800284FD02DA7D7E900674FF045
:1005B000000A38EE088A0AF1010A18EE100AF9F763
:1005C000C3FD32463B465FFA8AFAFAF787F80028FD
:1005D000EFD15046F9F796FD41EC180B9FED1C9BAF
:1005E000244FCDF8009009F1480B002601E054F8A3
:1005F000048BB0EE481AF0EE681AB0EE490AF0EE3D
:10060000690A05F021FC404659EC108BF9F79CFD76
:1006100042464B46F9F7F0FDFAF7E6F8F9F794FD94
:1006200032463B46F9F732FCFAF7BEF8A5422BF802
:10063000020FDCD1DDF8009089F84AA60DF6045DC2
:10064000BDEC088BBDE8F08F9FED078B8246C5E7B8
:1006500000000000000000408DEDB5A0F7C6B03EE0
:100660009A999999D9FFDF4000000000000000002E
:10067000000080420000E03F2DE9F04F2DED088B97
:10068000B0F86E20ADF61C4D0746130A8DF81530F4
:10069000B7F87030B0F86C008DF8172003F00F0237
:1006A000C3F303138DF8160003F1080001239340F0
:1006B00007EE903A97F96D208DF814200392B8EE6A
:1006C000E7BA0291F9F71EFD9FED77AB06AB41EC5F
:1006D000190B039A01930DF11408F2EE00BABE371C
:1006E0004FF00009019EA7F1400509F10104F0EE69
:1006F000088A02E018F90320013435F8023FB0EE11
:10070000491AF0EE691AC3F3420307EE903AB0EECD
:100710004A0AF0EE6A0AF8EEE77A07EE102AF4EEDB
:10072000E87AF1EE10FAC8BF77EEEB7AB8EEC78A36
:10073000C6ED007AABEE278A05F086FB5BEC10ABCA
:1007400018EE100AF9F700FD52465B46F9F77EFEF7
:10075000FAF74AF8C4F3401204F00103AF4246F836
:10076000040B03EB4203C5D1019B09F1200980333F
:10077000B9F5407F07F14007019308D009F0010265
:10078000C9F3401302EB430318F90320AAE7DDF88D
:10079000188007EE908A07ACB0EEE78A0DF6184590
:1007A0002346F3EC017AF0EEE77AF4EE487AF1EEC4
:1007B00010FAC8BFB0EE678A9D42F2D118EE100A57
:1007C000F9F7C2FC3DA3D3E90023F9F787FF00281E
:1007D00064D03AA7D7E900674FF0000A38EE088ADC
:1007E0000AF1010A18EE100AF9F7AEFC32463B4650
:1007F0005FFA8AFAF9F772FF0028EFD15046F9F74D
:1008000081FC41EC180B029B2B4F9FED279B03F6BD
:100810004B4B002640460EE0F9F796FC32463B462D
:10082000F9F734FBF9F798FFA54240B20BF8010F36
:100830002BD054F8040BB0EE481AF0EE681AB0EE64
:10084000490AF0EE690A019005F0FEFA59EC108BA6
:100850000198F9F779FC42464B46F9F7CDFCF9F7D8
:10086000C3FF07EE900AF5EEC07AF1EE10FAD3D589
:10087000F9F76AFC32463B46F9F706FBF9F76CFFDD
:10088000A54240B20BF8010FD3D1029B83F84CAFC5
:100890000DF61C4DBDEC088BBDE8F08F9FED048B71
:1008A0008246B0E7AFF30080000000000000004087
:1008B00000000000000000000000E03F333333334D
:1008C00033B34F40000000002DE9F04F2DED048BB5
:1008D000B0F86830B0F87000ADF61C4D4FEA133B2D
:1008E000B3F5004FC3F3032205AF28BFABF1100BE4
:1008F0001C0548BF103A8A46BA701906C3F30312A2
:1009000048BF103A7A7003F00F021B0748BF103A35
:100910004FFA8BFB87F800B0FA70C0F30320F9F7A9
:10092000F1FB9FED699B41EC180B26AE0DF6984943
:100930004FF00008A6F1800508F1010402E017F964
:1009400003B00134B0EE481AF0EE681AB0EE490A6E
:10095000F0EE690A05F078FA07EE90BAF8EEE77A59
:100960008DED000B17EE900AF9F7EEFBDDE90023A1
:10097000F9F76CFDF9F738FF45F8040BC4F34012A2
:1009800004F00103AE4203EB4203D8D18036B145F7
:1009900008F1200808D0C8F3401308F0010202EB68
:1009A000430317F903B0C5E7DDF8188007EE908A16
:1009B00007ACB0EEE78A0DF618452346F3EC017A52
:1009C000F0EEE77AF4EE487AF1EE10FAC8BFB0EE36
:1009D000678A9D42F2D118EE100AF9F7B5FB3FA3E2
:1009E000D3E90023F9F77AFE0090002867D03BA7EF
:1009F000D7E900670023994638EE088A09F1010912
:100A000018EE100AF9F7A0FB32463B465FFA89F967
:100A1000F9F764FE0028EFD14846CDF80C90F9F7BD
:100A200071FB41EC180B9FED289B2B4F0AF64C7B7A
:100A3000002640460EE0F9F787FB32463B46F9F7C1
:100A400025FAF9F789FEA54240B20BF8010F2BD029
:100A500054F8040BB0EE481AF0EE681AB0EE490AEA
:100A6000F0EE690A009005F0EFF959EC108B009850
:100A7000F9F76AFB42464B46F9F7BEFBF9F7B4FEBD
:100A800007EE900AF5EEC07AF1EE10FAD3D5F9F739
:100A90005BFB32463B46F9F7F7F9F9F75DFEA542F5
:100AA00040B20BF8010FD3D1039B0AF5805A8AF8A4
:100AB0004D320DF61C4DBDEC048BBDE8F08F9FED63
:100AC000048B0390AFE700BF00000000000000406F
:100AD00000000000000000000000E03F333333332B
:100AE00033B34F400B464FF450724FF41051FDF7A3
:100AF00061BA00BF10B582B00DF10603012248F2C1
:100B00000D010446FDF756FA08B102B010BDBDF85C
:100B1000062048F20D0142F400422046ADF80620BE
:100B2000FDF78AFA0028F0D1FDF72CFA0028ECD165
:100B30000DF10603012248F20D012046FDF73AFAB5
:100B40000028E2D1BDF90630002BB8BF6FF00800D5
:100B5000DBE700BF70B50546A2B00E4644F6206440
:100B60000DF1060301224FF400412846FDF722FA59
:100B7000013CA4B2A0B9BDF806301A0712D5302244
:100B80004FF400412846FDF757FA431C08D033467E
:100B90004FF440724FF480612846FDF70BFA38B1EC
:100BA00022B070BD002CDBD16FF0090022B070BD07
:100BB00002AB40224FF4E0612846FDF7FBF9002824
:100BC000EED101AB0122284648F20D01FDF7F2F902
:100BD000BDF80640BDF80430A6F8803604F00104E4
:100BE000A6F882460028DBD1BDF8082047F6FF7042
:100BF000824250D00DF116030BAD33F8021F814233
:100C000049D0AB42F9D1BDF83030834243D0BDF872
:100C1000323083423FD0BDF8343083423BD00DF1B7
:100C2000360312AD47F6FF7033F8021F814232D00F
:100C3000AB42F9D10DF156031BAD47F6FF7033F807
:100C4000021F814227D09D42F9D1BDF87030834206
:100C500021D0BDF8723083421DD0BDF8743083427C
:100C600019D00DF176030DF1860547F6FF7033F8C4
:100C7000021F81420FD09D42F9D106F2FE510DF1C3
:100C80000A0322A801E033F8022B21F8022F834245
:100C9000F9D1B6F88246002347F6FF7001E0182B21
:100CA0000DD09901DAB2715A814203F10103F6D1F4
:100CB00002F00102A242F2D16FF0070070E7204675
:100CC0006EE700BF000000002DE9F04FB0F866307D
:100CD000DFEDE56A63F0FF02520143F30723A2F55B
:100CE00000525B012DED028B4A800B80B0F864301E
:100CF0009A0A07EE902AF8EEE77AB3EE0F7AF4EE4E
:100D0000C77AF1EE10FAC8BF9FEDDF7AC3F309038B
:100D1000C8BF77EEC77A07EE103AB8EEC78A9FEDE4
:100D2000D37AB4EEC78A0546F1EE10FA008CC8BF3C
:100D30009FEDCF7AB5F86260BFB000F470400C460A
:100D400067EEA68AC8BF38EE478AF9F7EBF9C94BB8
:100D50000022F9F751FAC84B0022F9F797F8F9F792
:100D600043FDA681B5F86030A38295F97820B5F8E7
:100D7000783006EE902AB5F87020B4EE007A43F38E
:100D8000072328EE078A07EE103AC2F3013384F8EE
:100D900024304FF6D873B5F87E202364B5F87E3042
:100DA000C4ED018AC3F30313C2F30132A4F8443043
:100DB00002EB8202B5F87E1084ED028A520013FB2A
:100DC00002F39BB2C1F30321A4F8443001FB0233C8
:100DD0004FF4C872A4F84630A4F84820B5F87E3025
:100DE00095F97A10B5F87A202061FAEEED6A03F0F1
:100DF0000F03C4ED066A06EE901A03F10801012301
:100E00008B4007EE903AF8EEE66AF8EEE77ABAEE33
:100E1000E97AC6EEA75A42F30722B5F87C3043F3CD
:100E2000072384ED0A7A07EE102AB8EEC77AC4EDDC
:100E30000B5AC7EE276A914AB5F84000000B1B30E9
:100E400007EE103A95F97C30C4ED0C6AB8EEC77A1B
:100E500087EE276A07EE103AB5F97430E263B8EE10
:100E6000C77AC3F30907B5F8742084ED0E6A9B05B1
:100E7000C7EE276A48BFA7F580674FEA92234ABFAB
:100E8000BEB2BEB23FB2B2F5004F24BF403B9BB2F0
:100E900033441EB2B5F87230C3F3090307EE103ABB
:100EA000DFED727AC4ED0D6AB8EEC78AB4EEE78A58
:100EB000F1EE10FAC4BFDFED6E7A38EE678AF9F70B
:100EC00021F99FED670B41EC110B04F0BDFF59ECCC
:100ED000108B18EE100AF9F737F942464B46F9F72E
:100EE000B5FAF9F781FCB5F872309B0A07EE903A33
:100EF000F8EEE77AB3EE0F7A08EE900A95F97600ED
:100F0000F4EEC77AF1EE10FA06EE900AC8BF9FED34
:100F10005E7AF8EEE66AC8BF77EEC77A9FED587A38
:100F200016EE900AB7EE008AA7EE878AF9F70CF959
:100F30008046B5F87000C0F3031008308946F9F711
:100F4000E1F89FED470B41EC110B04F07DFF4046AB
:100F500053EC102B4946F9F779FAF9F745FC206272
:100F600095F9770007EE900AF8EEE77A17EE900A07
:100F7000F9F7EAF88046B5F87000C0F30320894617
:100F8000F9F7C0F89FED360B41EC110B04F05CFF54
:100F9000494653EC102B4046F9F758FAF9F724FC70
:100FA00028EE888A04F58053E0612146A3F8587240
:100FB000C3ED948A83ED958AA3F85A622846039379
:100FC000FFF7F2F9288C294600F00F03019331F85E
:100FD000229FC0F303130293C0F3032005F12E07F1
:100FE00006AA31F8023F103203F00F0642F8106CE7
:100FF000C3F3031642F80C6C8F42C3F303264FEA87
:10100000133342F8086C42F8043CEAD105AA1DA942
:10101000134653F8046F072EC4BF103E1E6099425A
:10102000F7D105F13E0C1EAE964637F8023F10365A
:1010300003F00F0246F8102CC3F3031246F80C2CF1
:10104000BC45C3F303224FEA133346F8082C46F895
:10105000043CEAD172461DAB3DAF19E0AFF300800E
:101060000000000000000040000080390080FF43C5
:10107000000080440000103F0000204017B751B925
:101080000000003C0000803D000080420000004263
:1010900053F8046F072EC4BF103E1E609F42F7D165
:1010A00005F17E0A3EABCDE9043A04F24A6ED4461D
:1010B00052F8043F83404B449BB276461EAFE04655
:1010C000009338F802AF019B4FEA9A2BBAF5004F14
:1010D0000FFA8BFA24BFABF1400B0FFA8BFA0AFA26
:1010E00003FBA6F802A0029B57F804AB0AFA03FA26
:1010F000009B9A44049BDA44BB4226F802AFE0D13D
:1011000091420CF1400C0EF1400ED1D128462146FF
:10111000DDF814A0FFF7B0FA21462846FFF7D4FB0C
:10112000B5F86A305FED296AAA8A03F03F0107EE3D
:10113000901AF8EEE77AB3EE0F7AF4EEC77AF1EE92
:1011400010FAC8BF1FED307AC3F38411C8BF77EE21
:10115000C77A07EE101AB8EEC77AB2EE0E6AB4EE8E
:10116000C67AF1EE10FA67EEA66AC8BF5FED397A6B
:101170004FEAD323C8BF37EE677A07EE903AF8EE0E
:10118000E77AB2EE0E6AF4EEC67AF1EE10FAC8BF54
:101190001FED426A039BC8BF77EEC67AF6EE005A8F
:1011A000B4EE006A41F2682127EE257A67EE867A6E
:1011B0006FEA1212661802F0800284F825200025DA
:1011C000C3ED976A83ED987AC3ED997A4FF0FF33B8
:1011D00063502A467360B360F36033612B460BE0C3
:1011E00024F8173082B201339BB2B3F5407F19D097
:1011F000052A77D0052D7CD03AF8021F02F6341765
:10120000501C0029ECD011F0010F05F63811EAD07E
:1012100004EB410101354B8001339BB2B3F5407FB4
:10122000ADB2E5D1052A5DD0052D62D05319042B4E
:1012300000F39C80002A63D002F1010904F5935861
:101240001FFA89F908F106084FF0010E7245714640
:101250001ADD38F81E704FEA571C07F01F0736F8E2
:1012600011304FEA531AACEB5310A3EB4A13013081
:101270009BB2FB1A022801F1010103F1010301D81D
:10128000022B70D98A42EADC0EF1010EF145DDD164
:10129000BDBB04F593510C46531E9BB20A31123468
:1012A00001EB430104EB450CBDB1308827464FEA02
:1012B000501E00F01F0037F8022B5309A2EB431316
:1012C000AEEB52129BB20132C31A022A03F10103A0
:1012D00001D8022B47D96745EDD10236B142E3D19F
:1012E000002001E06FF002003FB0BDEC028BBDE8D2
:1012F000F08F6FF003003FB0BDEC028BBDE8F08FC4
:10130000BDB305F1010904F5935804F5935E1FFA86
:1013100089F908F110080EF1120E0127BD42394675
:101320001BDD38F817C04FEA5C1A0CF01F0C3EF8B2
:1013300011304FEA531BAAEB5310A3EB4B130130B0
:101340009BB2ACEB0303022801F1010103F101039D
:1013500001D8022B07D98D42E9DC0137B945DDD12F
:10136000002A96D1BCE76FF00500BDE76FF00400DE
:10137000BAE72846B8E700BFF8B52DED028BB0F804
:101380008066054691F824009FED258B0C46F8F702
:10139000B9FEB0EE480AF0EE680A41EC110B04F019
:1013A00053FDC6F38126304657EC106BF8F7AAFEC2
:1013B000B0EE480AF0EE680A41EC110B04F044FD6F
:1013C000B5F9541653EC102B08EE101A3046394676
:1013D000F9F73CF8F9F708FAB4F9023007EE903A59
:1013E00006EE900AB4F90030B8EEC88AF8EEE77A53
:1013F00007EE103AD8EE267AB8EEC77AC7EE877AAB
:1014000017EE900AF8F7A0FE07A3D3E90023F8F738
:101410003DFDF9F7E9F9BDEC028B00EE100AF8BDCD
:1014200000000000000000406666666666660A40CE
:101430002DE9F84305460C46FFF79EFFB5F9403607
:1014400094ED046ADFED2A6A07EE103AB5F900362A
:1014500007EE903AB8EEC77AF8EEE77A10EE105A37
:10146000E7EE067A87EE276A66EE267A17EE900A8E
:10147000F8F76AFE064660680F46F8F765FE804694
:1014800028468946F8F760FE17A3D3E90023F8F74A
:10149000FBFC02460B4640464946F8F7ADFE154BAD
:1014A0000022F8F7F3FC02460B4630463946F8F7BF
:1014B000CDFF0646A0890F46F8F734FE02460B46DC
:1014C00030463946F8F7E0FCF9F78EF994ED027AE8
:1014D00006EE900A86EE870AF3EE097A30EE270AC6
:1014E000BDE8F883AFF300806666666666660A400C
:1014F000000080480000F03F2DE9F04F2DED108BEB
:101500008DB0B0F8823608938B4610EE905A0446A0
:1015100017460390F0EE409AFFF72EFF20465946FB
:10152000A04610EE104AFFF783FF10EE100AB0EE4F
:10153000409AF8F709FE94A3D3E90023F8F7A6FC34
:10154000F9F752F908EE100A2846F8F7FDFD8EA3C8
:10155000D3E90023F8F79AFCF9F746F908EE900A68
:1015600068EEA88A28EE088A68EEA88A9BF84C0FD5
:10157000B0EE687AA8EE487A0BF58056B7EE00CA4E
:10158000C7EE297AB0EE4C8A78EEE78AF8F7BAFD12
:101590009FED770B41EC110B04F056FC51EC100B56
:1015A000F9F722F90AEE100A96F84D020996F8F7B3
:1015B000A9FD9FED6F0B41EC110B04F045FC51ECC4
:1015C000100BF9F711F90AEE900A9BF84A06F8F7A2
:1015D00099FD9FED670B41EC110B04F035FC51ECCC
:1015E000100BF9F701F9DBED0B5A9FED657ABBF9AA
:1015F00014209BED0C6ADBED0D6AB8F88066F0EE06
:101600004C7AE5EE877A03467609B3EE097A39EE2D
:10161000479A9BED087AA7EE098A2046444607EED2
:10162000102AB8F91426CCEE27BA07EE902AB8EEA5
:10163000C77AF8EEE77ABBF9442087EE27BA07EEBF
:10164000902A0DEE903ABBF94630F8EEE77A9B1AF5
:10165000F0EE4CCAE6EE27CAB8F9502607EE903AEB
:10166000F8EEE77AA6EEA7CA07EE902AF8EEE77A38
:101670002CEE8CCA27EE8BDAF8F766FD06F08002B6
:1016800007923DA3D3E90023F8F7FEFB8046894685
:10169000DBF81C00F8F758FD42464B46F8F7ACFD66
:1016A0000022384BF8F7F2FB49EC1F8B8946B4F95E
:1016B000101607EE901AF8EEE77A804667EE8B7AFE
:1016C00017EE900AF8F740FD099BB3F9583207EE80
:1016D000903AF8EEE77A044667EE887A0D4617EE00
:1016E000900AF8F731FD42464B46F8F785FD024671
:1016F0000B4620462946F8F7C7FBF9F775F89BF823
:101700002530079A0A9093421DEE100A00F0E781F7
:10171000F8F71AFD099B93ED977AB3F95A3207EE61
:10172000903AF8EEE77A044677EE877A0D4667EE50
:10173000887A4FF0000A17EE900AF8F705FD424646
:101740004B46F8F759FD0B46024629462046F8F766
:101750009BFBF9F749F873B201970BF64C460BF176
:101760004A070B900693029600971FE0AFF30080A4
:1017700000000000000000406666666666660A407B
:10178000000020420000F03F666666666612714007
:10179000019B04330193009B02330093029BBAF533
:1017A000407F03F10103029300F09481069A002A1E
:1017B000039ACAF34018D1464346B2F88226BCBF0A
:1017C00009F0010388EA03039A4254460AF1010A28
:1017D000DED1029B93F9002093F9013307EE902AA2
:1017E000F8EEE77AB7EE008A87EE8A7AA9EE078AE2
:1017F00007EE103A039B33F9193007EE903AF8EEF2
:10180000E77AB8EEC77A67EE8B7A87EE2ADA17EEB8
:10181000900AF8F799FC009BB3F9023607EE903A6C
:10182000F8EEE77A41EC1E0B67EE887A17EE900A25
:10183000F8F78AFC06461DEE100A0F46F8F784FCFE
:1018400053EC1F2BF8F7D8FCAF4B0022F8F71EFB28
:1018500002460B4630463946F8F7CEFC02460B46A8
:1018600051EC1E0BF8F710FBF8F7BEFF9BF8253084
:10187000079A934207EE900A07EE100A2FD0099BB1
:101880004FEA4808D3ED995AD3ED986A08F1FF332F
:1018900006EE103AE21C04F1020348BFA21DB8EEA6
:1018A000C66A9B10B9F1000FA3EBA203E5EE867A9E
:1018B00003EBAA03B8BF09F10309A3EBA909C8F117
:1018C000010819FB08F84FFA88F8B0EE677A07EEBE
:1018D000908AF8EEE77AF1EE666AA6EEA77A089BA0
:1018E0000CAA02EB8303DBED066A53ED027AA6EE47
:1018F000E77A1DEE900A87EE29DAF8F725FC7EA339
:10190000D3E90023F8F778FC009B044618880D46BD
:10191000F8F708FC02460B4620462946F8F796FDE4
:10192000F8F762FFB7EE008A9BED0A7AF0EE487A8C
:10193000E9EE077A07EE100A27EE878AB0EE4D7AB5
:10194000A8EE887A68EE087A67EE887A67EE877A7A
:1019500017EE900AF8F7F8FB41EC100B04F0ECFAE4
:1019600004F0EAFADBF830008DED040BF8F7ECFB3D
:1019700004461DEE100A0D46F8F7E6FB60A3D3E916
:1019800000238046894620462946F8F735FC024662
:101990000B4600205C49F8F777FA064618EE100A65
:1019A0000F46F8F7D1FB02460B4630463946F8F7AA
:1019B00023FC22462B4606460F46DDE90401F8F7D4
:1019C0001BFCF8F711FFF8F7BFFB02460B46304649
:1019D0003946F8F75BFA02460B4640464946F8F7A7
:1019E00035FD044618EE900A0D46F8F7ADFB0246A9
:1019F0000B4620462946F8F749FA41EC100B04F053
:101A00009BFA04F099FA3EA3D3E9002351EC100BA2
:101A1000F8F73AFAF8F7E8FEBBF9423007EE103A69
:101A200007EE900AB8EEC77AB4EEE77AF1EE10FA54
:101A30002EDDBBF9403007EE103A28EE2B8AB8EEC7
:101A4000C77A00230BEB8303D3ED0B6A77EEC77ADB
:101A5000B7EE007AA6EEA77A27EE088ACDEE087ACE
:101A600077EEA87A17EE900AF8F76EFB41EC100BB0
:101A700004F062FA04F060FA21A3D3E9002351ECE8
:101A8000100BF8F701FAF8F7AFFE019B18607FE63C
:101A9000BBF9443006EE903AF8EEE66AF4EEE76AF7
:101AA000F1EE10FA10DCBBF9463007EE103AB8EE52
:101AB000C77AB4EEE77AF1EE10FA07DD28EE2C8A49
:101AC000B0EE667A0223BDE70123BBE728EE0C8A5D
:101AD0000323B7E70DB0BDEC108BBDE8F08FF8F72E
:101AE00033FB099BB3F95A3207EE903A0446F8EEFD
:101AF000E77A0D461BE600BF8DEDB5A0F7C6B03EF8
:101B000066666666661271400000F03F70B521F4AB
:101B1000006384B023B16FF00105284604B070BDA6
:101B20000C460DF10603012241F2F4110646FCF7C2
:101B30009DFC051EF1DBBDF8061021F400610C438D
:101B40002E22A4B28DF809201121F422230A8DF847
:101B50000A108DF80B2002A906223A2530468DF88E
:101B600008508DF80C30ADF806408DF80D40FCF7AC
:101B7000BFFC05460F20FCF7E3FC284604B070BD0F
:101B800070B521F4807384B023B16FF0010528464D
:101B900004B070BD0C460DF10603012241F2F411B0
:101BA0000646FCF763FC051EF1DBBDF8061021F4C8
:101BB00080710C432E22A4B28DF809201121F42249
:101BC000230A8DF80A108DF80B2002A906223A2567
:101BD00030468DF808508DF80C30ADF806408DF881
:101BE0000D40FCF785FC05460F20FCF7A9FC2846B4
:101BF00004B070BD00B583B00DF10603012243F6B9
:101C00001441FCF733FC0028A4BFBDF80600C0F364
:101C1000002003B05DF804FB10B582B001AB0122D7
:101C200043F22C410446FCF721FC00280DDB0DF1AA
:101C30000603012243F614412046FCF717FC002856
:101C4000A4BFBDF80600C0F3002002B010BD00BF65
:101C500000B583B00422002101234FF0800C8DF8E1
:101C600006100DEB02018DF804308DF805C08DF8DB
:101C70000730FCF73DFC03B05DF804FB70B51E4671
:101C800015460B46142242F602610446FCF7EEFBB1
:101C9000002813DB2B464FF4407242F62A6120469F
:101CA000FCF7E4FB002809DB3346204640F2013212
:101CB000BDE8704043F22C41FCF7D8BB70BD00BFBB
:101CC0002DE9F04F2DED028B8C4B8D4A8D4E9A6095
:101CD000B1B000F0AFFBFBF7CFFAFBF703FBFCF76B
:101CE000A3FCFBF71FF9FBF771FBFBF75FFAFBF7B0
:101CF0006BFCFBF7FBF9FBF72BFA3278002303218F
:101D0000CDE9083306930A9307917AB13378042B0F
:101D100002D033780A2B09D101237B48069306A908
:101D200001F044FE0B20FBF7F1FC09E001244FF029
:101D3000904006A9069401F039FE2046FBF7E6FC28
:101D400033780A2B00F014833378052B08D03378CE
:101D5000092B05D03378122B02D03378132B03D103
:101D600040F67F40FBF75EFC0BAB08EE903A13ACFD
:101D70000DF1400B33780B2B00F0EB823378012B05
:101D800022D03378022B1FD03378032B1CD033782A
:101D9000062B19D03378072B16D033780A2B13D0A3
:101DA00033780C2B10D03378102B0DD033785BB1F7
:101DB0000023CDE9133311930822012352481092D6
:101DC0005946129301F0F2FD504A514C514D0323F4
:101DD000C4E90023204640F2E733A36002F00CFC84
:101DE000FCF746FC204602F033FCFCF7AFFD204632
:101DF00002F02EFCFAF7D6FE2B78062B464B00F0AD
:101E000093822A78062A00F096822A78062A00F021
:101E100099823F4802F01CFC2B78032B00F07E8255
:101E20002B78042B00F07A82FAF7F0FF3848DFF8BD
:101E3000EC90DFF8DC8002F00BFC0020FDF7ACFB3F
:101E4000012500271DE0630739D0FEF761F9FEF791
:101E500089F9FEF7F5F9FEF77FFAFEF717FAFEF7B4
:101E600039FAFEF7ABF9FEF7CBF9FAF7EFFAFAF722
:101E7000ADFB642000F002FB322D51D0013501375B
:101E8000EDB24046FCB202F0E3FB002FDBD1FEF7DF
:101E90003FF9FEF767F9FEF7D3F9FEF75DFAFEF7B3
:101EA000F5F9FEF717FAFEF789F9FEF7A9F9FAF73F
:101EB000CDFAFAF78BFB642000F0E0FADEE7C4F31A
:101EC000C10404EB840409EBC4144FF0020A80221D
:101ED0002146584605F02CF8504600210AF1010A27
:101EE000FCF782FB5FFA8AFA80215846FCF75EFB1A
:101EF000BAF1070F04F18004E9D1A6E700ED00E094
:101F000000800008244E00200004004800300040FB
:101F1000604F00204A4E00201B510020507D0108D8
:101F2000A74B00241C70E0B20134FCF76FFF082CB3
:101F3000F9D10027CDE90177DFF8C482A14DDFF8A0
:101F4000C4A2DFF8C49208EE10BA3C46BB46504625
:101F500002F07EFB9C4B1B78002B4ED100F088FAE0
:101F6000019BC01A994B1B78002B14BF64234FF4BC
:101F7000FA73984280F0058100F07AFAC01B1328AA
:101F800000F2E58000F074FAA0EB0B00B0F5FA7FE8
:101F900080F0D28000F06CFA029BC01A952872D8AB
:101FA0008B4B1B78002B6BD1FBF72CFD894B1B78DF
:101FB000002B5DD13378082B29D098F80030002B06
:101FC000C5D000F055FA844B1B68C01A0028BEDB50
:101FD00088F80040002202EB42030132EC542B440B
:101FE000082A5C709C70F6D1FBF7A6FD504602F003
:101FF0002FFB754B1B78002BB0D0734B0721484645
:102000001C7001F07BF9484601F0EEF8A6E7734B2F
:102010001B78002BD1D0714B1C70714B198889B281
:10202000012938BF0121B1F5FA7F28BF4FF4FA71B9
:1020300000226C4B187802EB4203C0B2E8546A48A5
:1020400000782B44C0B25870684800780132C0B2A2
:10205000082A9870EDD10391FBF76EFD00F008FAA5
:1020600003995D4B08441860012388F80030A4E709
:10207000FBF720FD08B1574B1C70FBF75DFD99E79E
:10208000FDF7DAFA90E700F0F3F90290FAF788F931
:10209000FAF7B8F9FEF702F8FEF71EF8FEF740F976
:1020A000534A13780133DBB2022B06D9504B514A05
:1020B0001C701378013303F003031370FDF7ECFA7F
:1020C000F8F736FE33788DF85440CDE91244002BF2
:1020D00061D03378132B5ED033780A2B00F09680D2
:1020E0003378042B00F0C2803378112B00F0D780B6
:1020F0003378052B00F0DF803378092B00F0F58072
:102100003378082B7FF44CAF3B4B1B788DF81430A1
:1021100040F25513109348460123149301F014F92B
:1021200000283FF43DAF18EE903A18EE101A05AAB9
:10213000484601F08BF833E700F09AF998F8003040
:102140008346002B7FF426AFFCF7AAFC22E700F0C1
:102150008FF90746FAF77AF9FAF738FAFDF7D8FF58
:10216000FEF700F8FEF76CF8FEF7F6F8FEF78EF8CB
:10217000FEF7B0F8FEF722F8FEF742F8FAF7F2F8A9
:1021800000E700F075F94FF4004101904FF09040E6
:1021900001F002FDF0E6194A1388C3F307238DF816
:1021A000143013888DF8153040F2351310934846DB
:1021B0000223149301F0C8F800283FF4F1AEB2E70F
:1021C000080000204C510020324E00209C5100207D
:1021D0001C510020A15100202C4E0020A0510020B5
:1021E000304E002048510020475100204651002029
:1021F000254E0020264E0020494E0020384E00205B
:10220000284E0020604F0020A04E00206D4A138809
:10221000C3F307238DF8143013888DF8153040F27E
:102220007513109348460223149301F08DF800288B
:102230006BD1654A13681B0A8DF8143013688DF84A
:10224000153040F27713109348460223149301F09F
:102250007BF8002850D15D4A13681B0A8DF81430B2
:1022600013688DF8153040F279139FE7584A1388A8
:10227000C3F307238DF8143013888DF81530554BB0
:102280001B788DF8163040F245131093484603230F
:10229000149301F059F800283FF482AE43E74C4A0A
:1022A0001388C3F307238DF8143013888DF8153085
:1022B00040F243237AE740F2471310930323149329
:1022C00072B6454B1B6862B68DF81530C3F3072311
:1022D0008DF81430414B48461B788DF8163001F0CC
:1022E00033F800283FF45CAE1DE73C4B1B788DF8BB
:1022F000143040F265130DE718EE903A18EE101AFC
:1023000005AA484600F0A2FFA5E718EE903A18EE9D
:10231000101A05AA484600F099FF8AE730490122C1
:102320001420FAF77FFC7FE51A78012A7FF469AD63
:10233000FBF772FD6DE51A78022A7FF466ADFBF7B4
:10234000A7FE66E51B78032B7FF463ADFBF7ECFF7C
:102350005FE500231393082263604FF40413CDE973
:102360001023204801235946129301F01FFB2BE54F
:102370000BAB40F6FF101C4608EE903AFBF752F903
:10238000202321460B9313AC0223002501274FF095
:1023900090400C930DF1400B03230E930D950F9776
:1023A00001F004FBFBF77CF913954FF4041365600F
:1023B000594640254FF09040CDE91053129701F057
:1023C000F5FAD7E4384E002000510020784F002065
:1023D000885100208A5100203C4E0020494E0020A8
:1023E0001B51002000040048704700BF38B50E4A5A
:1023F0000E4B12781B6805464FF47A70B0FBF2F072
:10240000B3FBF0F001F0E0F908B90F2D01D901207C
:1024100038BD0446024629464FF0FF3001F088F9E6
:10242000034B20461D6038BD100000200000002036
:1024300014000020074A08B5136843F01003136026
:10244000032001F063F90F20FFF7D0FFFFF7CCFF67
:10245000002008BD00200240034A044B11681B788D
:102460000B441360704700BFB051002010000020E3
:10247000014B1868704700BFB051002038B50446C2
:10248000FFF7F6FF631C054602D0044B1B781C4483
:10249000FFF7EEFF431BA342FAD338BD1000002024
:1024A000704700BF026838B5936803F00303012B3F
:1024B00001D0002038BD1168CC07FAD5916801F031
:1024C0000D010129044609D0026C42F01002226479
:1024D0001846636C43F00103636438BD93680321BD
:1024E00043F0020393601160FFF7C2FF23689B680B
:1024F000D907054603D4DCE79B68DB07D9D5FFF78E
:10250000B7FF401B02282368F6D99A68D207F3D593
:10251000236C43F010032364636C01200343636462
:1025200038BD00BF03689A6812F00C0F01D100207B
:102530007047DA6870B59601044604D5008B40F206
:10254000011290421CD060299A6844D0560706D5E3
:102550009A68900703D49A6842F010029A600C2996
:102560001DD09A68120706D59A68960703D49A6810
:1025700042F020029A606C2914BF04250C250FE05C
:102580001A68500606D41E4A01E0013A18D01968AC
:102590004906FAD540221A609A68520726D40425C3
:1025A000FFF766FF236806469B681D4211D0FFF7C0
:1025B0005FFF831B0B2B2368F6D99A682A42F3D05E
:1025C000236C43F010032364636C012003436364B2
:1025D00070BD002070BD110706D59A68920703D41C
:1025E0009A6842F020029A600825D9E79A68900715
:1025F000D5D49A6842F0100204259A60D0E700BF53
:1026000000940900026838B5936803F00303012BB6
:10261000044625D09168154B194208D0236C43F02D
:1026200010032364636C01200343636438BD936823
:1026300043F001039360FFF71BFF236805461B6807
:10264000D9070BD4FFF714FF431B022B2368F6D9DD
:102650001A68D207E2D51B68D907F3D5002038BD28
:102660001368D807D6D50020F9E700BF3F000080E7
:1026700030B597B000230193002800F09B80036CD5
:1026800013F01003044618D1056C002D00F095805E
:1026900022689168CD0040F18180916888007DD4E6
:1026A000216CC90600D463B1236C23F0120301200E
:1026B00043F01003236417B030BD036CD806F3D485
:1026C0002268906810F00400EED1216C824B21F456
:1026D000817141F00201B2F1A04F21647CD09A4295
:1026E00078D07E4B9A4200F094807D498A4200F077
:1026F0009180936803F00303012B00F0E580794992
:102700008B68656823F440332B438B60636BE1680F
:10271000657E012BA36843EA010394F8201018BFDB
:102720004FF4805043EA4533012943EA000300F0A7
:10273000A580A16A012909D0684882425DD000F5D0
:102740008070824259D0E06A03430B43916811F0D4
:102750000C0F0CD1D16821F4804121F00201D1602D
:1027600094F83010207E490041EA80310B43D06854
:102770005D49014020690B430128D36000F0868049
:10278000136B23F00F03136300206064236C23F0AA
:10279000030343F00103236417B030BD236C23F01F
:1027A000120343F010032364636C43F0010363647A
:1027B000236C79E7012017B030BDC0E9125545649C
:1027C00080F83C50FFF76CFE22689368D90024D54E
:1027D0002B465EE74FF0A04344490293936803F011
:1027E0000303012B5AD0029DAB6803F00303012BB6
:1027F00086D12B68DD0789D482E7B1F5307F60D0C0
:10280000B1F5807F65D0B1F5E07F08BF4FF48071EE
:1028100099E7334B33490293E0E72046FFF742FE46
:10282000226CD20603463FF533AF00287FF430AF69
:10283000216C226821F4885121F0020141F002014B
:10284000216490682A4920F040509060906809689F
:1028500040F0805090602748A0FB0101890C01EBFB
:10286000810149000191019900293FF412AF0199BA
:102870000139019101990029F9D10AE7B5B9616AD5
:10288000013943EA414343F4803352E7116BE36972
:1028900021F00F01013B0B43136375E71368DB075E
:1028A0003FF534AF029D002D9ED129E7216C21F028
:1028B000220141F020012164616C41F00101616459
:1028C00037E74FF4E0713EE71368DB073FF51EAFD3
:1028D00015E74FF4307136E7000100500004005056
:1028E000000500500007005007C0F0FF0003005033
:1028F0000000002083DE1B4338B503689D6815F097
:1029000004052CD190F83C30012B044627D001233C
:1029100080F83C30FFF776FEF0B9226C236822F491
:10292000706222F0010242F48072B3F1A04F22647F
:1029300017D03A4A934268D002F5C0629268D50631
:1029400011D037498B420ED0226C42F4801222649F
:10295000CA68920114D50DE084F83C5038BD0220BD
:1029600038BD304A9268226C22F480122264DA6800
:10297000910105D5226C22F4405242F48052226427
:10298000226C12F480521CBF626C22F00602626458
:1029900000211C22B3F1A04F84F83C101A601AD019
:1029A0001E4A934222D0D2F80816CD0602F5C06224
:1029B0000CD0916801F01F01052907D0926802F040
:1029C0001F02092A02D0164A9342C7D19A6842F0E0
:1029D00004029A6038BD134A9168CC06F6D091681B
:1029E00001F01F010529F1D09268EFE70D4A9168C7
:1029F000C906EBD0916801F01F010529E6D0926865
:102A000002F01F02092AE1D038BD064A9268D206B8
:102A1000A9D0226C4FF0A04197E700BF0001005001
:102A2000000400500003005090F83C30012B1DD0F2
:102A3000012310B56C2180F83C300446FFF772FD8D
:102A400018B1002384F83C3010BD2046FFF72AFD62
:102A50000028F6D1236C23F4885323F0010343F0BC
:102A600001032364002384F83C3010BD022070472A
:102A70002DE9F04144690368082C06460D4610D044
:102A8000B3F1A04F5DD046484649474A834218BF3C
:102A900011468A6812F01F023AD1D968C9076ED46C
:102AA0000C24B3F1A04F41D03D4A934250D002F5DF
:102AB000C0629268D20646D1DF68FFF7D9FC32685F
:102AC000804601E06B1C17D113682342FAD0336CA7
:102AD00043F400733364D36807F4005103F4406394
:102AE0000B4302D11368180739D417F480400CBF88
:102AF00014600020BDE8F081DDB913682340E3D104
:102B0000326C86F83C3042F0040232640320F1E774
:102B10008A6812F4404FC3D0336C002243F0200384
:102B200086F83C2033640120BDE8F0811D4A92689C
:102B3000C2E7FFF79DFCA0EB0800A8423268C3D9AA
:102B4000DBE71849A5E7194A9342B5D0D768B4E73F
:102B5000144A9268D206AFD04FF0A042F6E79368CD
:102B600013F0040F336C13D123F480733364336C8C
:102B7000D904BAD4336C43F001033364B5E7336C42
:102B800086F83C2043F0200333640120BDE8F08147
:102B900043F020033364736C43F001037364A4E7D0
:102BA00000010050000300500007005000040050D6
:102BB0000368186C704700BFF8B590F83C30012BE3
:102BC00040D0012780F83C7004460D46FFF76AFCB0
:102BD0000646002831D1236827649A68BD4222F056
:102BE00080429A6003D19A6842F080429A609A6863
:102BF00042F000429A60FFF73BFC236805469B6861
:102C0000002B14DAFFF734FC431B0A2B2368F6D998
:102C10009A68002AF3DA236C002223F0120343F0AF
:102C20001003012684F83C2023643046F8BD236C51
:102C300023F0030343F001032364002384F83C30B2
:102C40003046F8BD02263046F8BD00BFF0B590F81A
:102C50003C20CC6897B00346012A4FF00000019059
:102C600000F0F5801A68012083F83C0095686F0732
:102C70003AD44868042800F2888000EB4000166BC4
:102C80000D6840004FF01F0C0CFA00FC26EA0C0CFB
:102C900005FA00F04CEA00001063906810F00C0F89
:102CA00034D1092D00F2888050698E6805EB450EFD
:102CB0004FF0070C0CFA0EFC06FA0EF620EA0C0098
:102CC00030435061D0680E694F69C0F3C1004000C5
:102CD000013E07FA00F0032E00F26081DFE816F0F3
:102CE0000D000B010101F7001A6C42F020021A647A
:102CF000002283F83C2017B0F0BD176E9F4E3E4077
:102D000046EA8566304340F000401066906800F067
:102D10000300012800F09680012C00F09B80D2F87F
:102D2000B0100120A84021EA0001C2F8B010B2F1B1
:102D3000A04F63D092498A4260D0102D914960D053
:102D4000112D40F09C808868C0015DD4B2F1A04F85
:102D50008B485DD0824200F0E8808B48824255D09B
:102D60008A4CA24254D0906800F00300012800F081
:102D7000FD80102D48D0112D46D0122D44D18A68E7
:102D800042F4800200208A60B2E7092825D90E2883
:102D900000EB40004FEA400000F28B80966B0D681C
:102DA0003C384FF01F0C0CFA00FC26EA0C0605FA22
:102DB00000F03043906370E78F68906905EB45063B
:102DC0001E3E4FF0070E07FA06FC0EFA06F620EA42
:102DD000060040EA0C00906174E700EB4000400000
:102DE000566B0D681E384FF01F0C0CFA00FC26EADB
:102DF0000C0605FA00F0304350634EE7102D64498D
:102E00009ED188680402A1D5002071E700F580708A
:102E10000290906800F00300012876D0029CA06820
:102E200000F00300012877D0102D00F08280112DD2
:102E3000A3D1B2F1A04FE7D18A6842F0807200209E
:102E40008A6055E71068C6077FF566AFDCE70220A9
:102E500017B0F0BDD2F8B000AC400443092DC2F861
:102E6000B04012D905EB45048E6890691B3C0721E0
:102E7000A140A64020EA01013143916157E7122D9C
:102E8000C2D188684702BFD460E76C1C8E68506965
:102E900004EB44040721A140A64020EA010131438C
:102EA000B2F1A04F5161AFD035498A427FF445AFAE
:102EB000AAE7D66B0D685A384FF01F0C0CFA00FCCD
:102EC00026EA0C0605FA00F03043D063E5E6D76E3B
:102ED0002A4E3E4046EA8566304340F00040D066C8
:102EE00014E7976E254E3E4046EA8566304340F033
:102EF000004090660AE7576E204E3E4046EA8566DF
:102F0000304340F00040506600E71068C60706D422
:102F1000029C002C83D187E72068C40784D51A6CF3
:102F200042F0200201201A64E2E64FF0A040029035
:102F30006FE7B2F1A04F7FF467AF164A164C1268E4
:102F40008868A4FB0242920C02EB8202520040F419
:102F5000000088600192019A002A3FF455AF019A5F
:102F6000013A0192019A002AF9D14DE71068C00791
:102F7000D5D4102D7FF45BAF46E700BF00F0FF8390
:102F800000010050000700500004005000050050F0
:102F9000000300500000002083DE1B43106E00F091
:102FA000F840B0EB856F4FEA856614D0506E00F0A4
:102FB000F840864214D0906E00F0F840864214D05B
:102FC000D06E00F0F84086427FF4A0AED06E20F0C4
:102FD0000040D0669AE6106E20F000401066E5E7EB
:102FE000506E20F000405066E5E7906E20F0004003
:102FF0009066E5E7704700BF00287BD038B590F8B1
:1030000020300446002B72D02268136843F001037D
:103010001360FFF72DFA054604E0FFF729FA431B7A
:103020000A2B5BD823685A68D107F6D51A6822F0B4
:1030300002021A60FFF71CFA054604E0FFF718FACF
:10304000401B0A284AD823685A689207F6D4227E81
:10305000012A1A680CBF42F0800222F080021A6036
:10306000627E012A1A680CBF42F0400222F0400240
:103070001A60A27E012A1A680CBF42F0200222F0D8
:1030800020021A60E27E012A1A680CBF22F01002A8
:1030900042F010021A60227F012A1A680CBF42F027
:1030A000080222F008021A60627F012A1A680CBF27
:1030B00042F0040222F004021A60D4E902202169DD
:1030C00002430A4360696168024301390A430020F0
:1030D0000121DA61606284F8201038BD636A05223C
:1030E00043F40033636284F82020012038BDFFF7E9
:1030F00081FF89E70120704790F82020013A012ADA
:10310000034605D9426A42F4802201205A62704780
:103110000368486970B4D3F8004244F00104C3F86E
:103120000042D3F81C42012500F01F0205FA02F20A
:10313000CD6924EA0204C3F81C42D443002D3DD1DA
:10314000D3F80C52CE682540C3F80C528D8803EB9F
:10315000C00045EA0645C0F840528E680D8845EA31
:103160000645C0F84452886910BBD3F804022040D9
:10317000C3F804020869A8B9D3F814020440C3F8DC
:103180001442096A012904D1D3F81C120A43C3F876
:103190001C22D3F8002222F00102002070BCC3F8E8
:1031A00000227047D3F814021043C3F81402E8E772
:1031B000D3F804021043C3F80402DBE7012DD2D197
:1031C000D3F80C520E681543C3F80C528D8803EBEC
:1031D000C00045EA0645C0F840528E688D8945EA30
:1031E0000645C0F84452BEE770B590F82030012B78
:1031F000044606D0436A012643F400234362304666
:1032000070BD0268DEB2022380F82030136823F01C
:1032100001031360FFF72CF9054604E0FFF728F9D6
:10322000431B0A2B08D823685B6813F00103F5D110
:103230001E466362304670BD636A052243F4003364
:10324000636284F82020304670BD00BF30B48446ED
:1032500090F82000DCF8005001380128AC683BD819
:1032600014F0E05F08D1DCF8243043F400130120AF
:1032700030BCCCF824307047C4F301640120A04076
:1032800018608B688BB3C8680343486843EAC0037F
:1032900004F1180000012B5005EB041C0B69CCF85D
:1032A0008431097D01294FEA041305D1DCF884112A
:1032B00041F48071CCF884112B445168C3F88C110F
:1032C0001268C3F88821DCF8803143F00103002044
:1032D00030BCCCF880317047DCF8243043F48023D4
:1032E000012030BCCCF824307047CB68086843EA32
:1032F000405004F118031B01E850CDE790F820205E
:10330000013A012A034605D9426A42F4802201208B
:103310005A627047C80704D51868826842F0800274
:1033200082608A0704D51868826842F4004282608D
:1033300011F0040106D01A68936843F400030020DA
:10334000936070470846704790F82030013B012B8E
:1033500001D900207047036898689A689B68120139
:10336000C0F3806048BF0130DB00F3D50130704707
:1033700070B590F820E00EF1FF3EBEF1010F8446DB
:1033800073D8006851B9C468A4070AD1DCF82430A6
:1033900043F400130120CCF8243070BD0469A60763
:1033A000F4D000EB011E0C01DEF8B05105F004056D
:1033B0009560002D60D0DEF8B051ED085560DEF864
:1033C000B05105F00205D560DEF8B4512D0758BFA5
:1033D000DEF8B451DEF8B46154BF05F00F050825DE
:1033E00015612044DEF8B451C6F3072696612D0C12
:1033F000D0F8B86155611E70DCF800202244D2F884
:10340000B821120A5A70DCF800202244D2F8B82100
:10341000120C9A70DCF800202244D2F8B821120E67
:10342000DA70DCF800202244D2F8BC211A71DCF8F2
:1034300000202244D2F8BC21120A5A71DCF8002084
:103440002244D2F8BC21120C9A71DCF800202244EC
:10345000D2F8BC21120EDA71DCF8002089B9D368E9
:1034600043F020030846D36070BD436A43F48023D1
:103470000120CCF8243070BDDEF8B0516D0D156020
:103480009DE7136943F020030020136170BD00BF66
:1034900090F82020013A012A034605D9426A42F4F5
:1034A000802201205A627047026853691943002044
:1034B00051617047704700BF704700BF704700BF41
:1034C000704700BF704700BF704700BF704700BF24
:1034D000704700BF704700BF704700BF704700BF14
:1034E0002DE9F84F03685C69D3F804809F68D3F82E
:1034F0000CB0D3F810A0D3F8189014F001060546CC
:1035000020D017F001060DD001229A60BB0700F110
:10351000C4807E0700F1E38017F0080600F0E88021
:103520004FF48056F8050BD52B684FF48072B9051F
:103530009A6000F1AE807A0540F1CC8046F40056E6
:10354000F80365D4270702D51BF0100F6BD1600775
:1035500003D51BF0080F40F08D80A10704D52B6820
:10356000DB689A0740F08280630602D51AF0100FDC
:1035700048D1A70602D51AF0080F62D1E00603D59C
:103580002B681B6999077CD1A20302D518F0100F94
:103590005ED1E30302D518F0080F60D1270405D5EA
:1035A00018F0040F06D12B6804225A60002E40D177
:1035B000BDE8F88FE00504D519F0010F18BF46F0FB
:1035C0000106A10504D519F0020F18BF46F0020646
:1035D000620504D519F0040F18BF46F00406230550
:1035E000E1D519F07009DED0B9F1400F00F08B8001
:1035F00057D8B9F1200F78D0B9F1300F5FD146F02C
:10360000200656E02B68102246F480661A61B0E767
:103610002B684FF48032B9039A6036D47A0354D5BC
:1036200046F400468EE72B68102246F40076DA60F6
:103630008DE76B6A1E4328466E62FAF7A9F8BDE86B
:10364000F88F2B6808221A612846FFF743FF95E799
:103650002B6810225A602846FFF73EFF99E72B6837
:1036600008225A602846FFF739FF97E72846F7F700
:103670007FFC79E72B680822DA602846FFF726FFEF
:103680006BE72846FFF724FF7EE72846FFF716FF83
:1036900058E72846FFF710FF52E7FFF70BFF002619
:1036A00040E7B9F1500F1DD0B9F1600F08BF46F4E3
:1036B00080762B689A6922F070029A6174E7B9F1FA
:1036C000100FF6D146F00806F3E73B0317D546F492
:1036D000803637E73B050ED546F4804630E74FF499
:1036E00000661FE746F08006E3E746F01006E0E7D5
:1036F000FFF7E6FE16E72846FFF7E4FE20E7284638
:10370000FFF7E2FE1EE746F04006D2E70749CA6827
:1037100003024FF6FF0003F4E0630240134343F05B
:10372000BF6343F40033CB60704700BF00ED00E09F
:103730001C4BDB68C3F3022300B5C3F1070EBEF1D7
:10374000040F03F1040C28BF4FF0040EBCF1060F68
:103750001BD9033B4FF0FF3C0CFA03FC22EA0C029E
:103760004FF0FF3C0CFA0EFC21EA0C0199400028B6
:1037700041EA02010CDB00F16040090100F5614003
:10378000C9B280F800135DF804FB00221346E7E796
:10379000054B00F00F0009010344C9B219765DF82A
:1037A00004FB00BF00ED00E0FCEC00E0002808DBBB
:1037B000044A4109012300F01F0003FA00F042F817
:1037C0002100704700E100E00138B0F1807F10D2A5
:1037D00010B44FF0E023084C58614FF0F00C84F81F
:1037E00023C00022072110469A615DF8044B19613D
:1037F00070470120704700BF00ED00E000283BD07B
:10380000D0E9013210B4C46801681343026923434C
:103810001343D0E90542234313434FF0020CC2691E
:1038200080F821C013430A68144C22F47F5222F01E
:1038300030021343A1420B6012D9114B114A0B44C1
:10384000A2FB03231B09104A9B00C0E90F234FF47E
:1038500080720023028483635DF8044B184670472E
:103860000A4B084A0B44A2FB03231B09084A03FA2C
:103870000CF3C0E90F23EAE7012070470704024078
:10388000F8FBFDBFCDCCCCCC00040240F8FFFDBF5F
:103890000000024070B490F82040012C39D090F81C
:1038A00021C00124A44580F8204005D0002380F8E1
:1038B000203070BC02207047022580F82150046837
:1038C000C66B00258563256825F001052560056C1C
:1038D0000CFA05F5756063604368102BC36A0BBF73
:1038E000A260A160E160E26053B1236843F00E037F
:1038F0002360236843F001030020236070BC7047FD
:10390000236843F00A032360236823F00403236041
:10391000EFE7022070BC704770B4C66B026C316870
:103920000468042393400B4225680ED015F0040F61
:103930000BD02268920603D4226822F0040222608F
:10394000C26A7360CAB170BC1047022393400B4235
:1039500015D015F0020F12D02268920606D4226804
:1039600022F00A022260012280F82120826A73601C
:10397000002180F82010002AE5D170BC7047082390
:1039800093400B42F9D02B07F7D52368016B23F046
:103990000E032360012303FA02F24FF48074726075
:1039A000048483630029E8D070BC08472DE9F04FF8
:1039B0000C6885B0002C7ED04FF0000CDFF8BCA165
:1039C00063464FF0010B89460BFA03F515EA04082C
:1039D0006BD0D9F8047007F00302511E01296DD98C
:1039E000032A40F0AC8002FA0CF2D143056829406A
:1039F0000A4317F4403F026057D0DAF8182042F02B
:103A00000102CAF81820DAF8182002F00102039225
:103A1000039A23F0030202F1804202F5803203F0A0
:103A20000301956889000F2606FA01FEB0F1904F58
:103A300025EA0E0515D04C4EB04200F08B804B4E5F
:103A4000B04200F08B804A4EB0427DD0494EB04229
:103A50000BBF4FF0040E05260EFA01F106FA01F134
:103A60000D439560444A444992686FEA0805FE0296
:103A700054BF2A4048EA02028A60CA68B9023E4935
:103A800054BF2A4048EA0202CA6049683A4ABE0363
:103A900054BF294048EA010151601268F9033649D0
:103AA00054BF2A4048EA02020A60013334FA03F2A2
:103AB0000CF1020C88D105B0BDE8F08F8168D9F80F
:103AC0000C604FF0030E0EFA0CFE21EA0E0106FA0E
:103AD0000CF6314381606FEA0E01D0F804E02EEA63
:103AE000050EC7F300159D4045EA0E054560C56803
:103AF00005EA010ED9F8085005FA0CF545EA0E055D
:103B0000022AC56002FA0CF27FF470AFDD0800EB08
:103B1000850501952E6AD9F81050009603F0070E1E
:103B20004FEA8E0E0F2605FA0EF506FA0EFE009EDF
:103B300026EA0E0E019E45EA0E05356256E7032180
:103B400001FA0CF1C943D2E74FF0030E0EFA01F16E
:103B50000D4386E70BFA01F10D4382E74FF0020EA9
:103B60000EFA01F10D437CE700040048000800480C
:103B7000000C004800100048000401400010024002
:103B80000369194214BF0120002070470AB1816106
:103B900070478162704700BF436901EA030221EA6E
:103BA000030141EA02418161704700BF044A516943
:103BB000014200D1704708B55061F9F707FE08BD12
:103BC00000040140F8B503689D6915F0100506462C
:103BD00040D0174610220C46DA619A69950604D443
:103BE000621C4DD19A699706FCD52022DA61002526
:103BF0009A69D40545F004054FF001002ED4510513
:103C000039D54FF48061D96145F00805970504D591
:103C10004FF4007245F00205DA619A69910744BFDA
:103C200000229A629A69D20703D49A6942F001028B
:103C30009A615A6826490A405A60736C00221D43F3
:103C40002023756486F8402086F8413086F84220AB
:103C50000120F8BD9A69D4052846D0D54FF480716B
:103C60005005D96145F00105D0D54FF48061D96187
:103C700045F00805CAE79405CAD40028CDD1F8BD9F
:103C8000FEF7F6FBC01BA042336801D8002CA4D17C
:103C9000586896F8422099690D04D2B20BD54104B8
:103CA00009D4202A07D05A6842F480425A60FEF7AD
:103CB000DFFB3368074699698A068ED4FEF7D8FB86
:103CC000C31B192B3368F6D99A69202590E700BFEA
:103CD00000E800FE70B5036804460D46164605E090
:103CE000FFF770FF50B96A1C0AD123689B699B07D4
:103CF000324629462046F3D5002070BD012070BD14
:103D0000FEF7B6FB801BA842236801D8002DEDD139
:103D10009A6912F00202E9D1636C84F840202021F4
:103D20000B43636484F8411084F84220012070BD85
:103D30002DE9F041DDF818801D46044603680F4662
:103D4000164605E0FFF73EFF80B96B1C11D12368D2
:103D50009B6937EA03030CBF01230023B3424246A9
:103D600029462046EED00020BDE8F0810120BDE8C4
:103D7000F081FEF77DFBA0EB0800A842236801D884
:103D8000002DE5D19A6937EA02020CBF0122002218
:103D9000B242DDD1636C002243F020032021636432
:103DA00084F8402084F84110012084F84220DBE7A9
:103DB00003689B699B0629D470B505460C461646D8
:103DC0000DE0FEF755FB801BA042296800D81CB906
:103DD0008B6913F020030DD08B699B0608D4324603
:103DE00021462846FFF7EEFE0028EAD0012070BDEC
:103DF000002070BD6A6C85F8403020210A436A6457
:103E000085F8411085F84230012070BD00207047D0
:103E1000704700BF002854D010B590F841300446D8
:103E200003F0FF02002B47D02368242284F84120AE
:103E30001968626821F0010122F0706219601A614C
:103E40009A68E16822F4004201299A60A26809D0C8
:103E500042F4044202299A6007D15A6842F400628F
:103E60005A6006E042F400429A605A6822F4006206
:103E70005A605968226941F0007141F4004159606B
:103E80006169D8680A43A16920F4004042EA01222E
:103E9000E169D860206ADA6001431960196841F06D
:103EA0000101196000222023626484F841302263FA
:103EB00084F84220104610BD80F84020FFF7A8FF8C
:103EC000B2E70120704700BF704700BFB0B1026881
:103ED000242310B580F84130136823F00103044611
:103EE0001360FFF7F1FF0023636484F8403084F827
:103EF0004130236384F84230184610BD01207047DA
:103F00002DE9F047994690F8413082B0202B0A9E67
:103F100040F0958090F84030012B044600F08F80EF
:103F20004FF0010A80F840A088461746FEF7A0FA35
:103F300052460546009019234FF400412046FFF7F2
:103F4000F7FE002877D1212384F84130102384F82C
:103F500042306064A4F82A90638D67629BB2FF2BA5
:103F6000606370D8638D9BB22385002B40F09B80EB
:103F70002168514A4B681A40C8F30903134343F0C0
:103F8000007343F400534B60C8F30907638D9BB281
:103F9000002B3CD0DFF82881DFF8289103E0638D07
:103FA0009BB2002B33D02A4631462046FFF792FEC3
:103FB000002840D1616A236811F8012B9A62638D51
:103FC000228D6162013B9BB26385638D013A92B29F
:103FD0009BB22285002BE2D0002AE0D10095334627
:103FE00080212046FFF7A4FE28BB638D9BB2FF2BE8
:103FF0004AD92268FF232385536803EA08033B4319
:1040000043EA09035360638D9BB2002BCBD12A4650
:1040100031462046FFF7CCFE68B92368274D2021A2
:10402000D9615A682A405A6084F8411084F84000E7
:1040300084F8420000E0012002B0BDE8F0870220D1
:1040400002B0BDE8F087FF2323854FF47F0EFE21E9
:104050004FF0807C206817F8013B8362628D6762B5
:10406000013A92B262854368134A21851A40C8F327
:10407000090343EA0E03134343EA0C0343F40053DA
:104080004360C8F3090781E7638D21689BB24A68E2
:104090002385DBB247EA034302EA0802134343F0F5
:1040A00000734B607BE7013B99B24B1CDBB24FEADC
:1040B000034E4FF0007CCDE7009800FC00E800FEC6
:1040C000009C00FC0000FF012DE9F04F994690F89C
:1040D000413083B0202BBDF834A00E9F26D10C9B1D
:1040E0000446E3B1BAF1000F19D090F84030012B2B
:1040F0001CD04FF0010B80F840B00D469046FEF703
:10410000B7F95A460646009019234FF4004120465D
:10411000FFF70EFE70B1012003B0BDE8F08F4FF441
:1041200000736364012003B0BDE8F08F022003B088
:10413000BDE8F08F0C9B6362212384F84130226834
:104140005D496063402384F842306064A4F82AA08B
:1041500053680B405FFA89F143EA0143C5F309054F
:104160002B4343F0807343F4005353603946324687
:104170002046FFF7AFFD002868D1B9F1010F5AD1F1
:1041800023685FFA88F29A62802100963B460022FB
:104190002046FFF7CDFD002858D1638D9BB2FF2B41
:1041A00058D8638D216845484A689BB22385DBB2A5
:1041B00045EA03430240134343F000734B60DFF8CA
:1041C000FC80DFF8009103E0638D9BB2002B5DD093
:1041D000324639462046FFF77DFD00289BD1636AB1
:1041E000226813F8011B91626362638D228D013B8B
:1041F0009BB26385638D013A92B29BB22285002BFC
:10420000E2D0002AE0D100963B4680212046FFF70D
:104210008FFD00287FF47FAF638D9BB2FF2B26D9E3
:104220002268FF232385536803EA08032B4343EAEC
:1042300009035360C8E723684FEA18229A62394697
:1042400032462046FFF746FD002899D0002384F827
:10425000403060E722681949FF23238553680B40EB
:104260002B4343F0FF7343F480335360A7E7638D20
:1042700021689BB24A682385DBB245EA034302EA20
:104280000802134343F000734B609DE73246394602
:104290002046FFF78DFD00287FF43DAF2368084DD1
:1042A0002021D9615A682A405A6084F8411084F864
:1042B000400084F8420036E7009800FC009C00FCB7
:1042C00000E800FE0000FF012DE9F04F994690F84C
:1042D000413083B0202BBDF834A00E9F26D10C9B1B
:1042E0000446E3B1BAF1000F19D090F84030012B29
:1042F0001CD04FF0010B80F840B00D469046FEF701
:10430000B7F85A460646009019234FF4004120465C
:10431000FFF70EFD70B1012003B0BDE8F08F4FF440
:1043200000736364012003B0BDE8F08F022003B086
:10433000BDE8F08F0C9B6362222384F84130226831
:104340005F496063402384F842306064A4F82AA087
:1043500053680B405FFA89F143EA0143C5F309054D
:104360002B4343F400535360394632462046FFF74F
:10437000B1FC00286DD1B9F1010F5FD123685FFA5C
:1043800088F29A62402100963B4600222046FFF7C1
:10439000CFFC00285DD1638D9BB2FF2B5DD8638D70
:1043A000216847484A689BB22385DBB245EA03434C
:1043B0000240134343F0007343F410534B60DFF8A3
:1043C0000881DFF8089103E0638D9BB2002B60D079
:1043D0003B460096002204212046FFF7A9FC002856
:1043E00099D123685A6A636A1A70636A228D01330D
:1043F0006362638D013B9BB26385638D013A92B228
:104400009BB22285002BDFD0002ADDD100963B46EF
:1044100080212046FFF78CFC00287FF47CAF638D61
:104420009BB2FF2B26D9226801232385536803EA18
:1044300008032B4343EA09035360C5E723684FEAA7
:1044400018229A62394632462046FFF743FC00287C
:1044500094D0002384F840305DE722681849012396
:10446000238553680B402B4343F0807343F492330E
:104470005360A4E7638D21689BB24A682385DBB251
:1044800045EA034302EA0802134343F000734B601A
:104490009AE7324639462046FFF78AFC00287FF427
:1044A0003AAF2368074D2021D9615A682A405A60E3
:1044B00084F8411084F8400084F8420033E700BFDC
:1044C000009800FC00E800FE009C00FC00000101D8
:1044D0002DE9F04F85B004460020039094F8410088
:1044E000202860D19A46236817469A6912F4004240
:1044F00059D194F84000012855D0C1F30901012099
:1045000041F00078464684F84000242084F84100B9
:1045100048F42058626446F400564FF01009E268EF
:10452000012A14BF424632465A60FDF7A1FF0546F4
:1045300020688269836902F0200203F010031343AC
:1045400013D1BAF1FF3F08D0FDF792FF401B504551
:104550003CD8BAF1000F39D020688369816903F033
:10456000200301F010010B43EBD0826912F0100B15
:104570001DD1009553465A4620212046FFF7D8FB0F
:10458000002831D0636C042B04D123682022DA6127
:10459000C4F844B0039B01330393039B039BBB42CA
:1045A00014D22368BBE7022005B0BDE8F08FC0F845
:1045B0001C9053460095002220212046FFF7B8FBAF
:1045C0000028E7D123682022DA61E3E7202384F87A
:1045D0004130636C002243F020030120636484F8BF
:1045E000402005B0BDE8F08F22682023D36184F815
:1045F000413084F84000D7E740B338B5D0E9003106
:10460000826804464CF6CC40186045F2555018605C
:1046100059609A60FDF72CFF23680546DA68510758
:104620000AD0FDF725FF431B272B2368F6D9DA684C
:104630005207F3D0032038BDE268196991420ABFDE
:104640004AF6AA221A611A60002038BD012070477C
:1046500003684AF6AA2200201A607047024A1368CB
:1046600043F480731360704700700040002800F02E
:1046700081822DE9F047036813F0010582B00446FA
:104680002AD0B0494A6802F00C02042A00F04481A2
:104690004A6802F00C02082A00F03A816368B3F518
:1046A000803F00F05581002B00F09081B3F5A02FE2
:1046B00000F04B82A34B1A6822F480321A601A6809
:1046C00022F480221A609F4AA168D36A23F00F0364
:1046D0000B43D36247E123689F075AD5994A516833
:1046E00011F00C0F35D0516801F00C0108292DD0C4
:1046F0002369002B00F0C081012393FAA3F3002B60
:1047000000F0B082B3FA83F303F1845303F584130A
:104710009B0001221A60FDF7ABFE0225894F95FA36
:10472000A5F50646B5FA85F80AE003FA08F31A4239
:1047300040F02682FDF79CFE801B022800F240819B
:104740003A680123002DF0D10123F0E75268D60327
:10475000CED47C490222086892FAA2F2002A00F024
:104760000B82B2FA82F2012101FA02F2104203D066
:104770002269012A40F0E280724D62692868F821BE
:1047800091FAA1F1B1FA81F120F0F8008A400243D8
:104790002A601D0721D458074ED56A4BDA69D1002B
:1047A00040F1AA804FF0000A674D2B68DA0540F10E
:1047B000F780E368012B00F08781002B00F0308147
:1047C000052B604B1A6A00F0CD8122F001021A62BB
:1047D0001A6A22F004021A627BE1A369002B65D0F9
:1047E000012393FAA3F3002B00F0FF81574AB3FA99
:1047F00083F31A44920001231360FDF739FE02256A
:10480000504F95FAA5F50646B5FA85F80AE003FA81
:1048100008F31A4240F0D880FDF72AFE801B0228D8
:1048200000F2CE807A6A0123002DF0D10123F0E757
:10483000BAF1000F40F08381E06998B3414A5368B0
:1048400003F00C03082B00F0698102284FF08073FD
:1048500093FAA3F300F0A381002B00F00582B3FAD2
:1048600083F303F1845303F584139B0000221A6041
:10487000FDF7FEFD4FF00074324E94FAA4F40546A5
:10488000B4FA84F708E0BB401A420BD0FDF7F0FD04
:10489000401B022800F2948032680123002CF2D1E0
:1048A0000123F1E7002002B0BDE8F087012393FA6D
:1048B000A3F3002B00F09B81244AB3FA83F31A443C
:1048C000920000231360FDF7D3FD02251D4F95FADA
:1048D000A5F50646B5FA85F808E003FA08F31A428A
:1048E00072D0FDF7C5FD801B022869D87A6A0123C2
:1048F000002DF2D10123F2E7DA6942F08052DA6149
:10490000DB6903F080530193019B4FF0010A4BE7F1
:104910004A68D2037FF5C2AE0A494FF400320968F3
:1049200092FAA2F21AB1B2FA82F201259540294216
:104930003FF4D2AE6268002A7FF4CEAE012002B00E
:10494000BDE8F08700100240007000402081901008
:10495000A84A136843F480331360D36AA16823F034
:104960000F030B43D362FDF783FD4FF40036DFF8EE
:10497000848296FAA6F60746B6FA86F909E003FAA3
:1049800009F31A427FF4A7AEFDF772FDC01B64283D
:1049900016D8D8F800200123002EF0D12B46F0E7DE
:1049A0002B6843F480732B60FDF762FD06462B688D
:1049B000DB053FF5FEAEFDF75BFD801B6428F6D9F5
:1049C000032002B0BDE8F0872368E4E6894E33682F
:1049D00023F480333360336823F480233360F36A35
:1049E000A26823F00F031343F362FDF741FD4FF478
:1049F0000037804697FAA7F7B7FA87F90AE003FA73
:104A000009F31A423FF467AEFDF732FDA0EB080050
:104A10006428D5D832680123002FF0D12B46F0E767
:104A2000744D2B6A23F001032B622B6A23F00403DD
:104A30002B62FDF71DFD4FF00208064698FAA8F715
:104A4000B7FA87F90EE02A6A01239FB103FA09F346
:104A50001A423FF4EDAEFDF70BFD41F28833801BA7
:104A60009842ADD898FAA8F3002BECD16A6A0123DA
:104A7000002FEBD10123EBE7012393FAA3F3002BE3
:104A800000F0EE80B3FA83F303F1845303F584134B
:104A90009B0000221A60FDF7EBFC0225554F95FAAA
:104AA000A5F50646B5FA85F808E003FA08F31A42B8
:104AB00064D0FDF7DDFC801B022881D83A68012311
:104AC000002DF2D10123F2E74A4A136A43F00103B1
:104AD0001362FDF7CDFC4FF00208464D98FAA8F797
:104AE0000646B7FA87F90FE02A6A0123A7B103FA4D
:104AF00009F31A427FF49CAEFDF7BAFC41F2883309
:104B0000801B98423FF65CAF98FAA8F3002BEBD1DC
:104B10006A6A0123002FEAD10123EAE701283FF462
:104B2000C2AE5368226A03F4803191427FF406AF2B
:104B3000606A03F47013181A18BF0120B3E62D4AF7
:104B4000D36923F08053D36176E603F18043A3F564
:104B50003C331A6842F480221A601A6842F48032A8
:104B60001A60B0E542F004021A621A6A42F00102C9
:104B70001A62AEE7012070470122F7E5236808E6D4
:104B80001C4863690168F82292FAA2F2B2FA82F232
:104B900021F0F80193400B4303602368F9E5002BF3
:104BA00064D0B3FA83F303F1845303F584139B00B9
:104BB00000221A60FDF75CFC4FF000750D4F95FA6E
:104BC000A5F50646B5FA85F809E003FA08F31A4296
:104BD00014D0FDF74DFC801B02283FF6F1AE3A6879
:104BE0000123002DF1D10123F1E7034A03E6024A34
:104BF00067E600BF00100240000542421D49626A9C
:104C00004B68206A23F4741302431A434A604FF03E
:104C1000807393FAA3F35BB3B3FA83F303F1845382
:104C200003F584139B0001221A60FDF721FC4FF06D
:104C30000074104E94FAA4F40546B4FA84F709E01F
:104C4000BB401A427FF42EAEFDF712FC401B022837
:104C50003FF6B6AE32680123002CF1D10123F0E714
:104C6000054B16E7044B54E5034BFFE5024B9FE76A
:104C7000014BD8E700100240800042420E4A5368C0
:104C800003F00C01082901D00C487047C3F383409E
:104C900010B4D26A0A4C0B49205C5DF8044BDB036C
:104CA0004CBF064B084B02F00F028A5C48BFB3FBB7
:104CB000F2F303FB00F070470010024000127A008C
:104CC000509401086094010800093D00002800F09C
:104CD0009180524A136803F007038B422DE9F0419B
:104CE0000D4604460CD2136823F007030B431360F0
:104CF000136803F007038B4202D00120BDE8F08166
:104D00002368990706D54649A0684A6822F0F00250
:104D100002434A6013F0010328D062684049012A27
:104D20006AD0022A08685ED0022191FAA1F119B175
:104D3000B1FA81F101238B401842DED0384E7368FE
:104D400023F0030313437360FDF792FB41F28838AD
:104D5000074604E0FDF78CFBC01B404559D873683B
:104D6000626803F00C03B3EB820FF3D12B4A136894
:104D700003F00703AB4209D9136823F007032B4361
:104D80001360136803F00703AB42B6D123685A07D8
:104D900006D52349E0684A6822F4E06202434A608B
:104DA0001B0707D51E4A2169536823F4605343EA61
:104DB000C1035360FFF762FF194B1A495B68F02289
:104DC00003F0F00392FAA2F2B2FA82F2D340164A4A
:104DD000D35C164A20FA03F308681360FDF706FB5C
:104DE0000020BDE8F0814FF0007191FAA1F1002997
:104DF0009ED1A1E7012070474FF40033096893FA70
:104E0000A3F343B1B3FA83F302FA03F3194295D142
:104E100073E7032072E71346F8E700BF0020024063
:104E200000100240140000207C71010800000020E6
:104E30002DE9F04F03680446D80383B047D5894B6A
:104E4000DA69D10040F1C180874D2B68DA054FF057
:104E5000000640F1CA80834A136A13F4407329D0D4
:104E6000616801F44070984225D0176A4FF480338E
:104E700027F4407193FAA3F3002B00F0F0807B4AF3
:104E8000B3FA83F31A449200012313604FF4803382
:104E900093FAA3F3002B00F0E080744AB3FA83F393
:104EA0001A4492006F4D002317F001071360296226
:104EB00040F0AF8061686B4A136A23F440730B4380
:104EC00013621EB1D36923F08053D3612368DF07D7
:104ED00006D56449A0680A6B22F0030202430A6304
:104EE0009E0706D55F49E0680A6B22F44032024310
:104EF0000A635D0706D55B4920690A6B22F44022EC
:104F000002430A63980606D55649E0690A6B22F007
:104F1000100202430A63990306D55249A06B4A68FE
:104F200022F4800202434A605A0606D54D49206A9F
:104F30000A6B22F0200202430A631F0706D5494983
:104F400060690A6B22F4401202430A63DE0606D54A
:104F50004449A0690A6B22F4400202430A639D059A
:104F600006D54049E06A4A6822F4000202434A60DA
:104F7000180606D53B49606ACA6A22F4F8720243F1
:104F8000CA62D90506D53749A06ACA6A22F478529E
:104F90000243CA62DA0406D53249206B0A6B22F456
:104FA000807202430A6313F4005303D1184603B01E
:104FB000BDE8F08F2B4A616B136B23F40073002064
:104FC0000B43136303B0BDE8F08FDA69264D42F05E
:104FD0008052DA61DB6903F080530193019B2B68F7
:104FE000DA054FF001063FF536AF2B6843F48073C6
:104FF0002B60FDF73DFA07462B68DB053FF52BAF2D
:10500000FDF736FAC01B6428F6D9032003B0BDE8CB
:10501000F08FFDF72DFA4FF0020A80469AFAAAF9AE
:10502000B9FA89FB11E02A6A0123B9F1000F12D005
:1050300003FA0BF31A427FF43DAFFDF719FA41F280
:105040008833A0EB08009842DFD89AFAAAF3002B25
:10505000E9D16A6AE8E73B46ECE7054A22E7044AF9
:1050600012E700BF00100240007000400081901065
:10507000800442422DE9F04782B01D460A9C0F464B
:1050800016468046FDF7F4F92C44A4EB0009FDF721
:10509000EFF92B4B1B68C3F3CB3309FB03F38246B9
:1050A0000193D8F8003001E06A1C0DD19C6837EA02
:1050B00004020CBF4FF0010C4FF0000CB445F3D1CB
:1050C000002002B0BDE8F087FDF7D2F9A0EB0A009E
:1050D000484509D2019B002B019B03F1FF3308BF18
:1050E0004FF000090193DCE7D8E900315A68B1F5C7
:1050F000827F22F0E0025A6015D0D8F82820B2F55D
:10510000005F07D00122002388F85D2088F85C301A
:105110000320D6E71A6822F400521A601A6842F493
:1051200000521A60EEE7D8F80820B2F5004F02D01E
:10513000B2F5806FE1D11A6822F040021A60DCE714
:10514000000000202DE9F04F83B01F4600238DF8AA
:1051500003300C9C80460D461646FDF789F93C4409
:10516000A4EB0009FDF784F9344BD8F800B01B68B4
:1051700003EB8303C3EBC3031B0D09FB03F3019391
:1051800082465B4601E07A1C12D19C6804EA050C59
:10519000B44523D0B5F5C06FF5D1002EF3D19BF8FF
:1051A0000C20D2B28DF803209DF803207A1CECD09D
:1051B000FDF75EF9A0EB0A00484513D2019B002BD6
:1051C000019B03F1FF330193D8F800309C6804EA97
:1051D000050C08BF4FF00009B445DBD1002003B037
:1051E000BDE8F08FD8E900315A68B1F5827F22F02E
:1051F000E0025A6015D0D8F82820B2F5005F07D039
:105200000122002388F85D2088F85C300320E6E75F
:105210001A6822F400521A601A6842F400521A60A6
:10522000EEE7D8F80820B2F5004F02D0B2F5806F53
:10523000E1D11A6822F040021A60DCE70000002089
:1052400030B585B00B460092039115464FF4C0511E
:1052500000220446FFF776FF039B80B902460095C3
:10526000802120460393FFF705FF039B024630B9D8
:1052700000954FF4C0612046FFF764FF20B1236E14
:1052800043F020030320236605B030BD704700BF04
:10529000002800F0A5802DE9F843456A0446002D5A
:1052A0005CD00023C0E9043394F85D3003F0FF02C2
:1052B000002B5ED02268E068022384F85D3013681A
:1052C000B0F5E06F23F04003136059D9B0F5706F6B
:1052D00040F08880A66A4FF0000C06F4005E636818
:1052E000A16803F4827301F404410B43216901F0C6
:1052F00002010B43616901F001010B43D4E9061778
:1053000007F0380801F40079276A43EA090307F037
:10531000800743EA08033B4343EA0E03B6F5005F08
:10532000136035D0636B00F47060090C03F0080360
:1053300005F0100601F0040143EA00050D43354372
:1053400045EA0C055560D369002023F40063012170
:10535000D361206684F85D10BDE8F8834368B3F537
:10536000827FA1D0C56194F85D3003F0FF02002B6D
:10537000A0D184F85C202046FFF788FF656A99E792
:1053800028D04FF4805C0023A3629E461E46A6E709
:10539000236B4BB9B0F5E06F27D902232363136861
:1053A00043F40063136001E0022BF8D0636B00F458
:1053B000706003F00803090C05F0100601F0040109
:1053C00043EA00050D433543A38D45EA0C055560BE
:1053D0001361B8E7A66A4FF4805C06F4005E7EE7CE
:1053E000012070474FF0000CCDE701232363DDE778
:1053F000F8B590F85C30012B6ED090F85D30044623
:105400000120834284F85C00DDB205D00225002330
:1054100084F85C302846F8BD0029F8D0002AF6D080
:10542000032384F85D3000232366A287E287A26805
:10543000A163B2F5004FC4E9133322682364A4F8D2
:105440004430A4F846303ED0A36AB3F5005F31D0B3
:10545000606D2E4F5368E668C7622D4F87622D4FEF
:10546000076323F480430027B6F5E06F476353607A
:1054700003D84369B3F5806F31D0E38F0C329BB210
:10548000FEF708FA88B923681A68520603D41A6826
:1054900042F040021A605A6842F020025A605A688C
:1054A00042F0020200255A60B1E7236E43F0100378
:1054B0002366ACE7136823F400531360136843F4C6
:1054C00000531360C4E7136823F0400313601368AC
:1054D00043F480431360B7E702252846F8BDE38F05
:1054E00013F0010F536807D123F480435360E38F17
:1054F000C3F34E03E387C0E743F480435360E38F75
:10550000C3F34E030133E387B7E700BF215501081A
:105510005555010831550108704700BF704700BF5D
:1055200008B5406AFFF7FAFF08BD00BF704700BF2B
:10553000406A026808B5536823F003035360036EA2
:10554000012143F01003036680F85D10FFF7EEFFC2
:1055500008BD00BF30B5054683B0446AFCF788FF3C
:105560002B681B689B0622D423680246586820F0EB
:1055700020005860586820F00200586064212046DE
:10558000FFF75EFE18B1236E43F020032366A36885
:1055900033B922680193D368019393680193019B07
:1055A00001230022E28784F85D30236E23B9204670
:1055B000FFF7B2FF03B030BD2046FFF7B7FF03B0DF
:1055C00030BD00BF90F85D00704700BF036A026AFB
:1055D00022F00102026270B4446882690D6822F40C
:1055E000803222F073022A438D6823F002032B439A
:1055F000134DA8420FD005F50065A8420BD005F564
:105600004065A84207D005F58065A84203D005F59E
:105610008065A8420DD1CD6823F008032B43D1E962
:10562000056524F4407446EA050C23F004034CEAB3
:10563000040449684460826170BC4163036270473E
:10564000002C0140036A026A22F48072026270B484
:105650004468C2690D6822F4803222F073022A4342
:105660008D6823F4007343EA0523154DA84210D03A
:1056700005F50065A8420CD005F54065A8420FD09D
:1056800005F58065A8420BD005F58065A8420FD1CD
:1056900006E0CD6823F4006343EA052323F4806326
:1056A000D1E9056524F4405446EA050C44EA0C149B
:1056B00049684460C26170BCC1630362704700BF47
:1056C000002C0140036A026A22F48052026230B464
:1056D0004468C2690D6822F0807222F4E64242EA10
:1056E00005228D6823F4005343EA05330F4DA84289
:1056F0000FD005F50065A8420BD005F54065A8421E
:1057000007D005F58065A84203D005F58065A8425D
:1057100004D14D6924F4804444EA85144968446006
:10572000C26130BC01640362704700BF002C0140BD
:10573000036A026A22F48032026230B44468426D25
:105740000D6822F4803222F070022A438D6823F41F
:10575000003343EA05430F4DA8420FD005F500651D
:10576000A8420BD005F54065A84207D005F5806535
:10577000A84203D005F58065A84204D14D6924F400
:10578000803444EA052449684460426530BC816540
:1057900003627047002C0140036A026A22F48012FF
:1057A000026230B44468426D0D6822F0807222F4C7
:1057B000E04242EA05228D6823F4001343EA0553D0
:1057C0000F4DA8420FD005F50065A8420BD005F596
:1057D0004065A84207D005F58065A84203D005F5CD
:1057E0008065A84204D14D6924F4802444EA8524CC
:1057F00049684460426530BCC1650362704700BFC0
:10580000002C0140704700BF90F83D30012B22D1A1
:1058100003681749022280F83D20DA688B4242F083
:105820000102DA6019D0B3F1804F16D0114A9342C9
:1058300013D002F5806293420FD002F59632934264
:105840000BD002F54062934207D01A6842F0010281
:1058500000201A607047012070479968064A0A4084
:10586000062A02D0B2F5803FEFD10020704700BF7A
:10587000002C0140000400400700010000294AD12B
:1058800090F83E30012B50D1022380F83E3003685F
:105890000122186A01F01F0102FA01F120EA010059
:1058A0001862186A3B4A01439342196251D002F5CB
:1058B000006293420BD002F54062934207D002F59A
:1058C0008062934203D002F58062934203D15A6C06
:1058D00042F400425A64B3F1804F0ED02E4A9342F4
:1058E0000BD002F58062934207D002F596329342C4
:1058F00003D002F54062934207D19968274A0A40D3
:10590000062A14D0B2F5803F11D01A6842F0010285
:1059100000201A607047042920D0082926D00C29BD
:1059200007D190F84130012B28D00120704700208A
:105930007047102926D090F84330012BF5D1082963
:1059400018D00C291AD0102920D0022380F8433017
:105950009DE75A6C42F400425A64CEE790F83F301B
:10596000012BE2D1022380F83F3090E790F84030DD
:10597000012BDAD1022380F8403088E7022380F837
:10598000413084E790F84230012BCED1022380F8D9
:1059900042307CE7002C0140000400400700010079
:1059A000704700BFFFF76ABF704700BF704700BF76
:1059B000704700BF704700BF036870B5DE681C69A0
:1059C000A107054601D5B20754D4620701D5730774
:1059D0003DD4200701D5310727D4E30601D5F006D1
:1059E00010D4E10701D5F20762D4230652D5300660
:1059F00066D4600601D5710673D4A20601D5B3063C
:105A00004DD470BD2B686FF010021A6108222A77FE
:105A1000DB6913F4407F284674D1FFF7C5FF2846A1
:105A2000FFF7C6FF00232B77DBE72B686FF0080238
:105A30001A6104222A77DB699A0728465FD1FFF7AB
:105A4000B3FF2846FFF7B4FF00232B77C5E72B6889
:105A50006FF004021A6102222A779B6913F4407FD7
:105A6000284649D1FFF7A0FF2846FFF7A1FF0023F2
:105A70002B77AEE76FF002021A61012202779B6971
:105A8000990736D1FFF790FF2846FFF791FF0023D3
:105A90002B779AE7E205ACD533061AD4A9E72B6831
:105AA0006FF0200228461A61BDE8704000F0C6B9C8
:105AB0002B686FF001021A612846F7F725FF94E77B
:105AC0002B686FF080021A61284600F0B9F9E105F1
:105AD0008FD52B686FF480721A61284600F0B2F9F6
:105AE00087E72B686FF040021A612846FFF762FFD4
:105AF00083E7FFF75BFFCAE7FFF758FFB7E7FFF75A
:105B000055FFA1E7FFF752FF8CE700BF304A03685B
:105B1000904230B43CD0B0F1804F20D0A2F5943206
:105B200090421CD002F58062904218D002F5963265
:105B300090422DD002F5406290423CD002F5806246
:105B4000904238D002F58062904234D04C698D6822
:105B50000A68C56223F08003234382620FE04A682B
:105B6000CC6823F07003134323F440734A69234342
:105B700023F080038C6813430A68C462826202685F
:105B8000012142F00402026030BC416103607047B1
:105B90004C68CA6823F07003234323F44073134313
:105BA0008A684C69C2620A68826223F080032343D8
:105BB0000A690263E3E7D1E9025423F440734A69B6
:105BC000C562234323F0800313430A688262EFE730
:105BD000002C014070B310B590F83D30044603F03E
:105BE000FF0213B32146022384F83D3051F8040B21
:105BF000FFF78CFF012384F8483084F83E3084F8A6
:105C00003F3084F8403084F8413084F8423084F8E2
:105C1000433084F8443084F8453084F8463084F8C2
:105C2000473084F83D30002010BD80F83C20FFF75D
:105C3000E9FDD7E70120704770B310B590F83D300B
:105C4000044603F0FF0213B32146022384F83D30DB
:105C500051F8040BFFF75AFF012384F8483084F809
:105C60003E3084F83F3084F8403084F8413084F886
:105C7000423084F8433084F8443084F8453084F866
:105C8000463084F8473084F83D30002010BD80F85D
:105C90003C20FFF785FED7E701207047036A026AC0
:105CA00022F01002026270B4446882690D6822F02A
:105CB000807222F4E64242EA05228D6823F0200336
:105CC00043EA0513144DA84210D005F50065A8421B
:105CD0000CD005F54065A8420FD005F58065A842B7
:105CE0000BD005F58065A8420FD106E0CD6823F002
:105CF000800343EA051323F04003D1E9056524F44A
:105D0000406446EA050C44EA8C04496844608261B8
:105D100070BC816303627047002C014038B590F875
:105D20003C30012B00F08880012304460D4680F8AA
:105D30003C30142A0CD8DFE802F0230B0B0B350B98
:105D40000B0B480B0B0B5A0B0B0B6D0B0B0B1000BB
:105D50000120002384F83C3038BD0068FFF71CFDAB
:105D600023682869596D41F400615965596D21F422
:105D7000806159655A6D42EA00225A650020E8E7C1
:105D80000068FFF723FC23682869996941F008013E
:105D90009961996921F0040199619A6902439A61B4
:105DA0000020D6E70068FFF779FF23682869996922
:105DB00041F400619961996921F4806199619A695E
:105DC00042EA00229A610020C3E70068FFF73AFC2C
:105DD00023682869D96941F00801D961D96921F09E
:105DE0000401D961DA690243DA610020B1E7006891
:105DF000FFF768FC23682869D96941F40061D9611B
:105E0000D96921F48061D961DA6942EA0022DA6154
:105E100000209EE70068FFF78BFC23682869596D16
:105E200041F008015965596D21F0040159655A6D19
:105E300002435A6500208CE7022038BD704700BF3E
:105E4000704700BF704700BFF8B52DED028B55ECD1
:105E5000114B57EC106B00F0C7F822462B4620463A
:105E60002946B0EE408AF0EE608AF4F75FFC78B91C
:105E70000022002330463946F4F726FCF0B1002218
:105E8000002320462946F4F71FFC40B19FED288BE4
:105E9000B0EE480AF0EE680ABDEC028BF8BD45ECA6
:105EA000104B00F06BFF0028F2D02046294600225C
:105EB0000023F4F713FC0028EAD02EE0B0EE480AE5
:105EC000F0EE680A00F05AFFA0B151EC180B002266
:105ED0000023F4F7F9FB0028DAD047EC106B00F050
:105EE0004DFF0028D4D045EC104B00F047FF0028B0
:105EF000CED012E047EC106B00F040FF0028E4D059
:105F000045EC104B00F03AFF0028DED053EC182B84
:105F100051EC180BF4F70AFC20B900F0CFFF222354
:105F20000360B5E700F0CAFF21230360B0E700BFBC
:105F3000000000000000F03F38B52DED028B55EC5D
:105F4000104B00F00BFE22462B4620462946B0EEB1
:105F5000408AF0EE608AF4F7E9FB30B900220023B2
:105F600020462946F4F7BAFB30B9B0EE480AF0EE05
:105F7000680ABDEC028B38BD00F0A0FF00220023B0
:105F80002121016010461946F4F760FA41EC180B24
:105F9000B0EE480AF0EE680ABDEC028B38BD00BFD7
:105FA00008B52DED028BB0EE408A00F0A3FEB4EEF2
:105FB000488AF1EE10FA06D6DFED098AB4EEE88AD7
:105FC000F1EE10FA02D4BDEC028B08BD00F076FFB2
:105FD00088EEA80ABDEC028B2123036008BD00BF38
:105FE00000000000000000002DE9F04F55EC114BBF
:105FF0002DED0C8B25F0004A5AEA040157EC106B8A
:1060000087B015D1B3197E4887F4002252419942D6
:1060100070EB020324D222462B4630463946F3F772
:1060200035FF41EC100B07B0BDEC0C8BBDE8F08FD9
:10603000744927F00049894510EE102AB84616DD4C
:1060400008F1404808F5801858EA0208E3D12319FE
:106050006B4985F400225241984571EB0203DAD373
:106060009FED650B07B0BDEC0C8BBDE8F08F11EE1A
:10607000103AAB4642D063498A45E1DC00F0948097
:10608000B8F1000F73DB002100917BB95D4B9A459D
:1060900000F08E805C4B9A4500F0A280BBF1804FEF
:1060A00000F0C284594B9B4500F0D78347EC106B3E
:1060B000029200F059FE029A62B3009A4FEAD87336
:1060C000013B0493134300F09280514B9A4540F3F7
:1060D000A58003F104739A454E4B40F33F849945E4
:1060E00040F3B484BBF1000F40F3B484002007B048
:1060F000BDEC0C8BBDE8F04F00F02CBE002E8AD119
:10610000B9E747EC106B009200F02EFE009A002ACF
:106110006DD10092B9F1000F04D03B4B28F0404202
:106120009A42CAD1BBF1000F07DA53EC102B364963
:106130000020F4F78BF941EC100BB8F1000FBFF61B
:1061400072AF009B09F1404909F5801959EA030330
:1061500040F0908453EC102B10461946F3F794FE50
:1061600002460B46F4F772F941EC100B5BE72A4943
:106170008A452FDCA1F154718A450FDD4FEA2A517F
:10618000A1F2FF31142940F36784C1F1340123FAED
:1061900001F000FA01F1994200F0A584002100917C
:1061A000002B3FF477AF81E7002B3FF469AF47E75F
:1061B00009F1404303F5801313433FF451AF154BEE
:1061C000994540F38483BBF1000FC0F2618445EC34
:1061D000104B28E702210091002B3FF457AF65E7F1
:1061E000BBF1000FC0F2168447EC106B1BE7324680
:1061F0003B46B1E7AFF30080000000000000F03F35
:106200000000F0FF0000F07F0000F03F0000E03FE2
:106210000000E041FFFFEF3FFFFF3F43E44B08EA90
:106220000303002253B951EC100BE24BF3F7E4FFE8
:1062300041EC100B10EE909A6FF034024FEA2953A4
:10624000A3F2FF339A18DC4B0592C9F3130949F006
:106250007F56994546F4401607DDD84B994540F3E3
:106260001B8401320592A6F580169FEDB96B9FED58
:10627000BA7B53EC162BB0EE47CAF0EE67CA002784
:10628000B0EE47DAF0EE67DA5BEC10ABB34650469F
:10629000594643EC1A2BF3F7F7FD53EC1A2B8046C3
:1062A000894650465946F3F7F1FD02460B46002059
:1062B000C349F4F7CBF841EC1B0B404653EC1B2BC6
:1062C0004946F3F799FF41EC180B0A460146CDE920
:1062D00002120021029176104BEC19AB46F00056E9
:1062E000DDE902AB06F500230020D91906460F466A
:1062F00002460B4650465946F3F77EFF02460B46D0
:1063000040464946F3F7C0FD53EC1A2B80468946B8
:1063100030463946F3F7B8FD02460B4651EC190BEF
:10632000F3F7B2FD52465B46F3F766FF02460B46B3
:1063300040464946F3F7A8FD53EC1B2BF3F75CFFEF
:1063400053EC182B41EC1B0B51EC180BF3F754FFDB
:1063500083A3D3E9002306460F46F3F74DFF82A33C
:10636000D3E90023F3F792FD32463B46F3F744FFAF
:106370007FA3D3E90023F3F789FD32463B46F3F7C9
:106380003BFF7DA3D3E90023F3F780FD32463B4674
:10639000F3F732FF7AA3D3E90023F3F777FD324610
:1063A0003B46F3F729FF78A3D3E90023F3F76EFD0B
:1063B0003246804689463B4630463946F3F71CFF55
:1063C00002460B4640464946F3F716FF524606463C
:1063D0000F465B4651EC180BF3F758FD53EC1B2BA3
:1063E000F3F70AFF32463B46F3F750FD524641ECC5
:1063F0001A0B5B4650465946F3F7FEFE714B0022DE
:1064000080468946F3F742FD53EC1A2BF3F73EFD25
:1064100050460F465946DDE902AB3B465246F3F77C
:10642000EBFE684B41EC190B002250463946F3F75E
:106430002BFD42464B46F3F727FD02460B4651EC37
:106440001A0BF3F721FD53EC182BF3F7D5FE524648
:106450003B4606460F4651EC1B0BF3F7CDFE0246BA
:106460000B4630463946F3F711FD804689464246D1
:106470004B4651EC190BF3F709FD45A3D3E9002373
:1064800050460F46F3F7B8FE53EC192B41EC190BAD
:1064900050463946F3F7F8FC02460B46404649465B
:1064A000F3F7F2FC3CA3D3E90023F3F7A5FE024681
:1064B0000B461646504639461F4639A3D3E90023FA
:1064C000F3F79AFE02460B4630463946F3F7DEFCF8
:1064D00053EC1D2BF3F7DAFC804605988946F3F759
:1064E00021FE424682468B464B4651EC190BF3F790
:1064F000CDFC53EC1C2BF3F7C9FC52465B46F3F77B
:10650000C5FC52465B46002006460F46F3F7BCFC2E
:1065100053EC1C2BF3F7B8FC53EC192BF3F7B4FC3A
:1065200002460B4640464946F3F7AEFC009B049AF0
:10653000013B134382468B4640F0C2819FED1A7B9C
:10654000B0EE478AF0EE678A3EE000BFAFF300800E
:10655000000000000000F03F00000000000000000C
:10656000EF4E454A287ECA3F65DBC9934A86CD3F38
:1065700001411DA96074D13F4D268F515555D53F1E
:10658000FFAB6FDBB66DDB3F033333333333E33FB6
:10659000000000E009C7EE3FFD033ADC09C7EE3F0B
:1065A000F5015B14E02F3EBE000000000000F0BFCC
:1065B0000000F07F000040438E98030079B60B0086
:1065C0000000F03F000008400023CDE900450093A3
:1065D000DDE90089204642464B462946F3F754FC44
:1065E00032463B46F3F708FE22462B4604460D464C
:1065F00050465946F3F700FE02460B462046294610
:10660000F3F744FC424604460D464B4630463946B5
:10661000F3F7F2FD26462F4604460D462B4630463C
:1066200039462246F3F732FCC74B994280468946E9
:106630008A4640F31F8101F13F4303F5E003034322
:1066400040F03E82AAA3D3E9002330463946F3F74F
:106650001DFC02460B464046494690469946224656
:106660002B46F3F711FC02460B4640464946F4F729
:1066700053F8002840F02482CAF30A534FF48012E2
:10668000A3F2FE3342FA03F35344B049C3F30A5270
:10669000A2F2FF3241FA02FCC3F3130141F480116C
:1066A000C2F1140241FA02F2002023EA0C01BAF10D
:1066B000000F00920B46024602DA0099494200910F
:1066C00020462946F3F7E0FB009B1B050293024698
:1066D0000B4604460D4630463946F3F7D7FB89464C
:1066E0004FF0000884A3D3E9002340464946F3F75E
:1066F00083FD22462B4682468B4640464946F3F7A9
:10670000C3FB02460B4630463946F3F7BDFB7CA37C
:10671000D3E90023F3F770FD7BA3D3E900230446FC
:106720000D4640464946F3F767FD02460B462046B4
:106730002946F3F7ABFB06460F4632463B4650462A
:106740005946F3F7A3FB52465B4604460D46F3F762
:106750009BFB02460B4630463946F3F795FB224633
:10676000804689462B4620462946F3F745FD68A317
:10677000D3E9002306460F46F3F73EFD66A3D3E9AF
:106780000023F3F781FB32463B46F3F735FD64A364
:10679000D3E90023F3F77AFB32463B46F3F72CFDAF
:1067A00061A3D3E90023F3F76FFB32463B46F3F7CF
:1067B00023FD5FA3D3E90023F3F768FB32463B4692
:1067C000F3F71AFD02460B4620462946F3F75CFB19
:1067D00006460F4632463B4620462946F3F70CFD57
:1067E00002460B463046394616461F4600224FF0F9
:1067F0008043F3F749FB02460B4630463946F3F730
:1068000025FE424606460F464B4620462946F3F7EC
:10681000F3FC42464B46F3F739FB02460B46304643
:106820003946F3F731FB22462B46F3F72DFB0246A0
:106830000B4600204649F3F727FB029A0B46134408
:10684000B3F5801FC0F24781194653EC182BF3F7BC
:10685000D3FC41EC100BFFF7E6BBB8F1000FFFF6DD
:1068600025AC47EC106B07B0BDEC0C8BBDE8F04FCE
:1068700000F074B9DFF8E0C021F00043634540F355
:10688000DD80344B0B4403430AD122462B46F3F7F9
:10689000FBFA32463B46F3F735FF00283FF4ECAEF7
:1068A00051EC180B00220023F3F718FF003818BF33
:1068B000012007B0BDEC0C8BBDE8F04F00F040BAF2
:1068C0009FED1D7BB0EE478AF0EE678A7CE6BBF158
:1068D000000F9FED1B0BBFF6A6AB05F1004300EECA
:1068E000104A00EE903AFFF79EBB00BFAFF3008066
:1068F000FE822B654715973C00000000432EE63FC3
:10690000EF39FAFE422EE63F396CA80C615C20BEDE
:10691000D0A4BE726937663EF16BD2C541BDBB3EA5
:106920002CDE25AF6A56113F93BDBE166CC1663F83
:106930003E5555555555C53F000000000000F03F3D
:106940000000000000000000FFFF8F40FFFF0F006D
:106950000000F03F00346F3FFFCB9040994575DB5E
:106960007B4B99453FF7BEAB51EC100B784B0022A7
:10697000F3F78AFA66A3D3E9002306460F46F3F736
:106980003BFC65A3D3E9002382468B46304639465B
:10699000F3F732FC6F4B41EC180B002230463946BE
:1069A000F3F72AFC02460B465DA1D1E90001F3F79B
:1069B0006BFA32463B46F3F71FFC02460B460020BB
:1069C0006549F3F761FA3246804689463B463046D0
:1069D0003946F3F711FC02460B4640464946F3F7A9
:1069E0000BFC51A3D3E90023F3F706FC02460B4648
:1069F00051EC180BF3F748FA8046894642464B465D
:106A000050465946F3F742FA002052465B46064686
:106A10000F4683E54E49002032463B46F3F716FD0C
:106A200041EC100BFFF7FFBA32463B463046394681
:106A3000F3F7E2FB41EC100BFFF7F5BA464A93423D
:106A400062DCDDE900120291009149E6BBF1000F22
:106A5000FFF64CAB00202CE7002B7FF452ABC1F1CA
:106A600014014AFA01F000FA01F1514545D00093B2
:106A7000FFF710BB009B012B7FF4D5AA10EE901AF4
:106A800010EE102A01F1004343EC102BFFF7CBBAB4
:106A90009FED270BFFF7C7BA9FED277BB0EE47CAE4
:106AA000F0EE67CA9FED267BB0EE47DAF0EE67DACC
:106AB0009FED257B4FF4802753EC172BFFF7E4BBAA
:106AC00051EC180B00220023F3F708FE003818BF22
:106AD0000120FFF70CBB41EC100B009800F05CF9B3
:106AE00051EC100BB1E600F00100C0F10201009181
:106AF000002B3FF4CFAAFFF7D9BA00F00100C0F194
:106B000002030093FFF7C6BA1B15B7E5AFF3008089
:106B1000000000604715F73F44DF5DF80BAE543EC0
:106B2000555555555555D53FFE822B654715F73FB1
:106B300000000000000000000000004003B8E23F39
:106B400006D0CF43EBFD4C3E000000000000F83FB4
:106B50000000F03F0000D03F0000E03F2DE9F04191
:106B6000634A55EC104BAA4300F09F80002D10EEB5
:106B700010CA2B4654DD291563D0C3F31303A1F2C9
:106B8000FF37C90743F4801304D45B0003EBDC73C5
:106B90004FEA4C0C4FEADC72002602EB43037F10F5
:106BA0004FEA4C0C4FF0160E34464FF40012A11869
:106BB000994202DC5B1A8C1816445B00BEF1010E90
:106BC00003EBDC734FEA52024FEA4C0CEFD17546EF
:106BD00020204FF000420AE044D04FEADC71013837
:106BE00001EB43034FEA4C0C4FEA520243D0A3425D
:106BF00002EB0E01F0DD002901EB020E0ADBA046DC
:106C00001B1B614588BF03F1FF33ACEB010C15443E
:106C10004446E2E7BEF1000FF1DB04F10108EFE7C3
:106C200025F00042224338D0002D4ED129464FEAAC
:106C3000DC22153913464FEA4C5C002AF7D0D60205
:106C400050D400205B00DD02044600F10100F9D5BC
:106C50001A4663460CFA00FCC0F12000C340091B31
:106C600013438AE76145B8D8002901EB020ED1DB56
:106C700098460023C9E753EA0C0310D16808711045
:106C8000F30701F17F5101F5001148BF40F00040CA
:106C900001EB0753024643EC102BBDE8F0816A1C60
:106CA00016BF681C01364008E9E710EE102A10EE06
:106CB000100A2B462946F3F79FFA22462B46F3F794
:106CC000E5F841EC100BBDE8F08110EE102A2046EB
:106CD0002946F3F7D9F802460B46F3F7B7FB41EC28
:106CE000100BDAE7634620204FF0FF34B6E700BF11
:106CF0000000F07FB1EEC00A704700BFD0B5064675
:106D00000F46144600F0DAF80346394630461C6058
:106D1000D0BD00BF30B5144683B01D4608B103F1A5
:106D20000043CDE90023DDE9002320462946F3F79F
:106D300063FA222203B0BDE83040FFF7DFBF00BF97
:106D400008B500224FF08053FFF7E4FF41EC100B31
:106D500008BD00BF08B500224FF0E043FFF7DAFF9F
:106D600041EC100B08BD00BF51EC100B10EE102AC7
:106D700021F0004343EC102B704700BF82B08DED33
:106D8000000B019840F0004000F58010C00F02B0E9
:106D9000704700BF0000000038B553EC102BC3F360
:106DA0000A5104469C4689BB10EE101A23F0004C91
:106DB0005CEA010129D0194600223D4B3D4D10EE01
:106DC000100AF3F719FAAC4202460B4616DB8C4662
:106DD000C1F30A513639214440F2FE70814221DC70
:106DE000002947DC11F1350F34DA4CF250318C4276
:106DF00018DC002B26A1D1E9000144DB24A3D3E950
:106E00000023F3F7F9F941EC100B38BD40F2FF70A5
:106E10008142E0D110EE100A1946F3F737F841EC41
:106E2000100B38BD002B1CA1D1E9000107DB1AA310
:106E3000D3E90023F3F7E0F941EC100B38BD18A1BA
:106E4000D1E9000114A3D3E90023F3F7D5F941EC0C
:106E5000100BF3E72CF0FF4C2CF4E00C36314CEA2D
:106E60000153104619460022134BF3F7C5F941ECC4
:106E7000100B38BD2CF0FF4C2CF4E00C4CEA015305
:106E800043EC102B38BD08A1D1E90001B6E700BFE3
:106E900059F3F8C21F6EA5019C7500883CE4377E4B
:106EA0009C7500883CE437FE59F3F8C21F6EA5813B
:106EB00000005043B03CFFFF0000903C014B1868BD
:106EC000704700BF1800002070B50D4D0D4C641BBD
:106ED000A4100026A64209D10B4D0C4C00F03EF840
:106EE000641BA4100026A64205D170BD55F8043BD2
:106EF00098470136EEE755F8043B98470136F2E72C
:106F00007894010878940108789401087C94010829
:106F100010B501390244904201D1002005E0037808
:106F200011F8014FA34201D0181B10BD0130F2E748
:106F30000A44914200F1FF3300D1704710B511F8B7
:106F4000014B03F8014F9142F9D110BD02440346B1
:106F5000934200D1704703F8011BF9E7F8B500BF71
:106F6000F8BC08BC9E467047F8B500BFF8BC08BC2A
:046F70009E46704782
:106F7400000414D5D51404000000FEFEFE00000039
:106F8400000000000000FEFEFE000000FEFEFE8683
:106F94008686868686868686787878000000060649
:106FA40006060606FEFEFE060606060606000000A7
:106FB400F8F8F8060606060606060606060606009D
:106FC4000000000000E0000000E00000E018884835
:106FD40038F000000000000000001008088870006D
:106FE4000000000000000000100808887000000085
:106FF400000000000000000000001F1F1F60606010
:107004006060606060601F1F1F0000007F7F7F0161
:1070140001010707071919196060600000000000EA
:10702400000000007F7F7F000000000000000000DF
:107034001F1F1F606060606060606060606060006F
:107044000000000000000304030000000307040420
:107054000601000006060000000004060504040002
:1070640000000606000000000406050404000000F9
:10707400000000000000000000000000000000000C
:107084000000000000000000F80606060600FE806E
:107094008080FE00FE8686860600F8060606060048
:1070A400FE80601806000000000000000606FE06D0
:1070B4000600FE060606F8000000000000000000BE
:1070C40006FE0600FE000000FE00FE18E018FE00AA
:1070D400FE8686867800FE8686860600FE8686867E
:1070E4007800788686860600000000000000000014
:1070F400000000000000000000000000000000008C
:1071040000000000000000001F60606060007F015C
:1071140001017F007F61616160001F606060600049
:107124007F010618600000000000000060607F60BE
:1071340060007F6060601F000000000000001860B5
:10714400601F00001F6060601F007F0001007F005F
:107154007F01010100007F61616160007F01071907
:107164006000606161611E0000000000000000001A
:10717400000000000000000000000000000000000B
:107184000102030406070809740040018200360165
:1071940092002C01A4002201B9001801D2000E01B2
:1071A400EF0004011101FA003901F0006801E60062
:1071B400A001DC00E201D2003002C8008D02BE0052
:1071C400FB02B4007D03AA001504A000C5049600C8
:1071D4008F058C00720682006D07780079086E00B6
:1071E4008F096400A40A5A00AD0B5000A00C46009D
:1071F400740D3C00250E3200B20E28001D0F1E0037
:107204006B0F1400A20F0A00C70F0000000000005B
:107214000000004F00000700070000147F147F14D3
:10722400242A7F2A12231308646236495522500007
:1072340005030000001C2241000041221C00140828
:107244003E081408083E0808000000000000000082
:10725400000000606000003E5149453E00427F400E
:107264000042615149462141454B311814127F10A7
:1072740027454545393C4A494930017109050336DA
:1072840049494936064949291E0036360000005648
:10729400360000081422410014141414140041226E
:1072A40014080201510906324979413E7E11111137
:1072B4007E7F494949363E414141227F4141221C5A
:1072C4007F494949417F090909013E4149497A7F7A
:1072D4000808087F00417F41002040413F007F08AB
:1072E4001422417F404040407E020C027E7F04080D
:1072F400107F3E4141413E7F090909063E4151212B
:107304005E7F09192946464949493101017F010136
:107314003F4040403F1F2040201F3F4038403F63D4
:1073240014081463070870080761514945435C3A1F
:107334002D205B00000000000000000000000000A1
:107344000000000000000040404040409249249268
:1073540049269249349249369249A49249A69249BF
:10736400B49249B6924D24924D26924D34924D36A4
:10737400924DA4924DA6924DB4924DB69269249228
:1073840069269269349269369269A49269A69269CF
:10739400B49269B6926D24926D26926D34926D36D4
:1073A400926DA4926DA6926DB4926DB69349249396
:1073B40049269349349349369349A49349A693495A
:1073C400B49349B6934D24934D26934D34934D363F
:1073D400934DA4934DA6934DB4934DB693692493C2
:1073E40069269369349369369369A49369A693696A
:1073F400B49369B6936D24936D26936D34936D366F
:10740400936DA4936DA6936DB4936DB69A49249A23
:1074140049269A49349A49369A49A49A49A69A49D6
:10742400B49A49B69A4D249A4D269A4D349A4D36BB
:107434009A4DA49A4DA69A4DB49A4DB69A69249A37
:1074440069269A69349A69369A69A49A69A69A69E6
:10745400B49A69B69A6D249A6D269A6D349A6D36EB
:107464009A6DA49A6DA69A6DB49A6DB69B49249BA5
:1074740049269B49349B49369B49A49B49A69B4971
:10748400B49B49B69B4D249B4D269B4D349B4D3656
:107494009B4DA49B4DA69B4DB49B4DB69B69249BD1
:1074A40069269B69349B69369B69A49B69A69B6981
:1074B400B49B69B69B6D249B6D269B6D349B6D3686
:1074C4009B6DA49B6DA69B6DB49B6DB6D24924D2D3
:1074D4004926D24934D24936D249A4D249A6D249FE
:1074E400B4D249B6D24D24D24D26D24D34D24D36E3
:1074F400D24DA4D24DA6D24DB4D24DB6D26924D227
:107504006926D26934D26936D269A4D269A6D2690D
:10751400B4D269B6D26D24D26D26D26D34D26D3612
:10752400D26DA4D26DA6D26DB4D26DB6D34924D394
:107534004926D34934D34936D349A4D349A6D34998
:10754400B4D349B6D34D24D34D26D34D34D34D367D
:10755400D34DA4D34DA6D34DB4D34DB6D36924D3C0
:107564006926D36934D36936D369A4D369A6D369A8
:10757400B4D369B6D36D24D36D26D36D34D36D36AD
:10758400D36DA4D36DA6D36DB4D36DB6DA4924DA22
:107594004926DA4934DA4936DA49A4DA49A6DA4915
:1075A400B4DA49B6DA4D24DA4D26DA4D34DA4D36FA
:1075B400DA4DA4DA4DA6DA4DB4DA4DB6DA6924DA36
:1075C4006926DA6934DA6936DA69A4DA69A6DA6925
:1075D400B4DA69B6DA6D24DA6D26DA6D34DA6D362A
:1075E400DA6DA4DA6DA6DA6DB4DA6DB6DB4924DBA4
:1075F4004926DB4934DB4936DB49A4DB49A6DB49B0
:10760400B4DB49B6DB4D24DB4D26DB4D34DB4D3694
:10761400DB4DA4DB4DA6DB4DB4DB4DB6DB6924DBCF
:107624006926DB6934DB6936DB69A4DB69A6DB69BF
:10763400B4DB69B6DB6D24DB6D26DB6D34DB6D36C4
:10764400DB6DA4DB6DA6DB6DB4DB6DB65245414446
:1076540059202020202020202000000048454154AB
:10766400494E472E2E2E202020000000454E475222
:107674004156494E4720202020000000524F5441DB
:1076840054494E47202020202000000053454152F9
:107694004348494E472020202000000044495350CD
:1076A400454E53494E4720202000000049444C4594
:1076B400202020202020202020000000504152546F
:1076C400205049434B454420200000004C49474882
:1076D40054204F4E202020202000000041524D45D0
:1076E400442020202020202020000000445249561D
:1076F400494E472020202020200000004452494CBD
:107704004C494E4720202020200000005343414E86
:107714004E494E4720202020200000005354414E63
:107724004442592020202020200000004752495084
:1077340050494E4720202020200000005052494E3E
:1077440054494E47202020202000000054454D502D
:107754003A20000020432020202020202020000068
:1077640052504D3A200000002020202020202020CC
:10777400202000004C41534552205057523A2000DB
:107784002025202020202000484F54454E443A20F4
:1077940000000000204320202020202000000000C2
:1077A40056414355554D3A2000000000202020202A
:1077B400202020005354524F42453A20000000003C
:1077C400484954533A20000053544550533A20003A
:1077D400202020202020202000000000454E44537B
:1077E400544F503A2048495420200000454E4453F9
:1077F400544F503A204F50454E2000004C494748C2
:10780400543A204649584544202000004C494748F2
:10781400543A205354524F42452000004C494748A3
:10782400543A204F46462020202000004F4B0000B1
:1078340046494C4C00000000434845434B20494412
:10784400204A554D50455253000000005B204352DE
:1078540049544943414C204552524F52205D000047
:107864002053595354454D20424C4F434B454420DB
:107874000000000054313220534F4C4445522049FB
:10788400524F4E0050415354452044495350454EA5
:10789400534552004C49515549442044495350459D
:1078A4004E53520053435245574452495645522071
:1078B4002020200056414355554D205049434B55F7
:1078C400502020004452494C4C20424C3432363033
:1078D40020202000475249505045522047494D42EC
:1078E400414C200047524950504552204E454D418D
:1078F4002031340056414355554D204752495020BC
:107904004C472000534D54205049434B26504C4182
:1079140043452000414F4920494E53504543544963
:107924004F4E20004C415345522044494F4445207A
:10793400313057003344205052494E544552202090
:10794400563420005343414E2050524F424520208C
:1079540020202000454C454354524F4D41474E454D
:107964005420200053504F542057454C4445522036
:1079740020202000434F4E464F524D414C20434F50
:1079840041542000464C59494E472050524F4245DD
:1079940020202000555620435552494E4720202090
:1079A40020202000484F5420414952205245574F2F
:1079B400524B200050524553532D46495420494EB2
:1079C400535254004352494D50494E472041435469
:1079D40055415400544845524D414C20494E535052
:1079E400454354005041535445204A455454494E4C
:1079F40047202000554C545241534F4E4943205781
:107A0400454C44002D2D2D2D2D2D2D2D2D2D2D2D81
:107A14002D2D2D2D2D2D2D2D000000002043000097
:107A240053544550532052454D3A20005354415429
:107A340055533A205245414459000000564143559C
:107A4400554D204144433A20000000004F424A3A39
:107A5400200000005245414C2052504D3A20000075
:107A6400534554504F494E543A200000504F574507
:107A7400523A2020202000004E4F5A5A4C453A00DA
:107A84004C46414E3A00000052504D004846414E8B
:107A94003A000000504552494F443A20000000008B
:107AA4005354415455533A2041524D45442000000B
:107AB400494D50414354533A20200000425553202D
:107AC40043414E204F4E4C494E45000000000000FB
:107AD40000000000000000000000000000000000A2
:107AE400FCFCFC7C7C7C7C7C7C7C7C7C7C7C7C00CE
:107AF4000000FCFCFC7C7C7C7C7C7C7C7C7C808032
:107B040080000000FCFCFC7C7C7C7C7C7C7C7C7CA1
:107B14008080800000008080807C7C7C7C7C7C7CFD
:107B24007C7C808080000000FCFCFC7C7C7C7C7C79
:107B34007C7C7C7C808080000000000000000000D1
:107B44000000000000000000000000000000000031
:107B54000000000000000000000000000000000021
:107B6400FFFFFF0000000000000000000000000014
:107B74000000FFFFFF000000000000000000FFFF06
:107B8400FF000000FFFFFF000000000000000000F5
:107B9400FFFFFF000000FFFFFF00000000000000E7
:107BA4000000FFFFFF000000FFFFFF0000000000D7
:107BB40000000000FFFFFF000000000000000000C4
:107BC40000000000000000000000000000000000B1
:107BD40000000000000000000000000000000000A1
:107BE400FFFFFF3E3E3E3E3E3E3E3E3E0000000066
:107BF4000000FFFFFF3E3E3EFEFEFE3E3E3E010114
:107C040001000000FFFFFF3E3E3EFEFEFE3E3E3E04
:107C1400010101000000FFFFFF0000000000000060
:107C24000000FFFFFF000000FFFFFF3E3E3EFEFEA0
:107C3400FE3E3E3E01010100000000000000000085
:107C44000000000000000000000000000000000030
:107C54000000000000000000000000000000000020
:107C6400FFFFFF0000000000000000000000000013
:107C74000000FFFFFF000000070707F8F8F8000006
:107C840000000000FFFFFF000000070707F8F8F8F6
:107C9400000000000000FFFFFF00000000000000E3
:107CA4000000FFFFFF000000FFFFFF0000000707C8
:107CB40007F8F8F8000000000000000000000000D1
:107CC40000000000000000000000000000000000B0
:107CD40000000000000000000000000000000000A0
:107CE4001F1F1F1F1F1F1F1F1F1F1F1F1F1F1F00BF
:107CF40000001F1F1F0000000000000000001F1FE5
:107D04001F0000001F1F1F000000000000000000F3
:107D14001F1F1F0000000000001F1F1F1F1F1F1F29
:107D24001F1F0000000000001F1F1F0000000000B4
:107D3400000000001F1F1F000000000000000000E2
:107D4400000000000000000000000000000000002F
:107D54000000000000000000000000000000000F10
:107D64007F7F0F0000000000000000000000000002
:107D740000000000000000000000000000000000FF
:107D840000000000000000000000000000000000EF
:107D940000000000000000000000000000000000DF
:107DA40000000000000000000000000000000000CF
:107DB40000000000000000000000000000000000BF
:107DC40000000000000000000000000000000000AF
:107DD4000000FCFCFC1C1C1C1C1C1C1C1C1C1C1C77
:107DE4001C1C1C1C1C1C1C1C1C1C1C1C1CFCFCFC2F
:107DF400000000000000000000000000000000007F
:107E0400000000000000000000000000000000006E
:107E1400000000000000000000000000000000005E
:107E2400000000000000000000000000000000004E
:107E3400000000000000000000000000000000003E
:107E4400000000000000000000000000000000002E
:107E54000000FFFFFF00007F7F7F7F7F7F7F0000A8
:107E6400000000007F7F7F7F7F7F7F0000FFFFFF98
:107E7400000000000000000000000000F0F0F0002E
:107E840000000000000000000000000000000000EE
:107E940000000000000000000000000000000000DE
:107EA40000000000000000000000000000000000CE
:107EB400F0F0F03030F0F0E00000E0F0F03030F0BE
:107EC400F0E0003030F0F0F030303000000000001E
:107ED4000000FFFFFF000000C0C0C0C0C0C0C0C0A1
:107EE400C0C0C0C0C0C0C0C0C0C0000000FFFFFF11
:107EF4000000000000000000C0C00000FFFFFF0001
:107F0400FFFFFF0000FFFFFF00009EDFDF6363232E
:107F1400FFFFFEFFFFFF0203FFFFFE0000FEFFFF67
:107F24003333BFBFBE00FFFFFF0203FFFFFE0000AD
:107F3400FFFFFF1818FFFFE70000FFFFFF0000FF2F
:107F4400FFFF000000FFFFFF000000000000000032
:107F54000000FFFFFFE0E0E0E1E1E1E1E1E1E1E178
:107F6400E1E1E1E1E1E1E1E1E1E1E0E0E0FFFFFFA6
:107F740000000000000000000F0F0C0C0F0F0700A2
:107F8400070F0F0C040F0F0F0000070F0F0C0C044A
:107F94000F0F0F0F0F0F00000F0F0F0000070F0F31
:107FA4000C0C0F0F07000F0F0F00000F0F0F000036
:107FB4000F0F0F0C0C0F0F070000070F0F0C0C0F07
:107FC4000F070000000F0F0F00000000000000006A
:107FD4000000000000000000000000000F7F7F0F81
:107FE400000000000000000000000000000000008D
:107FF400000000000000000000000000000000007D
:10800400000000000000000000000000000000006C
:10801400000000000000000000000000000000005C
:10802400000000000000000000000000000000004C
:10803400000000000000000000000000000000003C
:10804400000000000000000000000000000000002C
:108054000000FCFCFC1C1C1C1C1C1C1C1C1C1C1CF4
:108064001C1C1C1C1C1C1C1C1C1C1C1C1CFCFCFCAC
:1080740000000000000000000000000000000000FC
:1080840000000000000000000000000000000000EC
:1080940000000000000000000000000000000000DC
:1080A40000000000000000000000000000000000CC
:1080B40000000000000000000000000000000000BC
:1080C40000000000000000000000000000000000AC
:1080D4000000FFFFFF00007F7F7F7F7F7F7F000026
:1080E400000000007F7F7F7F7F7F7F0000FFFFFF16
:1080F400000000000000000000000000F0F0F000AC
:10810400000000000000000000000000000000006B
:10811400000000000000000000000000000000005B
:10812400000000000000000000000000000000004B
:10813400F0F0F03030F0F0E00000E0F0F03030F03B
:10814400F0E0003030F0F0F030303000000000009B
:108154000000FFFFFF000000F0F0F0F0F0F0F0F09E
:10816400F0F0F0F0F0F0F0F0F0F0000000FFFFFFAE
:108174000000000000000000C0C00000FFFFFF007E
:10818400FFFFFF0000FFFFFF00009EDFDF636323AC
:10819400FFFFFEFFFFFF0203FFFFFE0000FEFFFFE5
:1081A4003333BFBFBE00FFFFFF0203FFFFFE00002B
:1081B400FFFFFF1818FFFFE70000FFFFFF0000FFAD
:1081C400FFFF000000FFFFFF0000000000000000B0
:1081D4000000FFFFFFE0E0E0E3E3E3E3E3E3E3E3E6
:1081E400E3E3E3E3E3E3E3E3E3E3E0E0E0FFFFFF10
:1081F40000000000000000000F0F0C0C0F0F070020
:10820400070F0F0C040F0F0F0000070F0F0C0C04C7
:108214000F0F0F0F0F0F00000F0F0F0000070F0FAE
:108224000C0C0F0F07000F0F0F00000F0F0F0000B3
:108234000F0F0F0C0C0F0F070000070F0F0C0C0F84
:108244000F070000000F0F0F0000000000000000E7
:108254000000000000000000000000000000000F0B
:108264007F7F0F00000000000000000000000000FD
:1082740000000000000000000000000000000000FA
:1082840000000000000000000000000000000000EA
:1082940000000000000000000000000000000000DA
:1082A40000000000000000000000000000000000CA
:1082B40000000000000000000000000000000000BA
:1082C40000000000000000000000000000000000AA
:1082D4000000FCFCFC1C1C1C1C1C1C1C1C1C1C1C72
:1082E4001C1C1C1C1C1C1C1C1C1C1C1C1CFCFCFC2A
:1082F400000000000000000000000000000000007A
:108304000000000000000000000000000000000069
:108314000000000000000000000000000000000059
:108324000000000000000000000000000000000049
:108334000000000000000000000000000000000039
:108344000000000000000000000000000000000029
:108354000000FFFFFF00000C0C0C0C0C0C0C0000C8
:10836400000000000C0C0C0C0C0C0C0000FFFFFFB8
:10837400000000000000000000000000F0F0F00029
:1083840000000000000000000000000000000000E9
:1083940000000000000000000000000000000000D9
:1083A40000000000000000000000000000000000C9
:1083B400F0F0F03030F0F0E00000E0F0F03030F0B9
:1083C400F0E0003030F0F0F0303030000000000019
:1083D4000000FFFFFF000000C0C0C0C0C0C0C0C09C
:1083E400C0C0C0C0C0C0C0C0C0C0000000FFFFFF0C
:1083F4000000000000000000C0C00000FFFFFF00FC
:10840400FFFFFF0000FFFFFF00009EDFDF63632329
:10841400FFFFFEFFFFFF0203FFFFFE0000FEFFFF62
:108424003333BFBFBE00FFFFFF0203FFFFFE0000A8
:10843400FFFFFF1818FFFFE70000FFFFFF0000FF2A
:10844400FFFF000000FFFFFF00000000000000002D
:108454000000FFFFFFE0E0E0E1E1E1E1E1E1E1E173
:10846400E1E1E1E1E1E1E1E1E1E1E0E0E0FFFFFFA1
:1084740000000000000000000F0F0C0C0F0F07009D
:10848400070F0F0C040F0F0F0000070F0F0C0C0445
:108494000F0F0F0F0F0F00000F0F0F0000070F0F2C
:1084A4000C0C0F0F07000F0F0F00000F0F0F000031
:1084B4000F0F0F0C0C0F0F070000070F0F0C0C0F02
:1084C4000F070000000F0F0F000000000000000065
:1084D4000000000000000000000000000000000098
:1084E40000000F7F7F0F000000000000000000006C
:1084F4000000000000000000000000000000000078
:108504000000000000000000000000000000000067
:108514000000000000000000000000000000000057
:108524000000000000000000000000000000000047
:108534000000000000000000000000000000000037
:108544000000000000000000000000000000000027
:108554000000FCFCFC1C1C1C1C1C1C1C1C1C1C1CEF
:108564001C1C1C1C1C1C1C1C1C1C1C1C1CFCFCFCA7
:1085740000000000000000000000000000000000F7
:1085840000000000000000000000000000000000E7
:1085940000000000000000000000000000000000D7
:1085A40000000000000000000000000000000000C7
:1085B40000000000000000000000000000000000B7
:1085C40000000000000000000000000000000000A7
:1085D4000000FFFFFF00007F7F7F7F7F7F7F000021
:1085E400000000007F7F7F7F7F7F7F0000FFFFFF11
:1085F400000000000000000000000000F0F0F000A7
:108604000000000000000000000000000000000066
:108614000000000000000000000000000000000056
:108624000000000000000000000000000000000046
:10863400F0F0F03030F0F0E00000E0F0F03030F036
:10864400F0E0003030F0F0F0303030000000000096
:108654000000FFFFFF000000F0F0F0F0F0F0F0F099
:10866400F0F0F0F0F0F0F0F0F0F0000000FFFFFFA9
:108674000000000000000000C0C00000FFFFFF0079
:10868400FFFFFF0000FFFFFF00009EDFDF636323A7
:10869400FFFFFEFFFFFF0203FFFFFE0000FEFFFFE0
:1086A4003333BFBFBE00FFFFFF0203FFFFFE000026
:1086B400FFFFFF1818FFFFE70000FFFFFF0000FFA8
:1086C400FFFF000000FFFFFF0000000000000000AB
:1086D4000000FFFFFFE0E0E0E3E3E3E3E3E3E3E3E1
:1086E400E3E3E3E3E3E3E3E3E3E3E0E0E0FFFFFF0B
:1086F40000000000000000000F0F0C0C0F0F07001B
:10870400070F0F0C040F0F0F0000070F0F0C0C04C2
:108714000F0F0F0F0F0F00000F0F0F0000070F0FA9
:108724000C0C0F0F07000F0F0F00000F0F0F0000AE
:108734000F0F0F0C0C0F0F070000070F0F0C0C0F7F
:108744000F070000000F0F0F0000000000000000E2
:1087540000000080C0E0F0F87C3A14080080601843
:10876400040E1F0F070301000000000000000000BA
:1087740000000080C0E0F4FA7D381408008060181E
:10878400040E1F0F0703010000000000000000009A
:1087940000000080C0E0F4FA7D3811060080601803
:1087A400040E1F0F0703010000000000000000007A
:1087B40000000080C0E0F0F87C3A110600806018E8
:1087C400040E1F0F0703010000000000000000005A
:1087D400F809090F0F0909F8000000000000000063
:1087E4000302CEFEFECE02030000000000000000E3
:1087F400F80A0A0E0F0909F8000000000000000042
:1088040003E2EEFEFECE02030000000000000000C2
:10881400F80A0A0E0E0A0AF8000000000000000020
:1088240003E2EEFEFEEEE2030000000000000000A2
:10883400F809090F0E0A0AF8000000000000000001
:108844000302CEFEFEEEE203000000000000000082
:10885400F809090F0F0909F80000000000000000E2
:1088640003024EFEFE4E0203000000000000000062
:10887400F80A0A0E0F0909F80000000000000000C1
:1088840003028EDEFE4E0203000000000000000022
:10889400F80A0A0E0E0A0AF80000000000000000A0
:1088A40003028EDE9E0E02030000000000000000A2
:1088B400F809090F0E0A0AF8000000000000000081
:1088C40003024EFE9E0E02030000000000000000A2
:1088D400000080C0E07C22414141221C40A0583C61
:1088E4000E0703010000000000000000000000006B
:1088F400000080C0E07C22414141221CA060583C21
:108904000E0703010000000000000000000000004A
:10891400000080C0E07C2241C141221CA060685C50
:108924000E0703010000000000000000000000002A
:10893400000080C0E07C2241C141221C40A0685C50
:108944000E0703010000000000000000000000C04A
:10895400C0C0C0FFFFC0C0C0C000000000000001D4
:108964000F1F1F1F1F1F1F0F01000000000000002A
:10897400808080FFFF8080800000000000000000F5
:10898400031F1F1F1F1F1F03000000000000000023
:10899400000000FFFF0000000000000000000000D5
:1089A40000071F1F1F1F0700000000000000000039
:1089B400000000FFFF0000000000000000000000B5
:1089C4000000001F1F000000000000000000FEC2A5
:1089D400C2C2C2C2C242427E0000000000000000C7
:1089E40000000204C8102000000000000000FEC2C5
:1089F400C2C2C2C2C242427E0000000000000000A7
:108A040000002010C8040200000000000000FEC2A4
:108A1400C2C2C2C2C242427E000000000000000086
:108A240000000204C8102000000000000000FEC284
:108A3400C2C2C2C2C242427E000000000000000066
:108A440000002010C80402000000000000C0F0185C
:108A54000C04C6C6C6C6040C18F0C00000030F18E8
:108A64003020636363632030180F030100C0F018E3
:108A74000C04C6C6C6C6040C18F0C00000030F18C8
:108A840030206363E3632030180F030000C0F01844
:108A94000C04C6C6C6C6040C18F0C00001030F18A7
:108AA4003020636363632030180F030000C0F018A4
:108AB4000C04C6C7C6C6040C18F0C00000030F1887
:108AC4003020636363632030180F030000C0C0C00C
:108AD400C080BFA1A1BF80C0C0C0C00000FFFFFF15
:108AE400FF000000000000FFFFFFFF00000000C0C7
:108AF400C0C0FFA1A1BF80C0C0C0C000000000FF73
:108B0400FFFFFF78000000FFFFFFFF00000000C030
:108B1400C0C0FFA1A1FFC0C0C0000000000000FF52
:108B2400FFFFFF7878FFFFFFFF00000000C0C0C018
:108B3400C080BFA1A1FFC0C0C000000000FFFFFFB4
:108B4400FF00000078FFFFFFFF00000000804024CA
:108B5400289050B0B05090282440800000010204B6
:108B640004090A0D0D0A0904040201008080C224CC
:108B74002890D0F0B05090282440800000010204D6
:108B840004090B0F0D0A0904040201008080C224A9
:108B94002890D0F0F0D0902824C2808000010204F4
:108BA40004090B0F0F0B0904040201000080402488
:108BB400289050B0F0D0902824C280800001020494
:108BC40004090A0D0F0B090404020100000000004F
:108BD4008060100C820C1060800000000000000017
:108BE40000038458E05884030000000000000000E3
:108BF4008060D0ECE20C10608000000000000000F7
:108C04008083455BE05884030000000000000000FE
:108C14008060D0ECE2ECD060800000000000000036
:108C24008083455BE35B4583800000000000000017
:108C34008060100C82ECD060800000000000000016
:108C440000038458E35B45838000000000000000BB
:108C540000001F7F7F1F0000000000000000028A48
:108C6400AAAAAAAAAAAAAAAA8A0200000000808024
:108C740080808080001F0000000000000000028A45
:108C8400AAAAAAAAAAAAAAAA8A0200000000808004
:108C940080808080809FFFFF9F8000000000028A08
:108CA400AAAAAAAAAAAAAAAA8A02000000000000E4
:108CB40000001F7FFF9FFFFF9F8000000000028ACB
:108CC400AAAAAAAAAAAAAAAA8A020000808080C084
:108CD400201088CFCF881020C0808080010101033C
:108CE400040811F3F3110804030101018080C0B0EA
:108CF400080884CFCF881020C08080800101030D34
:108D0400101021F3F3110804030101018080C0B0A5
:108D1400080884CFCF840808B0C080800101030D07
:108D2400101021F3F32110100D030101808080C085
:108D3400201088CFCF840808B0C0808001010103CF
:108D4400040811F3F32110100D03010100000000C9
:108D540000E0E0FFE0E0E000000000000000003878
:108D64002828282828282828380000000000000087
:108D740000C0C0FFC0C0C0000000000000000038F8
:108D84002829292929292928380000000000000061
:108D9400008080FF80808000000000000000003818
:108DA400282B2B2B2B2B2B28380000000000000035
:108DB40000C0C0FFC0C0C0000000000000000038B8
:108DC4002829292929292928380000000000808021
:108DD40000000000000000000080800000707F7F21
:108DE4007C1830303030187C7F7F7F00000080801A
:108DF40000000000000000000080800000707F7F01
:108E04007CF830303030F87C7F7F7F000000808039
:108E140000000000000000000080800000707F7FE0
:108E24007CF830303030F87C7F7F7F000000808019
:108E340000000000000000000080800000707F7FC0
:108E44007C1830303030187C7F7F7F0000000001B8
:108E5400071C70C0808040701C07010000000000E7
:108E64000004E77F3F0C0400000000000000000144
:108E7400071C7040000040701C0701000000000047
:108E840000000002080000000000000000000001D3
:108E9400071C70C0808040701C07010000000000A7
:108EA4000004E77F3F0C0400000000000000000104
:108EB400071C7040000040701C0701000000000007
:108EC4000000000208000000000000000000000094
:108ED4000000CF7FCF8F0000000000000000241EA0
:108EE400661D133811071A661F22000000000000D7
:108EF4000000CF7FCF8F0000000000000000241E80
:108F0400661D133811071A661F22000000000000B6
:108F14000000CF7FCF8F0000800000000000221FE0
:108F2400661D237021071A651B2100000000000044
:108F34000000CF7FCF8F0000000000000000241E3F
:108F4400661D133811071A661F22000030F8F8B0A6
:108F5400B0F8F8B0B0F8F8B0B0F8F8B0000000001D
:108F6400007050505F5050700000000020F0F0A0DE
:108F7400A0F0F0A0A0F0F0A0A0F0F0A0000000008D
:108F8400007050505F5050700000000030F8F8B08E
:108F9400B0F8F8B0B0F8F8B0B0F8F8B000000000DD
:108FA400007050505F5050700000000010B8B8902E
:108FB40090B8B89090B8B89090B8B89000000000FD
:108FC400007050505F50507000000000000000001E
:108FD400040E1C3870E0C08000000000000C30C09B
:108FE400300C000000000103070F03000000000024
:108FF400040E1C183060E0C080808000000C30C07B
:10900400300C000000000001030701000000000014
:10901400040E1C183060E0C080808000000C30C05A
:10902400300C0000000000010307010000000000F4
:10903400040E1C3870E0C08000000000000C30C03A
:10904400300C000000000103070F030000000000C3
:109054000018FCFEFEFC18000000000000000112D5
:109064002420013D01012024120100000000000021
:109074000018FCFEFEFC18000000000000010212B3
:109084002440017D0101402412020100000000007F
:109094000018FCFEFEFC1800000000000001021293
:1090A4002440017D0101402412020100000000005F
:1090B4000018FCFEFEFC1800000000000000011275
:1090C4002420013D010120241201000000000000C1
:1090D400607CFFFFFFFF7C600000000000000000D8
:1090E400002A140000142A00000000000000000000
:1090F400607CFFFFFFFF7C600000000000000000B8
:1091040000142A00002A14000000000000000000DF
:10911400607CFFFFFFFF7C60000000000000000097
:10912400002A140000142A000000000000000000BF
:10913400607CFFFFFFFF7C60000000000000000077
:1091440000142A00002A140000000000000000009F
:1091540000FF81818181FF00000000000000000009
:10916400041C7FFF7F3F0C0400000000000000008F
:1091740000FF81818181FF000000000000000000E9
:1091840008187FFF7F3F180800000000000000005F
:1091940000FF81818181FF000000000000000000C9
:1091A40010307FFF7F3F30100000000000000000FF
:1091B40000FF81818181FF000000000000000000A9
:1091C40008187FFF7F3F18080000000000030C1CF4
:1091D4003870E0C0C0E070381C0E070000000000CA
:1091E4000000737F0F7F70000000000000030C1C60
:1091F4003870E0C0C0E070381C0E070000000000AA
:1092040000707F0F030F7E700000000000030C1C31
:109214003870E0C0C0E070381C0E07000000000089
:10922400707E0F0303030E7E7000000000030C1C0D
:109234003870E0C0C0E070381C0E07000000000069
:1092440000707F0F030F7E70000000000000F0101C
:1092540010905050505E9E1E1EFE000000001F1015
:109264001013141514141310101F00000000F01034
:1092740010905050505E9E1E1EFE000000001F10F5
:109284001013141414141310101F00000000F01015
:1092940010905050505E9E1E1EFE000000001F10D5
:1092A4001013141514141310101F00000000F010F4
:1092B40010905050505E9E1E1EFE000000001F10B5
:1092C4001013141414141310101F000000000007CE
:1092D400FFFFFFFFFFFFFFFF07000000000000008B
:1092E40000307BFFFF7B300000000000000000071F
:1092F400FFFFFFFFFFFFFFFF07000000000000006B
:109304000070FBFBFBFB7000000000000000000786
:10931400FFFFFFFFFFFFFFFF07000000000000004A
:109324000060F3F3F3F360000000000000000007A6
:10933400FFFFFFFFFFFFFFFF07000000000000002A
:109344000060F3F3F3F3600000000000000000C0CD
:10935400FCFFFFFFFFFFFFFCC00000005454544417
:10936400000003030303000044545454000000C0ED
:10937400FCFFFFFFFFFFFFFCC000000054545444F7
:10938400000003030303000044545454000000C0CD
:10939400FCFFFFFFFFFFFFFCC0000000545454001B
:1093A400000003030303000000545454000000C0F1
:1093B400FCFFFFFFFFFFFFFCC000000054545444B7
:1093C400000003030303000044545454000000004D
:1093D4000000000000000000000000000000000089
:1093E4000000000000000000000000000000000079
:1093F4000000000000000000000000000000000069
:109404000000000000000000000000000000000058
:109414000000000000000000000000000000000048
:109424000000000000000000000000000000000038
:109434000000000000000000000000000000000028
:10944400000000000000000000000000020304050A
:10945400060708090A0B0C0D0E0F10100102030475
:0C94640005060708090A0B0C0D0E0F107E
:089470004814FF7F0100000019
:04947800AD810008BA
:04947C0089810008DA
:1094800000127A008385FF0101FF00000100000047
:1094900001000000100000001C000020000000007F
:1094A00000000000000000000000000000000000BC
:1094B00000000000000000000000000000000000AC
:1094C000000000000000000000000000000000009C
:1094D000000000000000000000000000000000008C
:1094E000000000000000000000000000000000007C
:0C94F00000000000000000000000000070
:040000050800AB8DB7
:00000001FF
