:020000040800F2
:1080000000A000208DAB0008DDAB0008F9F70008E8
:10801000DDAB0008DDAB0008DDAB000800000000B0
:10802000000000000000000000000000DDAB0008C0
:10803000DDAB000800000000DDAB00083DF90008E2
:10804000DDAB0008DDAB0008DDAB0008DDAB0008F0
:10805000DDAB0008DDAB0008DDAB0008DDAB0008E0
:10806000DDAB00082DF90008DDAB0008DDAB000832
:10807000DDAB000851FE0008DDAB0008DDAB0008F9
:10808000DDAB0008DDAB0008DDAB0008DDAB0008B0
:10809000E1F70008DDAB0008EDF7000835F900084E
:1080A000DDAB0008DDAB0008DDAB0008DDAB000890
:1080B000DDAB000841F90008DDAB0008DDAB0008CE
:1080C000DDAB0008DDAB0008DDAB0008DDAB000870
:1080D000DDAB0008DDAB0008DDAB0008DDAB000860
:1080E000DDAB0008DDAB0008DDAB0008DDAB000850
:1080F000DDAB0008DDAB0008DDAB0008DDAB000840
:10810000000000000000000000000000DDAB0008DF
:10811000DDAB0008DDAB0008DDAB0008DDAB00081F
:10812000DDAB0008DDAB0008DDAB0008DDAB00080F
:10813000DDAB0008DDAB000800000000000000001F
:10814000DDAB0008DDAB0008DDAB0008000000007F
:10815000000000000000000000000000000000001F
:108160000000000000000000DDAB0008DDAB0008EF
:10817000DDAB00080000000000000000000000006F
:0881800000000000DDAB000867
:1081880010B5054C237833B9044B13B10448AFF349
:1081980000800123237010BD7C0000200000000037
:1081A800646F010808B5034B1BB103490348AFF3DB
:1081B800008008BD0000000080000020646F0108F6
:1081C8002DE9F04F97B000F11E03039300F27E6390
:1081D80011930023099316ABC3F111060DF157074C
:1081E8001D460496039A049E32F8023F03920DF14D
:1081F8004701012203EA02007418204101F8010F27
:108208005200B94292B2F5D19DF948209DF9490032
:108218000496CDE9052082EA000A9DF950200292D1
:108228009DF94A209DF94C609DF94B4001960C92AE
:108238001646059A9DF94E109DF95290079182EACB
:108248000400484089EA000006999DF94DB09DF95F
:1082580051800A9432467040029E9DF94FE0614079
:10826800714089EA0101164651408BEA00009DF9E8
:1082780054200D9288EA00005040089086EA0B00CE
:10828800019E88EA000084EA060C079C019E504083
:10829800029A84EA0C0C7440544082EA0C0C88EA76
:1082A80001019DF955200E9289EA04048EEA000026
:1082B8008EEA01018BEA04045040514088EA040424
:1082C8009DF956200F928EEA0404504054409DF9BF
:1082D80053200B9289EA0C0C82EA0C0C9DF957206A
:1082E80010925040089A8AEA00008CEA00008AEA54
:1082F8000C0A42EA010C4AEA0C0C44EA0C0C50EA5B
:108308000C060FD0890001EB4201514401EBC40176
:1083180001EB001080B2A0F110010F290ED96FF007
:1083280009020992039AC3F30A031380119B9A4224
:108338007FF458AF099817B0BDE8F08F11380E28B0
:1083480079D8DFE800F0726C645E58524C46403BC6
:1083580035302A250800C9F101038DF85230099BF0
:10836800002B08BF6FF008030993DDE904620DF1E3
:1083780049000121002301E010F9012B12FB01F251
:108388001344490085429BB289B2F5D10496C9E7E6
:10839800C8F101038DF85130E1E7029BC3F10103F5
:1083A8008DF85030DBE7CEF1010E8DF84FE0D6E7BF
:1083B800079BC3F101038DF84E30D0E7CBF10103E1
:1083C8008DF84D30CBE7019BC3F101038DF84C309C
:1083D800C5E70F9BC3F101098DF85690BFE70A9BCB
:1083E800C3F101038DF84B30B9E70C9BC3F10103CE
:1083F8008DF84A30B3E7069BC3F101038DF8493085
:10840800ADE70E9BC3F101088DF85580A7E7059BE2
:10841800C3F1010253B205938DF848309FE70D9BD5
:10842800C3F101038DF8543099E70B9BC3F10103A5
:108438008DF8533093E7109BC3F101038DF8573043
:108448008DE700BF10B50B460C464FF450724FF441
:10845800105107F009FF00B110BD2046BDE81040DB
:10846800FFF7AEBE30B5302283B04FF40041054669
:1084780007F03CFF421C10D044F620640DF10603BF
:1084880001224FF40041284607F0EEFE013CA4B259
:1084980018B9BDF806301B0701D503B030BD002C54
:1084A800ECD16FF00B0003B030BD00BF10B582B047
:1084B8000DF10603012248F20D01044607F0D4FE2F
:1084C80008B102B010BDBDF8062048F20D0142F413
:1084D80000422046ADF8062007F008FF0028F0D13A
:1084E80007F0AAFE0028ECD10DF10603012248F29C
:1084F8000D01204607F0B8FE0028E2D1BDF906308C
:10850800002BB8BF6FF00A00DBE700BF002347F677
:10851800FF7130F813208A4203F1100303D0C02BF7
:10852800F7D1002070476FF007007047038847F6BF
:10853800FF718B422BD000F10E0300F1240C33F8AD
:10854800022F8A4223D06345F9D1038D8B421ED076
:10855800438D8B421BD0838D8B4218D000F12E03A4
:1085680000F1400C47F6FF7133F8022F8A420ED013
:108578006345F9D100F14E0347F6FF715E3033F8D9
:10858800022F8A4203D09842F9D1002070476FF039
:10859800070070472DE9F04105469AB00E4644F6AB
:1085A80020670DF1060301224FF40041284607F029
:1085B8005BFE013FBFB2044640B9BDF8068018F023
:1085C800080F07D1002FECD16FF00B0420461AB02A
:1085D800BDE8F08130224FF40041284607F086FEBE
:1085E800431C0446F2D018F0010833464FF020022D
:1085F8003FD14FF48061284607F036FE0446002834
:10860800E4D106F1400320224FF48861284607F0A0
:108618002BFE04460028D9D106F1800320224FF40E
:108628009061284607F020FE04460028CED106F1C6
:10863800C00320224FF49861284607F015FE04462F
:108648000028C3D106F5807320224FF4A061284684
:1086580007F00AFE04460028B8D106F5A0732022C8
:108668004FF4A861284607F0FFFD0446002841D0D2
:10867800ACE74FF48461284607F0F6FD044600286D
:10868800A4D106F1400320224FF48C61284607F05C
:10869800EBFD0446002899D106F1800320224FF40F
:1086A8009461284607F0E0FD044600288ED106F1C3
:1086B800C00320224FF49C61284607F0D5FD0446EC
:1086C800002883D106F5807320224FF4A461284640
:1086D80007F0CAFD044600287FF478AF06F5A073BA
:1086E80020224FF4AC61284607F0BEFD044600285E
:1086F8007FF46CAF02AB30224FF4B061284607F02C
:10870800B3FD044600287FF461AF01AB284601227F
:1087180048F20D0107F0A8FDBDF80430A6F8E031D5
:10872800A6F8E281044600287FF450AF02A8FFF7BC
:10873800FDFE28B9602202A906F5C0700EF0F8FB0C
:1087480047F6FF7336F814209A4204F1100403D058
:10875800C02CF7D1444639E76FF0070436E700BF6D
:1087680030B583B00C460DF10603012248F20D0125
:10877800054607F079FD08B103B030BDBDF8062005
:10878800A10222F4406201F4406192B20A432846F1
:1087980048F20D0107F0AAFD03B030BD00B583B063
:1087A8000DF10603012248F20D0107F05DFD18B92D
:1087B800BDF80600C0F3812003B05DF804FB00BFDC
:1087C80030B583B00C460DF10603012248F20D01C5
:1087D800054607F049FD08B103B030BDBDF80620D5
:1087E800E10122F4607201F4607192B20A432846F2
:1087F80048F20D0107F07AFD03B030BD00B583B033
:108808000DF10603012248F20D0107F02DFD18B9FC
:10881800BDF80600C0F3C21003B05DF804FB00BF4A
:10882800D0B5B0F8D431B0F8E0612DED028B07EE89
:10883800903A1B04B8EE678A48BFDFED277A91F8B3
:10884800240048BF38EE678A0C4601F057FC9FEDBC
:108858001E0B41EC110B0DF0F7FAC6F381263046DA
:1088680057EC106B01F05AFC9FED170B41EC110B04
:108878000DF0EAFA304653EC102B394601F0E2FDD0
:1088880001F0AEFFB4F9023007EE903A06EE900A16
:10889800B4F90030F8EEE77A07EE103AD8EE267A07
:1088A800B8EEC77AC7EE877A17EE900A01F048FC4F
:1088B80007A3D3E9002301F0E5FA01F091FFBDEC2D
:1088C800028B00EE100AD0BD00000000000000403E
:1088D8006666666666660A40000080472DE9F843CA
:1088E80005460C46FFF79CFFB5F8C03194ED046AC5
:1088F80007EE903A1A04B8EE677AB5F8803144BFAB
:10890800DFED2D7A37EE677A07EE903A1B0448BF01
:10891800DFED296AF8EE677A10EE109A48BF77EE15
:10892800E67ADFED266AE6EE077A87EE276A66EED4
:10893800267A17EE900A01F003FC064660680F4697
:1089480001F0FEFB024648469046894601F0F8FBD6
:1089580017A3D3E9002301F093FA02460B464046D9
:10896800494601F045FC164B002201F08BFA0246FD
:108978000B463046394601F065FD0646A0890F468C
:1089880001F0CCFB02460B463046394601F078FA36
:1089980001F026FF94ED027A06EE900A86EE870A29
:1089A800F3EE097A30EE270ABDE8F883AFF30080CA
:1089B8006666666666660A40000080470000804872
:1089C8000000F03F2DE9F04F2DED108B8DB00C46D7
:1089D80010EE907A83461546B0F8E2619FEDAEDA64
:1089E800B0EE40AAFFF71CFF5846214610EE108A49
:1089F800FFF774FF10EE100AF0EE409A01F0A0FBAA
:108A08009DA3D3E9002301F03DFA01F0E9FE08EE49
:108A1800100A384601F094FB97A3D3E9002301F02C
:108A280031FA01F0DDFE08EE900A68EEA88A28EE19
:108A3800088A68EEA88A94F89E05B0EE687AA8EECF
:108A4800487A06EB4606B7EE008AC7EE0A7A78EE51
:108A5800E78A01F053FB9FED8A0B41EC110B0DF0F7
:108A6800F3F951EC100B01F0BBFE0BEE100A94F871
:108A78005F0601F043FB9FED820B41EC110B0DF0FB
:108A8800E3F951EC100B01F0ABFE0BEE900A94F8F1
:108A9800DC0101F033FB9FED7A0B41EC110B0DF07B
:108AA800D3F951EC100B01F09BFED4ED0B3A94ED89
:108AB8000C6AB4F95230B4F95420D4ED0D4A94ED4F
:108AC8000E5AD4ED0F5AF7EE007AB3EE047AF0EEB0
:108AD800676AB0EE674AA3EE874A07464046E6EE65
:108AE800076A07EE103AB8EEC77AD31AB0EE67EA0B
:108AF800A4EE87EA07EE103AB4F9563094ED106AFE
:108B0800B8EEC77A9A1AF0EE67EAE5EE07EA07EEDA
:108B1800102AB4F95820B8EEC77AD31AB0EE67FA1B
:108B2800A5EE87FA07EE103AB4F95A30B8EEC77ACC
:108B38009B1AF0EE67FAE6EE07FA07EE103AC7EE70
:108B4800A6DABBF894311904D4ED116AB8EEC77AE5
:108B58006EEE2EEAE6EE877A6EEE8F5ACDEE84CA76
:108B680025EEAF6ACDED095A66EE277A8DED0A6AD1
:108B7800CDED0B7A07EE903AB4F91430B8EE677A77
:108B880044BFDFED457A37EE677A07EE903AF8EEA4
:108B9800E77ABBF8903187EE87CA1A0407EE903A55
:108BA800B8EE679A44BFDFED3C7A39EE679AF3EE88
:108BB800097A79EEE79AD4ED087AABF10203A7EEC9
:108BC800A98ACDE9013501F0BBFA04F15A030093F3
:108BD80004F5ED7308932CA3D3E9002301F050F9B1
:108BE80069EE0C7A41EC1F0BCDE9040117EE900AEF
:108BF80001F0A6FAB4F9643607EE903AF8EEE77A8F
:108C0800824667EE887A8B4617EE900A01F098FA4A
:108C18008046E069894601F093FA53EC1F2B01F076
:108C2800E7FA1E4B002201F02DF902460B4640469A
:108C3800494601F0DDFA02460B465046594601F016
:108C48001FF901F0CDFD0AEE900A384601F078FAD6
:108C58000FA3D3E9002301F0CBFA04EBC61303F505
:108C6800EE73CDE906010FF2100BDBE900AB04F25D
:108C7800DD45039350E000BF666666666612714084
:108C880000000000000000406666666666660A40EE
:108C98008DEDB5A0F7C6B03E000080470000F03F5C
:108CA800B4F94C3006EE903A6FEEACFAF8EEE66A9C
:108CB800002304EB830337EE667A93ED0B6AF7EE35
:108CC800006AE6EE076A66EEAF7A88EE270A70EE6B
:108CD800287AF5EE407AF1EE10FA00F18181B1EED2
:108CE800E70AB5EE400AF1EE10FA00F17481F1EEF0
:108CF800C07A17EE900A01F023FA52465B4601F05B
:108D0800BFF801F06DFD029B009A43F8040B029333
:108D1800089B934200F04F81019A013532F8023FD7
:108D2800019207EE903A1B0495F90030B8EE677A85
:108D380007EE903AF8EEE77A95F9C13087EE8B6A3C
:108D480048BF37EE4D7A07EE903A27EE0C7AF8EEE8
:108D5800E77AB7EE009A17EE100A87EEAB8AB0EE04
:108D680049FAA9EE86FA01F0EBF9039B33F9022FD1
:108D7800039307EE902AF8EEE77A064667EE8F7AB5
:108D88000F4617EE900A01F0DBF9804618EE100A3C
:108D9800894601F0D5F9DDE9042301F029FA954B5C
:108DA800002201F06FF802460B464046494601F0A2
:108DB8001FFA02460B463046394601F061F801F0C9
:108DC8000FFD94ED067A009B07EE900AE7EE6A7AAB
:108DD80033F8020F009387EE8A8A01F09FF9024662
:108DE8000B46DDE9060101F02DFB01F0F9FCD4ED9D
:108DF8000A7AA9EEA79A07EE900A69EE27FAB0EE6A
:108E0800480AA8EEAF0A2FEEAF7A27EE2F7A27EEA0
:108E1800007AB5EE407AF1EE10FA00F1D780B1EEA3
:108E2800C70AB5EE400AF1EE10FA00F1DE80B1EEA5
:108E3800C0FA18EE100A01F083F994ED0D9A06466F
:108E480019EE100A0F4601F07BF952465B4601F015
:108E5800CFF902460B460020664901F011F880461A
:108E68001FEE900A894601F06BF902460B46404610
:108E7800494601F0BDF969EE0F7A804617EE900A6F
:108E8800894601F05DF902460B464046494600F026
:108E9800F9FF02460B463046394601F0D3FA06463A
:108EA80018EE900A0F4601F04BF902460B46304681
:108EB800394600F0E7FF41EC100B0DF03DF80DF0DE
:108EC8003BF85B4651EC100B524600F0D9FF01F01D
:108ED80087FCB4F94E3006EE103A07EE100AB8EEE9
:108EE800C66AB4EEC76AF1EE10FA3FF7D9AEB4F924
:108EF800503006EE903AF8EEE66AF4EEC76AF1EE04
:108F080010FA05DD6FEEADFAF0EE466A0123D0E601
:108F1800B4F9523006EE103AB8EEC66AB4EEC76A33
:108F2800F1EE10FA10DCB4F9543006EE903AF8EE8F
:108F3800E66AF4EEC76AF1EE10FA07DD6FEE8EFA14
:108F4800F0EE466A0323B4E60223B2E6B4F95630DB
:108F580006EE103AB8EEC66AB4EEC76AF1EE10FA39
:108F680003DD6FEEAEFA0423A3E6B4F9583005EE3C
:108F7800903AF8EEE55AF4EEC75AF1EE10FA07DD2A
:108F8800DDED097AF0EE466A6FEEA7FA052390E662
:108F9800B4F95A3006EE903AF8EEE66AF4EEC76A8B
:108FA800F1EE10FA0CDDDDED0A7AF0EE656A6FEE8F
:108FB800A7FA06237DE60DB0BDEC108BBDE8F08F57
:108FC800DDED0B7A07236FEEA7FA72E6B0EE470ADB
:108FD8000CF0E6FF25E70CF0E3FF10EE100A8AE636
:108FE800B0EE670A0CF0DCFF7BE60CF0D9FFB0EEC0
:108FF80040FA1EE70000F03F2DE9F04F2DED0E8BF3
:1090080085B08B4615460446B0F8E2619FED90BAEC
:10901800FFF706FC2046594610EE107AFFF75EFC73
:109028009BF89E05B0EE408A01F068F89FED840B2E
:1090380041EC110B0CF008FF51EC100B01F0D0FBC8
:1090480009EE100A9BF85F0601F058F89FED7C0BBB
:1090580041EC110B0CF0F8FE51EC100B01F0C0FBC9
:10906800B4F89431029507EE903A1904B8EE677A8D
:10907800BBF9143044BFDFED767A37EE677A07EE36
:10908800903AF8EEE77AB4F8903187EE87AA1A0496
:1090980006EB46060BEBC61A0BF15A050AF5EE7AF3
:1090A80007EE903AF8EE678A44BFDFED697A78EE0A
:1090B800E78AF3EE097A38EE678AF7EE00AADBED65
:1090C800087A09EE900AF0EE6ABA3846E7EE88BAEE
:1090D80001F036F80BF5ED730BF5CC6201930392B2
:1090E80059A3D3E9002300F0CBFE68EE8A7A41EC5D
:1090F8001C0B41EC1E0B17EE900A01F021F841EC15
:109108001D0BBBF9641607EE901AF8EEE77AA71E56
:1091180067EEAB7A0BF2DD4417EE900A01F010F817
:109128008046DBF81C00894601F00AF853EC1C2B3A
:1091380001F05EF8474B002200F0A4FE02460B4601
:109148004046494601F054F802460B4651EC1D0BC7
:1091580000F096FE01F044FBDDE9018608EE900A76
:10916800DDF80C9037F8023F013407EE903A1B0403
:1091780094F9003007EE103AB8EEC77A94F9C13086
:1091880087EE096AF8EE676A07EE903A48BF76EE0E
:10919800CB6AF8EEE77AB0EE6ACAC7EEA9BA66EE0D
:1091A8008A7AA8EE06CA17EE900A00F0C9FF3AF9C3
:1091B800023F07EE903AF8EEE77A41EC1D0B67EEB6
:1091C8008C7A17EE900A00F0BBFF02460B461BEEA6
:1091D800900A43EC1C2B00F0B3FF53EC1E2B01F05C
:1091E80007F81C4B002200F04DFE02460B4651ECDE
:1091F8001C0B00F0FDFF0B46024651EC1D0B00F066
:109208003FFE01F0EDFA35F8023FDBED066A99ED15
:10921800006A07EE103A07EE900AB8EEC77AE6EE53
:10922800E87AA845A6EEC67A67EE877AE6EC017A70
:1092380098D105B0BDEC0E8BBDE8F08FAFF3008080
:1092480000000000000000406666666666660A4028
:10925800000080470000F03FB0F8E201704700BF0F
:10926800BF282CD810F00F0307D1013080B201EBD2
:1092780080010B6841F8043C7047012B20D00E2B6D
:109288001ED00F2B33D0013001EB8001D1ED006AE5
:10929800D1ED017A11ED026A11ED037A76EEE77AE3
:1092A80036EE477AB0EEE75AF0EEC75AB4EEE55A12
:1092B800F1EE10FA16DC76EEA77A41ED017A7047E6
:1092C80000F18040013801EB8001D1ED027AD1ED47
:1092D800006A77EEA67AB6EE007A67EE877AC1ED75
:1092E800017A704736EE077A01ED017A704700F18E
:1092F8008040013801EB80010B684B60704700BF6C
:10930800B0F94E20B0F84E30B0F94CC0B2F5806FCD
:10931800A8BFA3F50063B0F84C20A8BF9BB2BCF56A
:10932800806FA8BFA2F500624FEA4313A8BF92B2AC
:109338001BB252010B804A80704700BFB0F856300C
:10934800B0F8502007EE903AB3F5806FF8EE677AE0
:1093580028BF9FED167AB0F8543028BF77EEC77A49
:109368009FED137A27EE877A07EE903AB3F5806F70
:10937800F8EE677AB0F8583024BFDFED0C6A77EE64
:10938800E67A06EE903AB4EE006AB0F8523081ED13
:10939800017AFAEEEC6A67EE867A03EB4213C1EDC6
:1093A800027A8B81C1ED046A704700BF0000004556
:1093B80000008039B0F84820B0F84A3003EB421377
:1093C8008B827047B0F866309FED0B7AC3F30803C1
:1093D80007EE903AF8EEE77AF4EEC77AF1EE10FA73
:1093E800C4BF9FED067A77EEC77A9FED057A67EEE0
:1093F800877AC1ED067A704700007F430000004479
:109408000000803CB0F8463007EE903AB3F5806F24
:10941800F8EE677A24BF9FED067A77EEC77A9FED5C
:10942800057A67EE877A01F5CD61C1ED007A70475C
:10943800000000450000003BB0F86630C3F341234C
:1094480081F82430704700BFB0F8443007EE903AF6
:10945800B3F5806FF8EE677A24BF9FED057A77EE53
:10946800C77A9FED047A67EE877AC1ED0A7A70476A
:10947800000000450000003810B43D4C9FED3D6AE7
:10948800DFED3D5A4FF4A002C1E913427823A1F859
:109498005430B0F87430A1F85630B0F87830A1F8EC
:1094A8005830B0F87C30A1F85A30B0F86A30B0F8CB
:1094B800682007EE903AB0F86C3002EE903AB0F8B7
:1094C8006E3003EE103AB0F8703003EE903AB0F810
:1094D800723004EE103AB0F8763004EE903AB0F8F4
:1094E8007A3005EE103AB0F87E3007EE103A0123D4
:1094F800934006EE903AF8EE677AF8EE622AB8EEF4
:10950800433AF8EE633AB8EE444AF8EE644AB8EEE5
:10951800455AB8EE477AC1ED0B7AC1ED0C2A81EDB8
:109528000D3AC1ED0E3A81ED0F4AC1ED104A81EDB9
:10953800115A81ED127A01F12C0301F13002F8EE93
:10954800E66A4C3101E0F2EC017AF4EEC67AF1EE0B
:1095580010FAC8BF77EEE57A87EEA67AC8BFC3EDE2
:10956800007AA3EC017A8B42EDD15DF8044B704789
:10957800D8FFECFF00C07F44000000452DE9F04F04
:109588002DED048B438E9FED7C9AADF54D7D5D09E5
:1095980003F01F031433ADF80E30838E01915A097E
:1095A800804603F01F031433ADF8123038F8363F05
:1095B8001432ADF810205A0903F01F0314350DF1C9
:1095C800180B143214339FED668B8246ADF81420C5
:1095D800ADF8163003AF5E46A94601E037F8029FA2
:1095E80038F8020F00F09AFD044648460D4600F090
:1095F80085FDB0EE480AF0EE680A41EC110B0CF05C
:1096080023FC204653EC102B294600F01BFF01F0E9
:10961800E7F807EE900AC7EE897A0CABE6EC017A18
:109628009E42DBD1019A02F5CC63D2ED067AD3EDE6
:10963800008A4DA7D7E9006768EEE78A0AF23E2854
:109648000DF130090AF2BE3ABBEC018AA8F14004D8
:109658004D4634F8023F07EE903AF8EEE77AB0EE5E
:10966800687AA7EE887A17EE100A00F069FD0246BC
:109678000B463046394600F0E5FE01F0B1F84445A6
:1096880045F8040BE5D104F14008C24509F1800909
:10969800DAD1DDF830A00DAC07EE90AA0DF54C78C4
:1096A8002346B3EC017AB4EE677AF1EE10FAC8BF3C
:1096B800F0EE477A9845F4D19FED307AF4EEC77A08
:1096C800F1EE10FA45D54FF0000977EEA77A09F1C7
:1096D8000109F4EEC77AF1EE10FA5FFA89F9F4D4C9
:1096E800484600F00BFD41EC180B019B244F9FED01
:1096F8001C9B03F15A05002601E054F804ABB0EEB8
:10970800481AF0EE681AB0EE490AF0EE690A0CF051
:109718009BFB50465BEC10AB00F012FD52465B46DB
:1097280000F066FD01F05CF800F00AFD32463B46A9
:1097380000F0A8FB01F034F8A04525F8020FDCD1B1
:10974800019B83F8DC910DF54D7DBDEC048BBDE8E4
:10975800F08F9FED078B4FF00009C6E7AFF300804D
:1097680000000000000000408DEDB5A0F7C6B03E37
:10977800000000000000000000E0FF440000004777
:109788000000E03F038C428C10B5B0F824E05B0980
:109798004FF0010C0EEB421E0CFA03FC1FFA8EFE72
:1097A8001FFA8CFC00F17E0201F5EE7100F5FF74E2
:1097B80032F8023F18B2B0F5806FA4BFA3F500637A
:1097C8009BB21CFB03E321F8023FB2F98004B2F814
:1097D8008034B0F5806FA4BFA3F500639BB21CFB77
:1097E80003E3A242A1F88031E2D110BD2DE9F04F88
:1097F800B0F92A30428DB0F82C902DED068BB3F5D8
:10980800806FA4BFA2F500631BB2ADF5437D07EEE0
:10981800903A00F27E3809F01F00B8EEE7AA0191ED
:1098280000F06CFC9FED608B41EC190BC9F34719F4
:1098380002ADC2AC38F8023FB0EE491AF0EE691A30
:10984800B3F5806F4FEA531628BF403EB0EE480A82
:10985800F0EE680A28BFB6B20CF0F6FA48465BECA0
:1098680010AB00F04BFCB0EE480AF0EE680A41EC91
:10987800110B0CF0E9FA30B257EC106B00F04EFC0B
:1098880052465B4600F0B4FC00F0AAFF07EE900ACF
:1098980077EE8A7A17EE900A00F052FC32463B4681
:1098A80000F0D0FD00F09CFF45F8040BA542C1D1A3
:1098B800DDF808B007EE90BA03ADB0EEE77A2B46B4
:1098C800F3EC017AF0EEE77AF4EE477AF1EE10FA6B
:1098D800C8BFB0EE677AA342F2D1DFED377AB4EEB3
:1098E800E77AF1EE10FA5AD54FF0000937EE077A09
:1098F80009F10109B4EEE77AF1EE10FA5FFA89F995
:10990800F4D4484600F0FAFB41EC180B019B2B4FAE
:109918009FED259B03F2DD4800260EE000F010FCC9
:1099280032463B4600F0AEFA00F012FFA54240B2C4
:1099380008F8010F2AD055F804BBB0EE481AF0EE2B
:10994800681AB0EE490AF0EE690A0CF07DFA58463A
:109958005BEC10AB00F0F4FB52465B4600F048FCB1
:1099680000F03EFF07EE900AF5EEC07AF1EE10FA2D
:10997800D4D500F0E5FB32463B4600F081FA00F012
:10998800E7FEA54240B208F8010FD4D1019B83F845
:109998009E950DF5437DBDEC068BBDE8F08F9FEDE0
:1099A800048B4FF00009B1E7000000000000004000
:1099B8000000000000000000000080420000E03FBE
:1099C8002DE9F04FB0F92E30C28DB0F830902DED62
:1099D800068BB3F5806FA4BFA2F500631BB2ADF58B
:1099E800437D07EE903A00F27E3809F01F00B8EE8A
:1099F800E7AA019100F082FB9FED5F8B41EC190B08
:109A0800C9F3471902ADC2AC38F9023FB0EE491AA2
:109A1800F0EE691A03F01F06B0EE480AF0EE680A85
:109A2800DB0648BF203E0CF00FFA48465BEC10AB53
:109A380000F064FBB0EE480AF0EE680A41EC110B46
:109A48000CF002FA304657EC106B00F067FB5246F8
:109A58005B4600F0CDFB00F0C3FE07EE900A77EE00
:109A68008A7A17EE900A00F06BFB32463B4600F00C
:109A7800E9FC00F0B5FE45F8040BA542C4D1DDF8B9
:109A880008B007EE90BA03ADB0EEE77A2B46F3ECD8
:109A9800017AF0EEE77AF4EE477AF1EE10FAC8BFF1
:109AA800B0EE677AA342F2D1DFED377AB4EEE77A07
:109AB800F1EE10FA5AD54FF0000937EE077A09F19E
:109AC8000109B4EEE77AF1EE10FA5FFA89F9F4D4F5
:109AD800484600F013FB41EC180B019B2B4F9FED00
:109AE800269B03F29E5800260EE000F029FB324622
:109AF8003B4600F0C7F900F02BFEA54240B208F83B
:109B0800010F2AD055F804BBB0EE481AF0EE681AD7
:109B1800B0EE490AF0EE690A0CF096F958465BEC8B
:109B280010AB00F00DFB52465B4600F061FB00F005
:109B380057FE07EE900AF5EEC07AF1EE10FAD4D58A
:109B480000F0FEFA32463B4600F09AF900F000FEBB
:109B5800A54240B208F8010FD4D1019B83F85F9663
:109B68000DF5437DBDEC068BBDE8F08F9FED048BB2
:109B78004FF00009B1E700BF0000000000000040FE
:109B88000000000000000000000080420000E03FEC
:109B98002DE9F843B0F85A30B0F85E20B0F86060AC
:109BA80007EE903AB3F5806F2DED028BB8EE678A19
:109BB80028BFDFED437A044690F85C0028BF38EEF2
:109BC800678A06EB42160D4600F098FA9FED3A0BAD
:109BD80041EC110B0CF038F959EC108B18EE100A07
:109BE80000F0AEFA42464B4600F02CFC00F0F8FDBF
:109BF800B4F8623003F03F0208EE102AB8EEC88AC3
:109C0800F3EE0F7AB4EEE78AF1EE10FAC8BFDFED93
:109C18002D7A0746C3F38710C8BF38EE678A00F06D
:109C28006DFA9FED250B41EC110B0CF00DF959EC79
:109C3800108B18EE100A00F083FA42464B4600F0EB
:109C480001FC00F0CDFDB4F86430286203F03F0257
:109C580008EE102AB8EEC88AF3EE0F7AB4EEE78A57
:109C6800F1EE10FAC8BFDFED177AC3F38710C8BF4B
:109C780038EE678A00F042FA9FED0F0B41EC110BAA
:109C88000CF0E2F859EC108B18EE100A00F058FAB4
:109C98004B46424600F0D6FB00F0A2FDBDEC028B1D
:109CA80005F5CC6336B2E8611F60A5F86466BDE8C7
:109CB800F88300BFAFF30080000000000000004000
:109CC800000000450000804200F5CD6090ED000ADC
:109CD800704700BF4FF6FF7310B50024A1F86C362B
:109CE8007E30234630F8022F03F1010EBAB9B0F8DE
:109CF80080215AB9B0F8002342B9B0F8802404F1A1
:109D0800010C1AB9A1F86C361FFA8CF41FFA8EF3FD
:109D1800C02B08D0022CE5D16FF0020010BD1FFA4D
:109D28008EF3C02BDED1022C0CBF6FF00200002096
:109D380010BD00BF38B5838A5B0640F18680B0F954
:109D48004E20B0F84E300D46B2F5806FB0F94C1089
:109D5800B0F84C20A4BFA3F500639BB2B1F5806FA7
:109D6800A4BFA2F5006292B25B011BB25201294660
:109D78002B806A80FFF7E2FAB0F84820B0F84A3042
:109D88009FED337A03EB4213AB82B0F86630C3F32E
:109D9800080207EE902AF8EEE77AB0F84620F4EECB
:109DA800C77AF1EE10FAC4BF9FED2A7A77EEC77A28
:109DB8009FED297A67EE877A07EE102AB2F5806F51
:109DC800C5ED067AB8EE477A24BFDFED247A37EE80
:109DD800677ADFED237A27EE277A05F5CD62C3F39C
:109DE800412382ED007A85F82430B0F8443007EE3C
:109DF800903AB3F5806F28BF9FED187AF8EE677A2E
:109E0800044628BF77EEC77A9FED167A67EE877A01
:109E1800C5ED0A7AFFF730FB2946FFF7B9FE294658
:109E28002046FFF7ABFB29462046FFF7ABFC294647
:109E38002046FFF7DBFC29462046FFF7C1FD2946EF
:109E48002046BDE83840FFF745BF6FF0060038BD33
:109E580000007F43000000440000803C00000045F3
:109E68000000003B00000038838A13F0400F0CBF4D
:109E78006FF006000020704781F0004102E000BF4B
:109E880083F0004330B54FEA41044FEA430594EAB2
:109E9800050F08BF90EA020F1FBF54EA000C55EAED
:109EA800020C7FEA645C7FEA655C00F0E2804FEABE
:109EB8005454D4EB5555B8BF6D420CDD2C4480EAA0
:109EC800020281EA030382EA000083EA010180EAD0
:109ED800020281EA0303362D88BF30BD11F0004F1E
:109EE8004FEA01314FF4801C4CEA113102D0404254
:109EF80061EB410113F0004F4FEA03334CEA13338F
:109F080002D0524263EB430394EA050F00F0A780A6
:109F1800A4F10104D5F1200E0DDB02FA0EFC22FAA1
:109F280005F2801841F1000103FA0EF2801843FA95
:109F380005F359410EE0A5F120050EF1200E012A86
:109F480003FA0EFC28BF4CF0020C43FA05F3C018C4
:109F580051EBE37101F0004507D54FF0000EDCF13D
:109F6800000C7EEB00006EEB0101B1F5801F1BD3E6
:109F7800B1F5001F0CD349085FEA30004FEA3C0CEA
:109F880004F101044FEA445212F5800F80F09A80E0
:109F9800BCF1004F08BF5FEA500C50F1000041EBE4
:109FA800045141EA050130BD5FEA4C0C404141EBE8
:109FB8000101013C28BFB1F5801FE9D291F0000FE3
:109FC80004BF01460020B1FA81F308BF2033A3F192
:109FD8000B03B3F120020CDA0C3208DD02F1140C89
:109FE800C2F10C0201FA0CF021FA02F10CE002F1C4
:109FF8001402D8BFC2F1200C01FA02F120FA0CFCBD
:10A00800DCBF41EA0C019040E41AA2BF01EB045105
:10A01800294330BD6FEA04041F3C1CDA0C340EDC03
:10A0280004F11404C4F1200220FA04F001FA02F346
:10A0380040EA030021FA04F345EA030130BDC4F104
:10A048000C04C4F1200220FA02F001FA04F340EAF9
:10A058000300294630BD21FA04F0294630BD94F0AA
:10A06800000F83F4801306BF81F480110134013D91
:10A078004EE77FEA645C18BF7FEA655C29D094EA02
:10A08800050F08BF90EA020F05D054EA000C04BF80
:10A098001946104630BD91EA030F1EBF002100206B
:10A0A80030BD5FEA545C05D14000494128BF41F00A
:10A0B800004130BD14F580043CBF01F5801130BD6E
:10A0C80001F0004545F0FE4141F470014FF00000F9
:10A0D80030BD7FEA645C1ABF194610467FEA655CAA
:10A0E8001CBF0B46024650EA013406BF52EA03354C
:10A0F80091EA030F41F4002130BD00BF90F0000F3A
:10A1080004BF0021704730B54FF4806404F1320475
:10A118004FF000054FF0000150E700BF90F0000F2E
:10A1280004BF0021704730B54FF4806404F1320455
:10A1380010F0004548BF40424FF000013EE700BF25
:10A1480042004FEAE2014FEA31014FEA02701FBFB5
:10A1580012F07F4393F07F4F81F06051704732F0E7
:10A168007F4208BF704793F07F4F04BF41F400213E
:10A17800704730B54FF4607401F0004521F000419C
:10A188001CE700BF50EA010208BF704730B54FF026
:10A1980000050AE050EA010208BF704730B511F027
:10A1A800004502D5404261EB41014FF4806404F15F
:10A1B80032045FEA915C3FF4D8AE4FF003025FEAE5
:10A1C800DC0C18BF03325FEADC0C18BF033202EB69
:10A1D800DC02C2F1200300FA03FC20FA02F001FAC3
:10A1E80003FE40EA0E0021FA02F11444BDE600BF66
:10A1F80070B54FF0FF0C4CF4E06C1CEA11541DBF15
:10A208001CEA135594EA0C0F95EA0C0F00F0DEF8DF
:10A218002C4481EA030621EA4C5123EA4C5350EAC4
:10A22800013518BF52EA033541F4801143F4801315
:10A2380038D0A0FB02CE4FF00005E1FB02E506F0A6
:10A248000042E0FB03E54FF00006E1FB03569CF0FB
:10A25800000F18BF4EF0010EA4F1FF04B6F5007F01
:10A2680064F5407404D25FEA4E0E6D4146EB060673
:10A2780042EAC62141EA55514FEAC52040EA5E50FC
:10A288004FEACE2EB4F1FD0C88BFBCF5E06F1ED8A6
:10A29800BEF1004F08BF5FEA500E50F1000041EBDD
:10A2A800045170BD06F0004646EA010140EA02008A
:10A2B80081EA0301B4EB5C04C2BFD4EB0C0541EAAC
:10A2C800045170BD41F480114FF0000E013C00F3C1
:10A2D800AB8014F1360FDEBF002001F0004170BDE5
:10A2E800C4F10004203C35DA0C341BDC04F11404FE
:10A2F800C4F1200500FA05F320FA04F001FA05F28A
:10A3080040EA020001F0004221F0004110EBD37056
:10A3180021FA04F642EB06015EEA430E08BF20EA82
:10A32800D37070BDC4F10C04C4F1200500FA04F325
:10A3380020FA05F001FA04F240EA020001F00041B7
:10A3480010EBD37041F100015EEA430E08BF20EA2A
:10A35800D37070BDC4F1200500FA05F24EEA020E72
:10A3680020FA04F301FA05F243EA020321FA04F0A1
:10A3780001F0004121FA04F220EA020000EBD37058
:10A388005EEA430E08BF20EAD37070BD94F0000F58
:10A398000FD101F00046400041EB010111F4801F8C
:10A3A80008BF013CF7D041EA060195F0000F18BF3D
:10A3B800704703F00046520043EB030313F4801F79
:10A3C80008BF013DF7D043EA0603704794EA0C0F33
:10A3D8000CEA135518BF95EA0C0F0CD050EA410649
:10A3E80018BF52EA4306D1D181EA030101F00041C6
:10A3F8004FF0000070BD50EA410606BF10461946EE
:10A4080052EA430619D094EA0C0F02D150EA0136F9
:10A4180013D195EA0C0F05D152EA03361CBF10463A
:10A4280019460AD181EA030101F0004141F0FE41D9
:10A4380041F470014FF0000070BD41F0FE4141F45D
:10A44800780170BD70B54FF0FF0C4CF4E06C1CEA5D
:10A4580011541DBF1CEA135594EA0C0F95EA0C0F12
:10A4680000F0A7F8A4EB050481EA030E52EA0335CD
:10A478004FEA013100F088804FEA03334FF08055EE
:10A4880045EA131343EA12634FEA022245EA11151B
:10A4980045EA10654FEA00260EF000419D4208BFCC
:10A4A800964244F1FD0404F5407402D25B084FEA79
:10A4B8003202B61A65EB03055B084FEA32024FF425
:10A4C80080104FF4002CB6EB020E75EB030E22BF82
:10A4D800B61A754640EA0C005B084FEA3202B6EB42
:10A4E800020E75EB030E22BFB61A754640EA5C00F1
:10A4F8005B084FEA3202B6EB020E75EB030E22BF81
:10A50800B61A754640EA9C005B084FEA3202B6EB81
:10A51800020E75EB030E22BFB61A754640EADC0040
:10A5280055EA060E18D04FEA051545EA16754FEAA2
:10A5380006164FEAC30343EA52734FEAC2025FEAC0
:10A548001C1CC0D111F4801F0BD141EA00014FF04F
:10A5580000004FF0004CB6E711F4801F04BF014320
:10A568000020B4F1FD0C88BFBCF5E06F3FF6AFAE3C
:10A57800B5EB030C04BFB6EB020C5FEA500C50F1CC
:10A58800000041EB045170BD0EF0004E4EEA11314F
:10A5980014EB5C04C2BFD4EB0C0541EA045170BD56
:10A5A80041F480114FF0000E013C90E645EA060E9A
:10A5B8008DE60CEA135594EA0C0F08BF95EA0C0FC8
:10A5C8003FF43BAF94EA0C0F0AD150EA01347FF410
:10A5D80034AF95EA0C0F7FF425AF104619462CE7E7
:10A5E80095EA0C0F06D152EA03353FF4FDAE10464A
:10A5F800194622E750EA410618BF52EA43067FF49B
:10A60800C5AE50EA41047FF40DAF52EA43057FF42A
:10A61800EBAE12E74FF0FF3C06E000BF4FF0010C35
:10A6280002E000BF4FF0010C4DF804CD4FEA410C99
:10A638007FEA6C5C4FEA430C18BF7FEA6C5C1BD066
:10A6480001B050EA410C0CBF52EA430C91EA030FE7
:10A6580002BF90EA020F0020704710F1000F91EA44
:10A66800030F58BF994208BF90422CBFD8176FEA12
:10A67800E37040F0010070474FEA410C7FEA6C5CE0
:10A6880002D150EA013C07D14FEA430C7FEA6C5CE7
:10A69800D6D152EA033CD3D05DF8040B704700BF13
:10A6A8008446104662468C461946634600E000BF61
:10A6B80001B5FFF7B7FF002848BF10F1000F01BD33
:10A6C8004DF808EDFFF7F4FF0CBF012000205DF8FE
:10A6D80008FB00BF4DF808EDFFF7EAFF34BF012083
:10A6E80000205DF808FB00BF4DF808EDFFF7E0FF1C
:10A6F80094BF012000205DF808FB00BF4DF808ED6D
:10A70800FFF7CEFF94BF012000205DF808FB00BFD3
:10A718004DF808EDFFF7C4FF34BF012000205DF8B5
:10A7280008FB00BF4FEA410C7FEA6C5C02D150EA9B
:10A73800013C0AD14FEA430C7FEA6C5C02D152EA31
:10A74800033C02D14FF0000070474FF00100704702
:10A758004FEA410212F5001215D211D56FF4787341
:10A76800B3EB625212D94FEAC12343F0004343EAE4
:10A77800505311F0004F23FA02F018BF40427047BF
:10A788004FF00000704750EA013005D111F0004049
:10A7980008BF6FF0004070474FF00000704700BFDF
:10A7A8004A0011D212F5001211D20DD56FF4787348
:10A7B800B3EB62520ED44FEAC12343F0004343EA9D
:10A7C800505323FA02F070474FF00000704750EAE8
:10A7D800013002D14FF0FF3070474FF00000704752
:10A7E8004FEA4102B2F1E04324BFB3F5001CDCF1AB
:10A7F800FE5C0DD901F0004C4FEAC0024CEA5070E3
:10A80800B2F1004F40EB830008BF20F00100704711
:10A8180011F0804F21D113F13872BCBF01F0004014
:10A82800704741F480114FEA5252C2F11802C2F146
:10A83800200C10FA0CF320FA02F018BF40F00100C7
:10A848004FEAC1234FEAD32303FA0CFC40EA0C0079
:10A8580023FA02F34FEA4303CCE77FEA625307D1B6
:10A8680050EA01331EBF4FF0FE4040F440007047ED
:10A8780001F0004040F0FE4040F40000704700BF87
:10A8880053B94AB9002908BF00281CBF4FF0FF314F
:10A898004FF0FF3000F074B9ADF1080C6DE904CE4B
:10A8A80000F006F8DDF804E0DDE9022304B07047A3
:10A8B8002DE9F047089D04468E46002B4DD18A426B
:10A8C800944669D9B2FA82F252B101FA02F3C2F19E
:10A8D800200120FA01F10CFA02FC41EA030E94402F
:10A8E8004FEA1C48210CBEFBF8F61FFA8CF708FB50
:10A8F80016E341EA034306FB07F199420AD91CEB28
:10A90800030306F1FF3080F01F81994240F21C8159
:10A91800023E63445B1AA4B2B3FBF8F008FB1033A1
:10A9280044EA034400FB07F7A7420AD91CEB0404D6
:10A9380000F1FF3380F00A81A74240F207816444A6
:10A94800023840EA0640E41B00261DB1D44000232B
:10A95800C5E900433146BDE8F0878B4209D9002D8F
:10A9680000F0EF800026C5E9000130463146BDE819
:10A97800F087B3FA83F6002E4AD18B4202D3824283
:10A9880000F2F980841A61EB030301209E46002D32
:10A99800E0D0C5E9004EDDE702B9FFDEB2FA82F287
:10A9A800002A40F09280A1EB0C014FEA1C471FFAE5
:10A9B8008CFE0126200CB1FBF7F307FB131140EACC
:10A9C80001410EFB03F0884208D91CEB010103F199
:10A9D800FF3802D2884200F2CB804346091AA4B25B
:10A9E800B1FBF7F007FB101144EA01440EFB00FE2F
:10A9F800A64508D91CEB040400F1FF3102D2A64594
:10AA080000F2BB800846A4EB0E0440EA03409CE732
:10AA1800C6F12007B34022FA07FC4CEA030C20FADF
:10AA280007F401FA06F31C43F9404FEA1C4900FAFF
:10AA380006F3B1FBF9F8200C1FFA8CFE09FB18117C
:10AA480040EA014108FB0EF0884202FA06F20BD9EF
:10AA58001CEB010108F1FF3A80F08880884240F23F
:10AA68008580A8F102086144091AA4B2B1FBF9F083
:10AA780009FB101144EA014100FB0EFE8E4508D97E
:10AA88001CEB010100F1FF346CD28E456AD9023803
:10AA9800614440EA0840A0FB0294A1EB0E01A142E8
:10AAA800C846A64656D353D05DB1B3EB080261EB56
:10AAB8000E0101FA07F722FA06F3F1401F43C5E930
:10AAC800007100263146BDE8F087C2F12003D84066
:10AAD8000CFA02FC21FA03F3914001434FEA1C47A8
:10AAE8001FFA8CFEB3FBF7F007FB10360B0C43EA9A
:10AAF800064300FB0EF69E4204FA02F408D91CEB4A
:10AB0800030300F1FF382FD29E422DD90238634447
:10AB18009B1B89B2B3FBF7F607FB163341EA0341E7
:10AB280006FB0EF38B4208D91CEB010106F1FF3836
:10AB380016D28B4214D9023E6144C91A46EA00462D
:10AB480038E72E46284605E70646E3E61846F8E6BF
:10AB58004B45A9D2B9EB020864EB0C0E0138A3E708
:10AB68004646EAE7204694E74046D1E7D0467BE7E9
:10AB7800023B614432E7304609E76444023842E761
:10AB8800704700BFDFF834D000F026F80C480D49B4
:10AB98000D4A002302E0D458C4500433C4188C4230
:10ABA800F9D30A4A0A4C002301E013600432A24296
:10ABB800FBD30CF089F901F0A7FCFEE700A0002008
:10ABC800000000207C000020889401087C00002000
:10ABD800B4510020FEE70000034AD2F8883043F45D
:10ABE8007003C2F88830704700ED00E000000000F4
:10ABF8002DE9F04F2DED088BB0F84030ADF6045D2F
:10AC0800064604468946180B03F00F01C3F3031BDD
:10AC1800C3F30323059336F8423F06931E3004F12D
:10AC28004E0508AA36F8023F103203F00F0742F823
:10AC3800107CC3F3031742F80C7CB542C3F3032717
:10AC48004FEA133342F8087C42F8043CEAD11FAEBD
:10AC580007AB0796049353F8042F072AC4BF103A8A
:10AC68001A609E42F7D104F15E0620AA35F8023F29
:10AC7800103203F00F0742F8107CC3F3031742F8B1
:10AC88000C7CAE42C3F303274FEA133342F8087C27
:10AC980042F8043CEAD11FAB3FAD53F8042F072A12
:10ACA800C4BF103A1A609D42F7D104F17E030393A2
:10ACB80001238B4007EE903AF8EEE78AFFF71EFA79
:10ACC8009FED75AB00239FED7CBA029341EC190B05
:10ACD80009F580570DF5807A049A039E52F8043FCF
:10ACE8000492059A03FA02F8069B9844029B40AA2C
:10ACF80002EB830520AC36F8023FB0EE491AF0EEBD
:10AD0800691AC3F3051307EE903AB0EE4A0AF0EE5B
:10AD18006A0A54F8043BF8EEE77A03FA0BF3434463
:10AD2800B3EE0F7AF4EEC77A07EE103AF1EE10FAA6
:10AD3800C8BF77EECB7AB8EEC78AC5ED007AA8EE21
:10AD4800A78A0BF081F8D7ED956A97ED947AD9ED3B
:10AD5800067A37EE267A18EE100A8DED000B27EEEC
:10AD6800C78AFFF7EDF9DDE90023FFF76BFBFFF773
:10AD780037FD07EE100AF6EE007AA8EE277A17EEEE
:10AD8800100AFFF7DDF902460B4645A1D1E900019B
:10AD9800FFF758FBFFF724FDA24545F8040BAAD19D
:10ADA800039B079A40330393029B20330293049B2F
:10ADB800934291D1DDF8008141AC08EE108A0DF57F
:10ADC80050652346F3EC017AF4EE487AF1EE10FA76
:10ADD800C8BFB0EE678A9D42F4D118EE100AFFF79B
:10ADE800AFF931A3D3E90023FFF774FC00284FD053
:10ADF8002DA7D7E900674FF0000A38EE088A0AF154
:10AE0800010A18EE100AFFF79BF932463B465FFA33
:10AE18008AFAFFF75FFC0028EFD15046FFF76EF97A
:10AE280041EC180B9FED1C9B244FCDF8009009F1C5
:10AE3800480B002601E054F8048BB0EE481AF0EEF7
:10AE4800681AB0EE490AF0EE690A0AF0FDFF4046BA
:10AE580059EC108BFFF774F942464B46FFF7C8F9D7
:10AE6800FFF7BEFCFFF76CF932463B46FFF70AF8DE
:10AE7800FFF796FCA5422BF8020FDCD1DDF8009015
:10AE880089F84AA60DF6045DBDEC088BBDE8F08F85
:10AE98009FED078B8246C5E70000000000000040D8
:10AEA8008DEDB5A0F7C6B03E9A999999D9FFDF40C4
:10AEB8000000000000000000000080420000E03FA9
:10AEC8002DE9F04F2DED088BB0F86E20ADF61C4D36
:10AED8000746130A8DF81530B7F87030B0F86C00D3
:10AEE8008DF8172003F00F02C3F303138DF8160033
:10AEF80003F108000123934007EE903A97F96D207B
:10AF08008DF814200392B8EEE7BA0291FFF7F6F82D
:10AF18009FED77AB06AB41EC190B039A01930DF14A
:10AF28001408F2EE00BABE374FF00009019EA7F1EF
:10AF3800400509F10104F0EE088A02E018F903203F
:10AF4800013435F8023FB0EE491AF0EE691AC3F33E
:10AF5800420307EE903AB0EE4A0AF0EE6A0AF8EEBB
:10AF6800E77A07EE102AF4EEE87AF1EE10FAC8BF95
:10AF780077EEEB7AB8EEC78AC6ED007AABEE278A91
:10AF88000AF062FF5BEC10AB18EE100AFFF7D8F876
:10AF980052465B46FFF756FAFFF722FCC4F340120D
:10AFA80004F00103AF4246F8040B03EB4203C5D19A
:10AFB800019B09F120098033B9F5407F07F140076B
:10AFC800019308D009F00102C9F3401302EB4303CF
:10AFD80018F90320AAE7DDF8188007EE908A07AC75
:10AFE800B0EEE78A0DF618452346F3EC017AF0EE49
:10AFF800E77AF4EE487AF1EE10FAC8BFB0EE678A45
:10B008009D42F2D118EE100AFFF79AF83DA3D3E952
:10B018000023FFF75FFB002864D03AA7D7E9006751
:10B028004FF0000A38EE088A0AF1010A18EE100AF1
:10B03800FFF786F832463B465FFA8AFAFFF74AFB83
:10B048000028EFD15046FFF759F841EC180B029B46
:10B058002B4F9FED279B03F64B4B002640460EE0F7
:10B06800FFF76EF832463B46FEF70CFFFFF770FB22
:10B07800A54240B20BF8010F2BD054F8040BB0EEE8
:10B08800481AF0EE681AB0EE490AF0EE690A019023
:10B098000AF0DAFE59EC108B0198FFF751F8424696
:10B0A8004B46FFF7A5F8FFF79BFB07EE900AF5EE76
:10B0B800C07AF1EE10FAD3D5FFF742F832463B4694
:10B0C800FEF7DEFEFFF744FBA54240B20BF8010F86
:10B0D800D3D1029B83F84CAF0DF61C4DBDEC088B09
:10B0E800BDE8F08F9FED048B8246B0E7AFF3008098
:10B0F8000000000000000040000000000000000008
:10B108000000E03F3333333333B34F4000000000D7
:10B118002DE9F04F2DED048BB0F86830B0F87000D1
:10B12800ADF61C4D4FEA133BB3F5004FC3F30322B2
:10B1380005AF28BFABF1100B1C0548BF103A8A4673
:10B14800BA701906C3F3031248BF103A7A7003F0B5
:10B158000F021B0748BF103A4FFA8BFB87F800B065
:10B16800FA70C0F30320FEF7C9FF9FED699B41EC1D
:10B17800180B26AE0DF698494FF00008A6F1800589
:10B1880008F1010402E017F903B00134B0EE481ADF
:10B19800F0EE681AB0EE490AF0EE690A0AF054FEB9
:10B1A80007EE90BAF8EEE77A8DED000B17EE900AED
:10B1B800FEF7C6FFDDE90023FFF744F9FFF710FBB0
:10B1C80045F8040BC4F3401204F00103AE4203EB4C
:10B1D8004203D8D18036B14508F1200808D0C8F319
:10B1E800401308F0010202EB430317F903B0C5E767
:10B1F800DDF8188007EE908A07ACB0EEE78A0DF606
:10B2080018452346F3EC017AF0EEE77AF4EE487A33
:10B21800F1EE10FAC8BFB0EE678A9D42F2D118EE7F
:10B22800100AFEF78DFF3FA3D3E90023FFF752FA78
:10B238000090002867D03BA7D7E90067002399460C
:10B2480038EE088A09F1010918EE100AFEF778FFAE
:10B2580032463B465FFA89F9FFF73CFA0028EFD1FE
:10B268004846CDF80C90FEF749FF41EC180B9FEDCE
:10B27800289B2B4F0AF64C7B002640460EE0FEF733
:10B288005FFF32463B46FEF7FDFDFFF761FAA54238
:10B2980040B20BF8010F2BD054F8040BB0EE481A4B
:10B2A800F0EE681AB0EE490AF0EE690A00900AF06A
:10B2B800CBFD59EC108B0098FEF742FF42464B46F7
:10B2C800FEF796FFFFF78CFA07EE900AF5EEC07AC4
:10B2D800F1EE10FAD3D5FEF733FF32463B46FEF7C0
:10B2E800CFFDFFF735FAA54240B20BF8010FD3D1D5
:10B2F800039B0AF5805A8AF84D320DF61C4DBDECB9
:10B30800048BBDE8F08F9FED048B0390AFE700BF7F
:10B3180000000000000000400000000000000000E5
:10B328000000E03F3333333333B34F400B464FF421
:10B3380050724FF4105104F05BBE00BF10B582B0DC
:10B348000DF10603012248F20D01044604F050FEF7
:10B3580008B102B010BDBDF8062048F20D0142F454
:10B3680000422046ADF8062004F084FE0028F0D103
:10B3780004F026FE0028ECD10DF10603012248F264
:10B388000D01204604F034FE0028E2D1BDF9063054
:10B39800002BB8BF6FF00800DBE700BF70B50546AB
:10B3A800A2B00E4644F620640DF1060301224FF4C4
:10B3B8000041284604F01CFE013CA4B2A0B9BDF827
:10B3C80006301A0712D530224FF40041284604F0FF
:10B3D80051FE431C08D033464FF440724FF480614D
:10B3E800284604F005FE38B122B070BD002CDBD130
:10B3F8006FF0090022B070BD02AB40224FF4E0614B
:10B40800284604F0F5FD0028EED101AB01222846BC
:10B4180048F20D0104F0ECFDBDF80640BDF804301B
:10B42800A6F8803604F00104A6F882460028DBD18D
:10B43800BDF8082047F6FF70824250D00DF1160380
:10B448000BAD33F8021F814249D0AB42F9D1BDF8A8
:10B458003030834243D0BDF8323083423FD0BDF80C
:10B46800343083423BD00DF1360312AD47F6FF70FE
:10B4780033F8021F814232D0AB42F9D10DF15603A5
:10B488001BAD47F6FF7033F8021F814227D09D425B
:10B49800F9D1BDF87030834221D0BDF872308342B3
:10B4A8001DD0BDF87430834219D00DF176030DF12B
:10B4B800860547F6FF7033F8021F81420FD09D4280
:10B4C800F9D106F2FE510DF10A0322A801E033F882
:10B4D800022B21F8022F8342F9D1B6F882460023C5
:10B4E80047F6FF7001E0182B0DD09901DAB2715AB6
:10B4F800814203F10103F6D102F00102A242F2D126
:10B508006FF0070070E720466EE700BF00000000FC
:10B518002DE9F04FB0F86630DFEDE56A63F0FF0221
:10B52800520143F30723A2F500525B012DED028B74
:10B538004A800B80B0F864309A0A07EE902AF8EE39
:10B54800E77AB3EE0F7AF4EEC77AF1EE10FAC8BFD5
:10B558009FEDDF7AC3F30903C8BF77EEC77A07EE1A
:10B56800103AB8EEC78A9FEDD37AB4EEC78A05467B
:10B57800F1EE10FA008CC8BF9FEDCF7AB5F8626083
:10B58800BFB000F470400C4667EEA68AC8BF38EE1C
:10B59800478AFEF7C3FDC94B0022FEF729FEC84BB8
:10B5A8000022FEF76FFCFFF71BF9A681B5F86030A3
:10B5B800A38295F97820B5F8783006EE902AB5F888
:10B5C8007020B4EE007A43F3072328EE078A07EECB
:10B5D800103AC2F3013384F824304FF6D873B5F823
:10B5E8007E202364B5F87E30C4ED018AC3F30313CB
:10B5F800C2F30132A4F8443002EB8202B5F87E109F
:10B6080084ED028A520013FB02F39BB2C1F30321BB
:10B61800A4F8443001FB02334FF4C872A4F8463052
:10B62800A4F84820B5F87E3095F97A10B5F87A2054
:10B638002061FAEEED6A03F00F03C4ED066A06EE28
:10B64800901A03F1080101238B4007EE903AF8EEB7
:10B65800E66AF8EEE77ABAEEE97AC6EEA75A42F356
:10B668000722B5F87C3043F3072384ED0A7A07EE06
:10B67800102AB8EEC77AC4ED0B5AC7EE276A914A6A
:10B68800B5F84000000B1B3007EE103A95F97C30F6
:10B69800C4ED0C6AB8EEC77A87EE276A07EE103A4F
:10B6A800B5F97430E263B8EEC77AC3F30907B5F8A1
:10B6B800742084ED0E6A9B05C7EE276A48BFA7F57C
:10B6C80080674FEA92234ABFBEB2BEB23FB2B2F51C
:10B6D800004F24BF403B9BB233441EB2B5F87230D2
:10B6E800C3F3090307EE103ADFED727AC4ED0D6A71
:10B6F800B8EEC78AB4EEE78AF1EE10FAC4BFDFED00
:10B708006E7A38EE678AFEF7F9FC9FED670B41EC1D
:10B71800110B0AF099FB59EC108B18EE100AFEF782
:10B728000FFD42464B46FEF78DFEFFF759F8B5F878
:10B7380072309B0A07EE903AF8EEE77AB3EE0F7A8A
:10B7480008EE900A95F97600F4EEC77AF1EE10FA51
:10B7580006EE900AC8BF9FED5E7AF8EEE66AC8BFAB
:10B7680077EEC77A9FED587A16EE900AB7EE008A00
:10B77800A7EE878AFEF7E4FC8046B5F87000C0F3B0
:10B78800031008308946FEF7B9FC9FED470B41ECE2
:10B79800110B0AF059FB404653EC102B4946FEF7B3
:10B7A80051FEFFF71DF8206295F9770007EE900A21
:10B7B800F8EEE77A17EE900AFEF7C2FC8046B5F875
:10B7C8007000C0F303208946FEF798FC9FED360B06
:10B7D80041EC110B0AF038FB494653EC102B40465C
:10B7E800FEF730FEFEF7FCFF28EE888A04F580534A
:10B7F800E0612146A3F85872C3ED948A83ED958AD7
:10B80800A3F85A6228460393FFF7F2F9288C2946D1
:10B8180000F00F03019331F8229FC0F30313029342
:10B82800C0F3032005F12E0706AA31F8023F1032B3
:10B8380003F00F0642F8106CC3F3031642F80C6CC1
:10B848008F42C3F303264FEA133342F8086C42F8D9
:10B85800043CEAD105AA1DA9134653F8046F072E24
:10B86800C4BF103E1E609942F7D105F13E0C1EAED2
:10B87800964637F8023F103603F00F0246F8102CB0
:10B88800C3F3031246F80C2CBC45C3F303224FEA5A
:10B89800133346F8082C46F8043CEAD172461DAB2F
:10B8A8003DAF19E0AFF30080000000000000004049
:10B8B800000080390080FF43000080440000103FF2
:10B8C8000000204017B751B90000003C0000803D3F
:10B8D800000080420000004253F8046F072EC4BFE6
:10B8E800103E1E609F42F7D105F17E0A3EABCDE9BE
:10B8F800043A04F24A6ED44652F8043F83404B445B
:10B908009BB276461EAFE046009338F802AF019B23
:10B918004FEA9A2BBAF5004F0FFA8BFA24BFABF116
:10B92800400B0FFA8BFA0AFA03FBA6F802A0029B57
:10B9380057F804AB0AFA03FA009B9A44049BDA44CA
:10B94800BB4226F802AFE0D191420CF1400C0EF157
:10B95800400ED1D128462146DDF814A0FFF7B0FAF1
:10B9680021462846FFF7D4FBB5F86A305FED296A0F
:10B97800AA8A03F03F0107EE901AF8EEE77AB3EED1
:10B988000F7AF4EEC77AF1EE10FAC8BF1FED307ADD
:10B99800C3F38411C8BF77EEC77A07EE101AB8EE62
:10B9A800C77AB2EE0E6AB4EEC67AF1EE10FA67EE16
:10B9B800A66AC8BF5FED397A4FEAD323C8BF37EE0E
:10B9C800677A07EE903AF8EEE77AB2EE0E6AF4EE8E
:10B9D800C67AF1EE10FAC8BF1FED426A039BC8BFD2
:10B9E80077EEC67AF6EE005AB4EE006A41F26821A4
:10B9F80027EE257A67EE867A6FEA1212661802F049
:10BA0800800284F825200025C3ED976A83ED987A93
:10BA1800C3ED997A4FF0FF3363502A467360B360E1
:10BA2800F36033612B460BE024F8173082B2013300
:10BA38009BB2B3F5407F19D0052A77D0052D7CD06D
:10BA48003AF8021F02F63417501C0029ECD011F006
:10BA5800010F05F63811EAD004EB410101354B809E
:10BA680001339BB2B3F5407FADB2E5D1052A5DD075
:10BA7800052D62D05319042B00F39C80002A63D053
:10BA880002F1010904F593581FFA89F908F106082B
:10BA98004FF0010E724571461ADD38F81E704FEAF4
:10BAA800571C07F01F0736F811304FEA531AACEB52
:10BAB8005310A3EB4A1301309BB2FB1A022801F181
:10BAC800010103F1010301D8022B70D98A42EADC93
:10BAD8000EF1010EF145DDD1BDBB04F593510C46C5
:10BAE800531E9BB20A31123401EB430104EB450C9F
:10BAF800BDB1308827464FEA501E00F01F0037F8C6
:10BB0800022B5309A2EB4313AEEB52129BB2013244
:10BB1800C31A022A03F1010301D8022B47D967454A
:10BB2800EDD10236B142E3D1002001E06FF002000E
:10BB38003FB0BDEC028BBDE8F08F6FF003003FB063
:10BB4800BDEC028BBDE8F08FBDB305F1010904F52A
:10BB5800935804F5935E1FFA89F908F110080EF15D
:10BB6800120E0127BD4239461BDD38F817C04FEACF
:10BB78005C1A0CF01F0C3EF811304FEA531BAAEB6D
:10BB88005310A3EB4B1301309BB2ACEB0303022819
:10BB980001F1010103F1010301D8022B07D98D42FC
:10BBA800E9DC0137B945DDD1002A96D1BCE76FF051
:10BBB8000500BDE76FF00400BAE72846B8E700BF04
:10BBC800F8B52DED028BB0F88066054691F8240093
:10BBD8009FED258B0C46FEF791FAB0EE480AF0EE81
:10BBE800680A41EC110B0AF02FF9C6F3812630469A
:10BBF80057EC106BFEF782FAB0EE480AF0EE680ACE
:10BC080041EC110B0AF020F9B5F9541653EC102B3E
:10BC180008EE101A30463946FEF714FCFEF7E0FD30
:10BC2800B4F9023007EE903A06EE900AB4F9003003
:10BC3800B8EEC88AF8EEE77A07EE103AD8EE267A18
:10BC4800B8EEC77AC7EE877A17EE900AFEF778FA49
:10BC580007A3D3E90023FEF715F9FEF7C1FDBDECF4
:10BC6800028B00EE100AF8BD000000000000004042
:10BC78006666666666660A402DE9F84305460C4620
:10BC8800FFF79EFFB5F9403694ED046ADFED2A6AA6
:10BC980007EE103AB5F9003607EE903AB8EEC77AD3
:10BCA800F8EEE77A10EE105AE7EE067A87EE276A82
:10BCB80066EE267A17EE900AFEF742FA06466068A4
:10BCC8000F46FEF73DFA804628468946FEF738FAC1
:10BCD80017A3D3E90023FEF7D3F802460B464046E4
:10BCE8004946FEF785FA154B0022FEF7CBF80246C7
:10BCF8000B4630463946FEF7A5FB0646A0890F4697
:10BD0800FEF70CFA02460B4630463946FEF7B8F8FD
:10BD1800FEF766FD94ED027A06EE900A86EE870A33
:10BD2800F3EE097A30EE270ABDE8F883AFF3008016
:10BD38006666666666660A40000080480000F03F56
:10BD48002DE9F04F2DED108B8DB0B0F882360893A9
:10BD58008B4610EE905A044617460390F0EE409A30
:10BD6800FFF72EFF20465946A04610EE104AFFF76F
:10BD780083FF10EE100AB0EE409AFEF7E1F994A3A3
:10BD8800D3E90023FEF77EF8FEF72AFD08EE100A35
:10BD98002846FEF7D5F98EA3D3E90023FEF772F8FB
:10BDA800FEF71EFD08EE900A68EEA88A28EE088ABB
:10BDB80068EEA88A9BF84C0FB0EE687AA8EE487A2D
:10BDC8000BF58056B7EE00CAC7EE297AB0EE4C8A5A
:10BDD80078EEE78AFEF792F99FED770B41EC110BAD
:10BDE8000AF032F851EC100BFEF7FAFC0AEE100AD2
:10BDF80096F84D020996FEF781F99FED6F0B41EC1D
:10BE0800110B0AF021F851EC100BFEF7E9FC0AEED1
:10BE1800900A9BF84A06FEF771F99FED670B41EC13
:10BE2800110B0AF011F851EC100BFEF7D9FCDBED01
:10BE38000B5A9FED657ABBF914209BED0C6ADBED7C
:10BE48000D6AB8F88066F0EE4C7AE5EE877A03461C
:10BE58007609B3EE097A39EE479A9BED087AA7EE90
:10BE6800098A2046444607EE102AB8F91426CCEE73
:10BE780027BA07EE902AB8EEC77AF8EEE77ABBF948
:10BE8800442087EE27BA07EE902A0DEE903ABBF9C8
:10BE98004630F8EEE77A9B1AF0EE4CCAE6EE27CA6F
:10BEA800B8F9502607EE903AF8EEE77AA6EEA7CA58
:10BEB80007EE902AF8EEE77A2CEE8CCA27EE8BDA9A
:10BEC800FEF73EF906F0800207923DA3D3E900236E
:10BED800FDF7D6FF80468946DBF81C00FEF730F9EF
:10BEE80042464B46FEF784F90022384BFDF7CAFF5D
:10BEF80049EC1F8B8946B4F9101607EE901AF8EE34
:10BF0800E77A804667EE8B7A17EE900AFEF718F903
:10BF1800099BB3F9583207EE903AF8EEE77A0446EF
:10BF280067EE887A0D4617EE900AFEF709F9424641
:10BF38004B46FEF75DF902460B4620462946FDF7BB
:10BF48009FFFFEF74DFC9BF82530079A0A90934215
:10BF58001DEE100A00F0E781FEF7F2F8099B93ED59
:10BF6800977AB3F95A3207EE903AF8EEE77A044630
:10BF780077EE877A0D4667EE887A4FF0000A17EE5B
:10BF8800900AFEF7DDF842464B46FEF731F90B46BC
:10BF9800024629462046FDF773FFFEF721FC73B2DF
:10BFA80001970BF64C460BF14A070B900693029645
:10BFB80000971FE0AFF30080000000000000004081
:10BFC8006666666666660A40000020420000F03F2A
:10BFD8006666666666127140019B04330193009B96
:10BFE80002330093029BBAF5407F03F101030293E9
:10BFF80000F09481069A002A039ACAF34018D146A1
:10C008004346B2F88226BCBF09F0010388EA03035D
:10C018009A4254460AF1010ADED1029B93F90020A4
:10C0280093F9013307EE902AF8EEE77AB7EE008A23
:10C0380087EE8A7AA9EE078A07EE103A039B33F94E
:10C04800193007EE903AF8EEE77AB8EEC77A67EE5D
:10C058008B7A87EE2ADA17EE900AFEF771F8009BC2
:10C06800B3F9023607EE903AF8EEE77A41EC1E0B88
:10C0780067EE887A17EE900AFEF762F806461DEE1C
:10C08800100A0F46FEF75CF853EC1F2BFEF7B0F8CA
:10C09800AF4B0022FDF7F6FE02460B463046394606
:10C0A800FEF7A6F802460B4651EC1E0BFDF7E8FE1C
:10C0B800FEF796FB9BF82530079A934207EE900A05
:10C0C80007EE100A2FD0099B4FEA4808D3ED995A7A
:10C0D800D3ED986A08F1FF3306EE103AE21C04F13A
:10C0E800020348BFA21DB8EEC66A9B10B9F1000F43
:10C0F800A3EBA203E5EE867A03EBAA03B8BF09F126
:10C108000309A3EBA909C8F1010819FB08F84FFABC
:10C1180088F8B0EE677A07EE908AF8EEE77AF1EEE3
:10C12800666AA6EEA77A089B0CAA02EB8303DBEDEE
:10C13800066A53ED027AA6EEE77A1DEE900A87EEBC
:10C1480029DAFDF7FDFF7EA3D3E90023FEF750F8B7
:10C15800009B044618880D46FDF7E0FF02460B4693
:10C1680020462946FEF76EF9FEF73AFBB7EE008A3D
:10C178009BED0A7AF0EE487AE9EE077A07EE100AA4
:10C1880027EE878AB0EE4D7AA8EE887A68EE087AAC
:10C1980067EE887A67EE877A17EE900AFDF7D0FF88
:10C1A80041EC100B09F0C8FE09F0C6FEDBF83000C0
:10C1B8008DED040BFDF7C4FF04461DEE100A0D4675
:10C1C800FDF7BEFF60A3D3E90023804689462046D9
:10C1D8002946FEF70DF802460B4600205C49FDF79C
:10C1E8004FFE064618EE100A0F46FDF7A9FF024655
:10C1F8000B4630463946FDF7FBFF22462B460646DE
:10C208000F46DDE90401FDF7F3FFFEF7E9FAFDF754
:10C2180097FF02460B4630463946FDF733FE024685
:10C228000B4640464946FEF70DF9044618EE900ABB
:10C238000D46FDF785FF02460B4620462946FDF7C9
:10C2480021FE41EC100B09F077FE09F075FE3EA3C4
:10C25800D3E9002351EC100BFDF712FEFEF7C0FAEC
:10C26800BBF9423007EE103A07EE900AB8EEC77AEB
:10C27800B4EEE77AF1EE10FA2EDDBBF9403007EEA6
:10C28800103A28EE2B8AB8EEC77A00230BEB83030B
:10C29800D3ED0B6A77EEC77AB7EE007AA6EEA77AE7
:10C2A80027EE088ACDEE087A77EEA87A17EE900A7C
:10C2B800FDF746FF41EC100B09F03EFE09F03CFE8D
:10C2C80021A3D3E9002351EC100BFDF7D9FDFEF7AC
:10C2D80087FA019B18607FE6BBF9443006EE903A76
:10C2E800F8EEE66AF4EEE76AF1EE10FA10DCBBF954
:10C2F800463007EE103AB8EEC77AB4EEE77AF1EEB8
:10C3080010FA07DD28EE2C8AB0EE667A0223BDE724
:10C318000123BBE728EE0C8A0323B7E70DB0BDEC79
:10C32800108BBDE8F08FFDF70BFF099BB3F95A326C
:10C3380007EE903A0446F8EEE77A0D461BE600BF92
:10C348008DEDB5A0F7C6B03E6666666666127140AA
:10C358000000F03F70B521F4006384B023B16FF0A2
:10C368000105284604B070BD0C460DF106030122F4
:10C3780041F2F411064604F097F8051EF1DBBDF80A
:10C38800061021F400610C432E22A4B28DF8092076
:10C398001121F422230A8DF80A108DF80B2002A926
:10C3A80006223A2530468DF808508DF80C30ADF845
:10C3B80006408DF80D4004F0B9F805460F2004F04A
:10C3C800DDF8284604B070BD70B521F4807384B0E0
:10C3D80023B16FF00105284604B070BD0C460DF17D
:10C3E8000603012241F2F411064604F05DF8051E29
:10C3F800F1DBBDF8061021F480710C432E22A4B2A3
:10C408008DF809201121F422230A8DF80A108DF8DD
:10C418000B2002A906223A2530468DF808508DF8DF
:10C428000C30ADF806408DF80D4004F07FF8054655
:10C438000F2004F0A3F8284604B070BD00B583B0FF
:10C448000DF10603012243F6144104F02DF80028EB
:10C45800A4BFBDF80600C0F3002003B05DF804FBDC
:10C4680010B582B001AB012243F22C41044604F01E
:10C478001BF800280DDB0DF10603012243F61441D9
:10C48800204604F011F80028A4BFBDF80600C0F348
:10C49800002002B010BD00BF00B583B00422002107
:10C4A80001234FF0800C8DF806100DEB02018DF87A
:10C4B80004308DF805C08DF8073004F037F803B064
:10C4C8005DF804FB70B51E4615460B46142242F66D
:10C4D8000261044603F0E8FF002813DB2B464FF403
:10C4E800407242F62A61204603F0DEFF002809DB8D
:10C4F8003346204640F20132BDE8704043F22C41F9
:10C5080003F0D2BF70BD00BF2DE9F04F2DED028BB7
:10C518008C4B8D4A8D4E9A60B1B005F089FF02F0C0
:10C52800C9FE02F0FDFE04F09DF802F019FD02F0CC
:10C538006BFF02F059FE03F065F802F0F5FD02F01A
:10C5480025FE327800230321CDE9083306930A93A8
:10C5580007917AB13378042B02D033780A2B09D1AA
:10C5680001237B48069306A907F01EFA0B2003F067
:10C57800EBF809E001244FF0904006A9069407F073
:10C5880013FA204603F0E0F833780A2B00F01483FE
:10C598003378052B08D03378092B05D03378122B44
:10C5A80002D03378132B03D140F67F4003F058F8BC
:10C5B8000BAB08EE903A13AC0DF1400B33780B2B14
:10C5C80000F0EB823378012B22D03378022B1FD076
:10C5D8003378032B1CD03378062B19D03378072BEC
:10C5E80016D033780A2B13D033780C2B10D033782D
:10C5F800102B0DD033785BB10023CDE913331193A1
:10C6080008220123524810925946129307F0CCF998
:10C61800504A514C514D0323C4E90023204640F2AF
:10C62800E733A36007F0E6FF04F040F8204608F07F
:10C638000DF804F0A9F9204608F008F802F0D0FA3D
:10C648002B78062B464B00F093822A78062A00F0B6
:10C6580096822A78062A00F099823F4807F0F6FF6A
:10C668002B78032B00F07E822B78042B00F07A8243
:10C6780002F0EAFB3848DFF8EC90DFF8DC8007F0DE
:10C68800E5FF002004F0A6FF012500271DE0630751
:10C6980039D005F05BFD05F083FD05F0EFFD05F0F1
:10C6A80079FE05F011FE05F033FE05F0A5FD05F055
:10C6B800C5FD01F0E9FE01F0A7FF642005F0DCFEEE
:10C6C800322D51D001350137EDB24046FCB207F0AA
:10C6D800BDFF002FDBD105F039FD05F061FD05F048
:10C6E800CDFD05F057FE05F0EFFD05F011FE05F054
:10C6F80083FD05F0A3FD01F0C7FE01F085FF64206E
:10C7080005F0BAFEDEE7C4F3C10404EB840409EBC8
:10C71800C4144FF0020A8022214658460AF008FC49
:10C72800504600210AF1010A03F07CFF5FFA8AFAF9
:10C738008021584603F058FFBAF1070F04F180042E
:10C74800E9D1A6E700ED00E000800008980000208D
:10C758000004004800300040D4010020BE00002042
:10C768008F030020587D0108A74B00241C70E0B2FD
:10C77800013404F069FB082CF9D10027CDE90177D1
:10C78800DFF8C482A14DDFF8C4A2DFF8C49208EE36
:10C7980010BA3C46BB46504607F058FF9C4B1B78E6
:10C7A800002B4ED105F062FE019BC01A994B1B78F5
:10C7B800002B14BF64234FF4FA73984280F005816C
:10C7C80005F054FEC01B132800F2E58005F04EFE6C
:10C7D800A0EB0B00B0F5FA7F80F0D28005F046FEA2
:10C7E800029BC01A952872D88B4B1B78002B6BD1F3
:10C7F80003F026F9894B1B78002B5DD13378082B81
:10C8080029D098F80030002BC5D005F02FFE844BB6
:10C818001B68C01A0028BEDB88F80040002202EB23
:10C8280042030132EC542B44082A5C709C70F6D108
:10C8380003F0A0F9504607F009FF754B1B78002B51
:10C84800B0D0734B072148461C7006F055FD48468A
:10C8580006F0C8FCA6E7734B1B78002BD1D0714BB0
:10C868001C70714B198889B2012938BF0121B1F5B3
:10C87800FA7F28BF4FF4FA7100226C4B187802EB4C
:10C888004203C0B2E8546A4800782B44C0B25870DA
:10C89800684800780132C0B2082A9870EDD1039137
:10C8A80003F068F905F0E2FD03995D4B0844186050
:10C8B800012388F80030A4E703F01AF908B1574BB0
:10C8C8001C7003F057F999E704F0D4FE90E705F0DF
:10C8D800CDFD029001F082FD01F0B2FD05F0FCFBF8
:10C8E80005F018FC05F03AFD534A13780133DBB222
:10C8F800022B06D9504B514A1C701378013303F0B0
:10C908000303137004F0E6FE00F030FA33788DF874
:10C918005440CDE91244002B61D03378132B5ED0FC
:10C9280033780A2B00F096803378042B00F0C2800D
:10C938003378112B00F0D7803378052B00F0DF8097
:10C948003378092B00F0F5803378082B7FF44CAF4F
:10C958003B4B1B788DF8143040F255131093484622
:10C968000123149306F0EEFC00283FF43DAF18EEC7
:10C97800903A18EE101A05AA484606F065FC33E707
:10C9880005F074FD98F800308346002B7FF426AF3D
:10C9980004F0A4F822E705F069FD074601F074FDEC
:10C9A80001F032FE05F0D2FB05F0FAFB05F066FC5B
:10C9B80005F0F0FC05F088FC05F0AAFC05F01CFC6D
:10C9C80005F03CFC01F0ECFC00E705F04FFD4FF4EE
:10C9D800004101904FF0904007F0DCF8F0E6194A6A
:10C9E8001388C3F307238DF8143013888DF8153096
:10C9F80040F23513109348460223149306F0A2FC24
:10CA080000283FF4F1AEB2E704000020C003002084
:10CA1800A600002010040020900300201504002028
:10CA2800A000002014040020A4000020BC03002063
:10CA3800BB030020BA030020990000209A000020C0
:10CA4800BD000020AC0000209C000020D401002084
:10CA5800140100206D4A1388C3F307238DF814309E
:10CA680013888DF8153040F2751310934846022349
:10CA7800149306F067FC00286BD1654A13681B0AFB
:10CA88008DF8143013688DF8153040F27713109331
:10CA980048460223149306F055FC002850D15D4AFD
:10CAA80013681B0A8DF8143013688DF8153040F29E
:10CAB80079139FE7584A1388C3F307238DF8143076
:10CAC80013888DF81530554B1B788DF8163040F2C9
:10CAD8004513109348460323149306F033FC0028AB
:10CAE8003FF482AE43E74C4A1388C3F307238DF81B
:10CAF800143013888DF8153040F243237AE740F25A
:10CB0800471310930323149372B6454B1B6862B600
:10CB18008DF81530C3F307238DF81430414B484680
:10CB28001B788DF8163006F00DFC00283FF45CAE3B
:10CB38001DE73C4B1B788DF8143040F265130DE768
:10CB480018EE903A18EE101A05AA484606F07CFB33
:10CB5800A5E718EE903A18EE101A05AA484606F00E
:10CB680073FB8AE730490122142002F079F87FE547
:10CB78001A78012A7FF469AD03F06CF96DE51A782B
:10CB8800022A7FF466AD03F0A1FA66E51B78032B51
:10CB98007FF463AD03F0E6FB5FE5002313930822FF
:10CBA80063604FF40413CDE910232048012359464C
:10CBB800129306F0F9FE2BE50BAB40F6FF101C466E
:10CBC80008EE903A02F04CFD202321460B9313AC5B
:10CBD8000223002501274FF090400C930DF1400BE4
:10CBE80003230E930D950F9706F0DEFE02F076FDF7
:10CBF80013954FF404136560594640254FF0904053
:10CC0800CDE91053129706F0CFFED7E4AC00002010
:10CC180074030020EC010020FC030020FE03002028
:10CC2800B0000020BD0000208F0300200004004851
:10CC38000A4B10B51880044601F0BEFD902001F0A3
:10CC48006BFE012001F068FE200A01F065FEE0B2EB
:10CC580001F062FEBDE8104001F00ABE0C000020A1
:10CC68000B4B10B51C8801F0A7FD902001F054FE75
:10CC780044F40044012001F04FFE200A01F04CFE6C
:10CC8800E0B201F049FEBDE8104001F0F1BD00BF7F
:10CC98000C00002038B501F08FFD902001F03CFE1B
:10CCA800B8B1002001F038FE98B101F085FD91205F
:10CCB80001F032FE68B1012001F0E0FE05460020D7
:10CCC80001F0DCFE044601F0D3FD44EA052000B281
:10CCD80038BD01F0CDFD002038BD00BF00B51F4AAA
:10CCE8001F4B10781F4A1B781F49ADF52B7D4FF05D
:10CCF800010C8DF80500009202A840F29E228DF8E2
:10CD080004C08DF806300AF013F96A460DF5297C3F
:10CD18004221002301E012F8011F4B40082158006E
:10CD280013F0800F08BF5B0080F0070001F1FF31AE
:10CD380014BFC3B2DBB211F0FF01F0D16245EAD1F2
:10CD480040F2A62269464FF480708DF8073002F051
:10CD5800BFF80DF52B7D5DF804FB00BFC60600206B
:10CD6800C7060020424B4C42280400202DE9F04120
:10CD7800294C2A4D267805F079FB294B294A93F846
:10CD88000080294B1F88294BB3F800E0284B1978FD
:10CD980006EB8603003942F8130002EB43034FEA1F
:10CDA800860C83F80480A3F80570A3F807E02B78B5
:10CDB80018BF01210BB141F002010CEB060302EB95
:10CDC8004303227859721B4B0132A3FB02135B0801
:10CDD80003EB431103EB41031749D31A23700B7874
:10CDE800164C422B9CBF01330B702B7823B1144E89
:10CDF80022783378134309D02B7803F0FF020BB95C
:10CE08000F4B1A702B782370BDE8F081FFF766FF8F
:10CE180001233370F0E700BFC7060020100400208C
:10CE28009800002028040020AC00002012040020F4
:10CE3800BD0000206B4CA407C60600202504002076
:10CE480024040020274B1A68B2F5A87F00D0704749
:10CE58001B69022BFBD92449244AB1F80130244824
:10CE6800097811705BBA03801378012BD9B214D0FA
:10CE78001378022B14D000231E4A194603EB430CE7
:10CE880002EB0C000133082B02F80C104170817082
:10CE9800F4D1194B01221A707047184B197070475A
:10CEA80000B572B61649174A174B91F800E092F888
:10CEB80000C018785FFA8EFE5FFA8CFCC0B262B6CA
:10CEC8000C4A002101EB4103013102F803E013444D
:10CED800082983F801C09870F4D1074B01221A7011
:10CEE8005DF804FBE0030020D80300209B0000202D
:10CEF800A4000020C0030020150400201404002012
:10CF0800BC030020BB030020BA030020F8B5204B67
:10CF18001A68B2F5F87F00D0F8BD1B69042BFBD95D
:10CF28001C4B1B7803F0FF05002BF5D172B61A4E87
:10CF38001A4834781A4F4FF4005106F01FFEA4F136
:10CF48000104B4FA84F46409A0424FF40051134870
:10CF580018BF3D60224606F017FED6F8013019BA10
:10CF680013B9396062B6F8BD0E4A0F4B1160002440
:10CF78003960224609481C704FF4805106F004FEBF
:10CF8800064822464FF4804106F0FEFDEAE700BF5E
:10CF9800E003002004000020D8030020000400481B
:10CFA8000C040020080000200804002038B5474C75
:10CFB800474B2246002106F0D9F900B138BD05F0EB
:10CFC80055FA444D444B186000F0AEFA2B781BB16B
:10CFD8002368B3F5807FF1D100F058F900F080FEA6
:10CFE8002B78002BEAD13D4B1B78182BE6D801A2F1
:10CFF80052F823F091D0000861D0000861D00008F1
:10D0080061D00008C5CF0008CDD0000861D0000865
:10D0180061D00008C5D00008BDD00008B5D0000810
:10D02800C5CF000861D000089DD0000869D000086D
:10D03800C5CF000861D00008ADD00008A5D0000811
:10D0480089D00008C5CF000881D0000879D0000831
:10D0580071D0000869D00008BDE8384000F01ABD5A
:10D06800BDE8384001F040B9BDE8384000F070BD77
:10D07800BDE8384000F0CCBFBDE83840FFF746BFF8
:10D08800BDE8384000F084BC00F03AFFBDE8384005
:10D0980000F000BDBDE8384000F072B8BDE8384087
:10D0A80001F0F0B8BDE8384000F088B8BDE8384075
:10D0B80000F074BDBDE8384000F0A8BCBDE83840B9
:10D0C800FFF7C0BEBDE8384000F00AB8E003002012
:10D0D800D803002010040020A80000209800002099
:10D0E80038B51F4B1A68B2F5A07F00D038BD1B6950
:10D0F800012BFBD91B4B1B78002BF7D11A4D1B4C6E
:10D108002B78237005F0B2F96A78194BA2F1010265
:10D11800B2FA82F21860520910214FF0904006F0DE
:10D1280033FD23781349144A40F67F4000FB03F38C
:10D1380012681248A1FB0313DB095363237803F039
:10D14800FF0233B1BDE8384001224FF4007106F008
:10D158001BBDBDE838404FF4007106F015BD00BF97
:10D16800E003002004000020D8030020BC000020B9
:10D17800B400002081808080640200200004004800
:10D188000B4B1A68B2F5D87F00D070471B69002B8B
:10D19800FBD0084B1B78002BF7D1074B1A78003AC5
:10D1A8004FF002014FF0904018BF012206F0ECBC8E
:10D1B800E003002004000020D80300202E4A136852
:10D1C800B3F5107F26D040F24122934215D040F2A9
:10D1D8004222934221D110B5284B1B78052B88B0E9
:10D1E8001CD002226946222001F06CFD18B12448A7
:10D1F80006F0A8F838BB08B010BD224B1B7803F026
:10D20800FF0253B91D4B1B78052B2DD01E49212039
:10D2180001F026BD1269022A09D07047FFF73AFDCE
:10D22800C0F307238DF800308DF80100DFE7154BB8
:10D238001B78002BF1D1114B1B78052B16D0124906
:10D24800202001F00DBD40F242200221002402906E
:10D25800069101AB6A4602A909488DF81C40CDE940
:10D26800044405F0F1FFC6E7FFF7FABC064B18883F
:10D2780040BA80B2FFF7DCBCE0030020BE0000200B
:10D288001401002004000020D80300202DE9F041FB
:10D29800914D2B68B3F5C07F92B03ED0B3F5C17FF6
:10D2A80074D0B3F5C97F09D0B3F5807F03D12B695A
:10D2B800082B00F0A28012B0BDE8F0812B69042B86
:10D2C800F9D1864B1A78E32AF5D15A78A52AF2D1F2
:10D2D8009A78E02AEFD1DE78FF2EECD1222231466F
:10D2E80009A809F033FE222209A9002001F0F0FD67
:10D2F80000247B4B7B481C702222214609F026FE25
:10D3080079482222314609F021FE784806F01AF8B9
:10D31800002840F0CF802B68C6E72B69012BCAD9BB
:10D328006E4A92F80080B8F1070F28BF4FF007083F
:10D33800013B984588BF5FFA83F8002204214FF02B
:10D3480090408DF80C8006F01FFCB8F1000F0FD04C
:10D35800674C08F1FF37631C0DF10D0653FA87F788
:10D3680014F8010B01F02CFDBC4206F8010BF7D1B3
:10D378004FF090400122042106F006FC5B4805F0BE
:10D38800E1FF30BB2B68B3F5C17F8AD1574805F060
:10D39800D9FF08B92B6884E74FF40041554806F0D7
:10D3A800EDFBA0F10100B0FA80F00021400940F245
:10D3B8008313CDE90B1101248DF8040009938DF82E
:10D3C800381003AB01AA09A948480D9405F03CFFA1
:10D3D800E0E708F1010800215FFA88F240F28110C5
:10D3E800CDE90B1109900D928DF8381001AB03AA05
:10D3F80009A93E4805F028FFC4E7384C3E4B3F4A90
:10D4080061782078187001255970A1789970157085
:10D4180005F02CF83A4B3B49E2783B4F3B4E00F580
:10D428001C50103008601A70394A237915703B7007
:10D43800384D63793370A3792B70374B1B78082BE1
:10D448001DD0E479354900230FE03878C0B28854FC
:10D4580030780A44C0B2507028785A00C0B21A44D2
:10D468000A440133082B907020D003EB4302002CB0
:10D47800EBD18C540A44204654705A00EFE7284BED
:10D488001B78022B12D172B63B7834782878E4B234
:10D49800DDB2C0B262B62149002202EB420301327A
:10D4A800CD540B44082A5C709870F6D11D4B0122AC
:10D4B8001A7000E740F291110822039107926B4617
:10D4C80001AA03A909488DF82040CDE90144CDE916
:10D4D800054405F0B9FE1EE7E0030020D80300204C
:10D4E800C0000020980300205003002014010020F1
:10D4F800D9030020000800488C0300208403002082
:10D508009203002088030020BC030020BB030020F6
:10D5180090030020BA03002098000020C0030020D8
:10D528009B0000201504002030B5A04C2368B3F5FB
:10D53800FE6F8BB070D0B3F5FF6F00F0E58040F25E
:10D54800FB72934200F0C880B3F5887F00F0D0806A
:10D55800B3F5C87F7FD0B3F5D07F61D123692BB1F4
:10D56800934B1B78062B01D8924A1370924805F00A
:10D57800E9FE002840F06B812368B3F5D17F56D1CE
:10D5880023692BB18A4B1B78192B01D88B4A13704E
:10D59800894805F0D7FE002840F040812368B3F59C
:10D5A800D27F4BD123691BB1814A854B12781A70FF
:10D5B800814805F0C7FE002840F018812368B3F5BC
:10D5C800D37F42D1236973B1794B1B78032B0AD8D7
:10D5D8007C49784A0B701378032B00F0B5811378D7
:10D5E800042B00F0B181744805F0ACFE88B3754B8C
:10D5F800002019788DF8041040F2A712CDE9060032
:10D60800012404928DF8240002AB01AA04A96A48F7
:10D61800089405F019FE1CE02269042A00F08180B4
:10D6280040F2A1129342A1D0B3F5D17FA8D040F225
:10D63800A3129342ACD0B3F5D27FB3D040F2A51277
:10D648009342B5D0B3F5D37FBCD0A3F5D373012BE8
:10D65800C9D90BB030BD584805F074FE002835D044
:10D66800594B5A49DA88097858798DF80810197E83
:10D678008DF809008DF80A1002B91A89987A8DF880
:10D688000C20110A8DF80B1000B9187B597BDD7A34
:10D698009A7B8DF80D0055EA01034FF000010CBF8D
:10D6A8000B46012308208DF80E3040F29113CDE986
:10D6B80006118DF80F2004930DEB000208908DF8E9
:10D6C80024103D4801AB04A905F0BEFD2368B3F55D
:10D6D800D07F3FF443AFA3E7374D284605F032FE2D
:10D6E800002840F0C9802368B3F5887F7FF430AF05
:10D6F800314805F027FE002840F0FC802368B3F588
:10D70800C87F7FF428AFA6E72B4805F01BFE00284A
:10D7180040F0CB80236840F2FB7293427FF414AF51
:10D72800DAE7234A1178B0297FF47AAF51780729CC
:10D738007FF476AF91781D297FF479AFD2785A2A91
:10D748007FF475AF224A234B12681B6822480024D5
:10D75800546340215C63012206F016FA1E482246F3
:10D768004FF4007106F010FA224602214FF0904063
:10D7780006F00AFA194B1B78092B00F0EC800023FD
:10D78800174A049302E0049B01330493049B9342D9
:10D79800F9D9BFF34F8F1349134BCA6802F4E062FB
:10D7A8001343CB60BFF34F8F00BFFDE7E0030020BA
:10D7B800D8030020BE00002014010020BF00002074
:10D7C800AE0000208F03002098030020C000002036
:10D7D80064020020B00200200004004898000020E5
:10D7E800FFE1040000ED00E00400FA055D4B0322B0
:10D7F80000211B788DF8042040F2A5100222CDE903
:10D8080006118DF80530049008928DF8241002ABAB
:10D8180001AA04A9544805F017FDCFE6534A544B12
:10D8280012781B788DF80420002140F2A310022200
:10D83800CDE906118DF80530049008928DF8241072
:10D8480002AB01AA04A9484805F0FEFCA6E6494B2C
:10D8580000211A788DF8042040F2A1130120CDE9A7
:10D868000611049308908DF8241002AB01AA04A9AC
:10D878003D4805F0E9FC7FE62B689B69180C1B0EF8
:10D88800002140F2FC728DF805300223CDE9061123
:10D898008DF80400049208938DF82410284602ABF2
:10D8A80001AA04A905F0D0FC1DE70323CC2001221E
:10D8B80000218DF809308DF80A308DF80B0002230D
:10D8C80040F2F9708DF80C200822CDE906118DF888
:10D8D80008108DF80D108DF80E108DF80F3004908B
:10D8E80008928DF8241001AB6A4404A91E4805F07B
:10D8F800ABFC0FE720482149214A0078214B0978E1
:10D9080012781B788DF80400003918BF0121003AFD
:10D9180018BF0122003B18BF01238DF8051040F203
:10D92800111000218DF806200422CDE906118DF88A
:10D938000730049008928DF8241002AB6A4404A9B9
:10D94800094805F081FCD9E60F490122142001F0AD
:10D9580087F9236879E60D482246402106F014F934
:10D968000DE700BFAE0000201401002005000020D4
:10D97800BF000020BE0000209800002010040020F6
:10D98800A600002004000020D8030020000400485E
:10D9980038B5154B1A68B2F5F07F00D038BD1B6951
:10D9A800022BFBD9114B1B78002BF7D1104D114AD4
:10D9B8002B88114C5BBA138004F058FD0F4AAB78E2
:10D9C8001060237004F052FD0D4B0E491860237847
:10D9D8000D4A40F67F4000FB03F31268A1FB0313D6
:10D9E800DB09536338BD00BFE003002004000020BA
:10D9F800D803002012040020E401002000040020C5
:10DA0800E80100208180808064020020194B1A6898
:10DA1800B2F5B07F00D070471B69012BFBD970B5F8
:10DA2800154B1B7803F0FF0403B170BD134D144E62
:10DA38002B78337004F01AFD6A78124B012A1860AB
:10DA48000DD0114B11481B68A2F10102B2FA82F203
:10DA58005C635209BDE87040402106F095B83478FF
:10DA68000B4B40F67F4101FB04F4A3FB0434E409AB
:10DA7800E7E700BFE003002004000020D8030020EF
:10DA88004C030020480300206402002000040048E2
:10DA980081808080254B1A68B2F5907F00D070474E
:10DAA8001B69042BFBD92DE9F041214B1B7803F0AE
:10DAB800FF040BB1BDE8F08172B61E4D1E4895F803
:10DAC80000801E4F202106F059F8A8F10106B6FA89
:10DAD80086F67609B0423246174818BF3C602021C6
:10DAE80006F052F8D5F8012013BADAB11449154AEC
:10DAF8000B603B6012783AB91349B8F1010F0A6814
:10DB080018BF5B4213440B600024104B0A481C707A
:10DB18002246082106F038F807482246402106F038
:10DB280033F800E03B6062B6C4E700BFE0030020C2
:10DB380004000020D8030020000400480C04002042
:10DB48000800002098000020040400200804002099
:10DB58000F4B1A68B2F50C7F0FD040F231218A4280
:10DB680000D070471A69032AFBD10A4B1B78002B97
:10DB7800F7D10949312001F073B81A69032AF0D1A5
:10DB8800044B1B78002BECD10349302001F068B816
:10DB9800E003002004000020D8030020404AF8B524
:10DBA8001368B3F5B87F22D040F273118B4206D0C8
:10DBB800B3F5BC7F02D11369002B4AD1F8BD1369B4
:10DBC800002BFBD0374A384B12781A701B7837492C
:10DBD800374A03EB8300C3EB40231268A1FB03130E
:10DBE800DB09536304F042FC324B1860F8BD13693B
:10DBF800052BE3D92B4C304A23885BBA138004F0F9
:10DC080035FC2E4A2E4B10601B7803F0FF06002BC4
:10DC1800D4D172B6A5782B482B4F202105F0AEFF42
:10DC2800A5F10105B5FA85F56D09A8422A464FF018
:10DC38002001244818BF3E6005F0A6FF2379E1784B
:10DC480062791B0243EA0143134317D13B6062B672
:10DC5800F8BD144A1D4B12781A701B7813491C4AD8
:10DC680003EB8300C3EB40231268A1FB0313DB091A
:10DC7800536304F0FBFB174B1860F8BD164A174DA9
:10DC88001360002422460F483B6008212C7005F0E1
:10DC98007BFF0C482246402105F076FFD7E700BFFE
:10DCA800E0030020D80300207803002081808080D2
:10DCB800640200207C03002012040020FC010020E4
:10DCC80004000020000400480C040020F00100209B
:10DCD800B0020020F4010020080000200804002001
:10DCE80070B5814B1C68B4F5047F8AB05DD040F2F2
:10DCF8001122944227D040F21222944229D040F2B5
:10DD08001322944240D0B4F5057F48D040F2152242
:10DD1800944263D040F2162294427AD040F21722FD
:10DD280094427ED040F21922944244D0B4F5087F40
:10DD380040F0A9801A69012A09D96C49013A11F8F9
:10DD4800010CD2B226E01A69082A00F0C6800AB08F
:10DD580070BD1B69082BFAD1654C2378032BF6D8C4
:10DD6800644D654905EBC302013308684968DBB2B5
:10DD7800042B03C22370EAD120222946022000F096
:10DD88006FFF00232370E2E71A69002ADFD05A499F
:10DD9800D2B203200AB0BDE8704000F061BF1A6932
:10DDA800082AD4D154490420F4E71A69042ACED1A8
:10DDB80051490220EEE701226946072000F082FF60
:10DDC8000028C4D04D4805F0BDFA0028BFD0002473
:10DDD80040F21920012101AB6A4649E00122694657
:10DDE800002000F06FFF0028B1D0444805F0AAFADF
:10DDF8000028ACD001210025089101AB6A4604A98E
:10DE08003E480494CDE906558DF8245005F01CFAD7
:10DE18009DE701226946052000F054FF002896D0AE
:10DE2800E3E70A2201A9062000F04CFF00288ED063
:10DE3800324805F087FA78B140F21720082100240B
:10DE4800049008912D488DF824406B4601AA04A936
:10DE5800CDE9064405F0F8F9284805F073FA0028DA
:10DE68003FF475AF00244FF4067002216B4603AAF5
:10DE78000490089121488DF8244004A9CDE906446E
:10DE880005F0E2F963E740F2212294427FF45FAFA4
:10DE98001B69022B7FF45BAF174B5D781878082D50
:10DEA80028BF08252A4601A900F00CFF00283FF4E6
:10DEB8004EAF124805F046FA00283FF448AF002656
:10DEC8006B4601AA04A90D480494CDE90666089595
:10DED8008DF8246005F0B8F939E7054B06490024A8
:10DEE80001201C7056E700BFE0030020D903002082
:10DEF800E8060020C8060020D803002014010020EE
:10DF080010B52A4C2368B3F5987F88B02FD040F21B
:10DF18003112934204D0B3F5997F04D008B010BDF4
:10DF28002369042B31D0224805F00CFA0028F5D0DB
:10DF3800204B1B688DF80330190E1A0C4FF499709A
:10DF48008DF800108DF8012004211A0A00248DF89C
:10DF580002200DEB0103029006916A4602A91448BB
:10DF68008DF81C40CDE9044405F06EF9D6E7236925
:10DF7800012BD3D9104B114A1B885BBA138004F0CC
:10DF880075FA0F4A23681060C1E70B4B1A78522ABA
:10DF9800C9D15A78532AC6D19A78502AC3D1DB7886
:10DFA800302BC0D1034B00221A60BCE7E0030020ED
:10DFB8001401002004040020D803002012040020CB
:10DFC800000400202DE9F047104E88B00C4680462A
:10DFD80001F1200A00254FF00809304605F0B2F992
:10DFE8000746224601AB02A9304608345FB1CDE9A5
:10DFF8000455CDF80880CDF818908DF81C5005F020
:10E0080023F95445E9D108B0BDE8F0871401002090
:10E01800964A1368B3F5147F47D010B540F25121E2
:10E028008B428AB027D040F252218B4253D0B3F5AD
:10E03800157F38D11369002B35D08D4B1A78062AF5
:10E0480000F003811A78062A00F0AF801A78062AB1
:10E0580000F0BB801B78062B25D0864B02AA1978C6
:10E068001320202300F06AFEE8B102A940F25520EF
:10E07800FFF7A8FF17E07E4B1A780021062A8DF8D3
:10E08800031053D01A78062A59D01A78062A5FD076
:10E098001B78062B41D1FF238DF80330764805F015
:10E0A80051F900285DD10AB010BD744B1B788BB9AB
:10E0B8006F4B1A78062A66D01A78062A69D01A7819
:10E0C800062A6CD01B78062B04D06A49002210203F
:10E0D80000F0C6BD70471369002BE4D0644B1A7872
:10E0E800062A00F082801A78062A00F08E801A78B4
:10E0F800062A00F09A801B78062BD4D05D4B02AA22
:10E1080019781220202300F019FE0028CBD002A98C
:10E1180040F25320FFF756FFC5E701220DF1030136
:10E12800112000F0CFFD0028BDD0B7E7544A12787F
:10E13800012AA7D101F0D0FE8DF80300AEE7504ABE
:10E148001278022AA1D102F003F88DF80300A5E79E
:10E158004B4A1278032A9BD102F028F98DF8030064
:10E168009CE740F25120012100240290069101AB66
:10E178000DF1030202A940488DF81C40CDE9044482
:10E1880005F062F88FE73E4A1278012A94D101F02F
:10E1980075BE3B4A1278022A91D101F0ABBF384ACA
:10E1A8001278032A8ED102F0EDB8354A1278022A85
:10E1B8007FF44CAF2F4B02A9187801F0F1FF02A9A8
:10E1C80040F25520FFF7FEFE6DE72D4A1278032A2C
:10E1D8007FF440AF274B02A9187802F02DF902A965
:10E1E80040F25520FFF7EEFE5DE7254A1278012A36
:10E1F8007FF479AF1F4B02A9187801F073FE02A9CA
:10E2080040F25320FFF7DEFE4DE71D4A1278022A3E
:10E218007FF46DAF174B02A9187801F09FFF02A990
:10E2280040F25320FFF7CEFE3DE7154A1278032A45
:10E238007FF461AF0F4B02A9187802F0DBF802A94E
:10E2480040F25320FFF7BEFE2DE70D4A1278012A4F
:10E258007FF4F8AE074B02A9187801F065FE02A911
:10E2680040F25520FFF7AEFE1DE700BFE003002097
:10E27800BE000020D8030020140100200400002064
:10E288008F030020114B1A68B2F5E87F00D0704761
:10E298001B69002BFBD00E4B1B78002BF7D110B558
:10E2A8000C4B0D4C1B78237004F0E0F80B4B0C4919
:10E2B800186023780B4A40F67F4000FB03F312688E
:10E2C800A1FB0313DB09536310BD00BFE00300206B
:10E2D80004000020D80300201604002018040020A1
:10E2E800818080806402002070B5254C23788BB92A
:10E2F800244B1A68B2F5E07F0DD0B2F5007F09D142
:10E308001B69022B06D9204B1B781BB91F4B1B78A6
:10E31800182B2DD070BD1B69022BFBD91A4B1B780B
:10E32800002BF7D1194B1B780E2BF3D1184E3578EB
:10E33800012DEFD11748082105F020FC0028E9D16C
:10E34800B6F80130144A5BBA9BB2B3F5FA6F28BF2E
:10E358004FF4FA63138004F089F8104B2A461860CA
:10E36800022125704FF09040BDE8704005F00CBCCC
:10E37800074B1D78012DCDD1B3F80130E2E700BF7E
:10E388001C040020E0030020040000209800002066
:10E39800D8030020000400481E04002020040020A8
:10E3A80010B50B4C237803B910BD04F05FF8094A87
:10E3B800094B12681B88801A9BB29842F4D300223A
:10E3C80002214FF0904005F0DFFB0023237010BDC1
:10E3D8001C040020200400201E04002008B5124B55
:10E3E8001A78042A03D01B78112B00D008BD0F48D7
:10E3F80004F080FA0D48022104F038FB60B10C4BA0
:10E4080001221A70094804F00DFB0A48082105F09A
:10E41800B5FB094B187008BD044804F0C7FB074B4F
:10E4280080B21880EEE700BF98000020C4000020EA
:10E438001004002000040048FE030020FC03002014
:10E4480008B50D4B1A78052A06D01A78092A03D080
:10E458001B78082B00D008BD0848082105F08EFB62
:10E46800074BB0FA80F01A784009824208BF054A83
:10E47800187008BF107008BD9800002000040048FC
:10E488000E000020BD000020554B1A7812B11B78F1
:10E49800132B49D12DE9F041002282B002214FF01F
:10E4A800904005F071FB00230193019BB3F5207F99
:10E4B80006D2019B01330193019BB3F5207FF8D36A
:10E4C800484804F017FA4748022104F0CFFA002818
:10E4D80051D0454E01233370444D424804F0A2FA0E
:10E4E8002B889BB2B3F5DF7F1FD2337803F0FF048C
:10E4F80023BB3F4F3F4B97F80080B8F1000F1FD068
:10E508003D491C700A882B889BB292B2023B9A4202
:10E518004CDA01243C70224602214FF0904002B0B0
:10E52800BDE8F04105F030BB7047012300222A8086
:10E538003370337803F0FF04002BDAD00022EBE7C6
:10E548001A78002A3CD003F091FF2C4B2A491B680B
:10E55800C01A40F6B8339842D4D9294B0A881B8888
:10E5680092B205339A42CDDD0123424602214FF093
:10E5780090403370D3E71B4804F018FB40F6E9736A
:10E58800A0F110029A42A4D84FF4E17202FB00F005
:10E598001C4B1949144E00F2FF70A3FB0023C01A4C
:10E5A80003EB5000C0F3CF20088095E70A882B883A
:10E5B8009BB292B202339A420DDD00233B70AAE768
:10E5C80001221A7003F052FF0C4B0B4918600C4BD8
:10E5D8000A881A8096E73C78003C18BF01249AE71D
:10E5E80098000020C400002010040020120400201D
:10E5F800E9060020F2060020AC000020F406002006
:10E60800F806002001011000614B1B780A2B00D08E
:10E6180070472DE9F0415F4804F06CF95D4802212C
:10E6280004F024FA0446002849D05B4E01233370D5
:10E638005A4D584804F0F6F92B889BB2B3F5967FEB
:10E6480029D8337803F0FF04002B5ED1544F554B83
:10E6580097F80080B8F1000F22D11A78002A5CD10F
:10E6680001221A7003F002FF4F4B50491860504BBB
:10E678000A881A800A882B889BB292B2023B9A4277
:10E6880011DA01243C7022460221BDE8F0414FF026
:10E69800904005F079BA002201232A803370D0E730
:10E6A80042491C70E6E70A882B889BB292B2023373
:10E6B8009A424DDC3C78003C18BF0124E3E735481A
:10E6C80004F074FA40F6E973A0F110029A42ACD84B
:10E6D800742840D940F6C673984212D801B2354D15
:10E6E80001238220742402E0044635F923005A1ECF
:10E6F8008C42D2B201DC884230DA0133212BF3D1CB
:10E7080000242A49244E0C8092E7BDE8F0410022FB
:10E7180002214FF0904005F037BA03F0A7FE224BD4
:10E7280022491B68C01A40F6B8339842A2D9204B38
:10E738000A881B8892B205339A429BDD0123424620
:10E7480033700221BDE8F0414FF0904005F01CBA4B
:10E7580000233B7097E74FF4A074D2E7001B091B16
:10E76800144C04EB820204EB8303B2F90220B3F9E0
:10E7780002309B1A01FB03F300EBD0746410002BEA
:10E78800B8BF64421C4494FBF0F41444A4B2B8E744
:10E7980098000020C400002010040020120400206B
:10E7A800EA060020EB060020EC060020AC00002062
:10E7B800F00600209471010870B52B4E2B482B4DA4
:10E7C800002384B001224FF40061337005F0DCF9B6
:10E7D800264801224FF4806105F0D6F94FF4FA6417
:10E7E80001E0002C3DD04FF48061284605F0C6F9C1
:10E7F800013C0128A4B2F4D100230393039BB3F591
:10E80800A07F06D2039B01330393039BB3F5A07F3C
:10E81800F8D3164800224FF4006105F0B5F900233B
:10E828000293029BB3F5A07F06D2029B01330293A9
:10E83800029BB3F5A07FF8D30C4800224FF4806107
:10E8480005F0A2F900230193019BB3F5A07F06D23E
:10E85800019B01330193019BB3F5A07FF8D304B06A
:10E8680070BD01233370C7E7FA0600200004004892
:10E8780030B5274885B000224FF4006105F084F9CF
:10E8880000230393039BB3F5A07F06D2039B0133B8
:10E898000393039BB3F5A07FF8D31D481C4D0122B9
:10E8A8004FF4806105F070F94FF4FA6400E054B356
:10E8B8004FF48061284605F061F9013C0128A4B2B3
:10E8C800F5D100230293029BB3F5A07F06D2029BE9
:10E8D80001330293029BB3F5A07FF8D30C480122C1
:10E8E8004FF4006105F050F900230193019BB3F543
:10E8F800A07F06D2019B01330193019BB3F5A07F52
:10E90800F8D305B030BD034B01221A70D9E700BF18
:10E9180000040048FA0600202DE9F041554D86B064
:10E9280080460726002748FA06F202F001024FF453
:10E938000061284605F028F90297029BB3F5A07FED
:10E9480006D2029B01330293029BB3F5A07FF8D352
:10E9580001224FF48061284605F016F94FF4FA6455
:10E9680001E0002C7ED04FF48061284605F006F9BE
:10E97800013C0128A4B2F4D10197019BB3F5A07F13
:10E9880006D2019B01330193019BB3F5A07FF8D315
:10E9980000224FF48061284605F0F6F80097009BA6
:10E9A800B3F5A07F06D2009B01330093009BB3F51B
:10E9B800A07FF8D3013EB6D22E4801224FF4006161
:10E9C80005F0E2F800230593059BB3F5A07F06D276
:10E9D800059B01330593059BB3F5A07FF8D3254824
:10E9E800244D01224FF4806105F0CEF84FF4FA640B
:10E9F80001E0002C3AD04FF48061284605F0BEF8BB
:10EA0800013C0128A4B2F4D100230493049BB3F57C
:10EA1800A07F06D2049B01330493049BB3F5A07F27
:10EA2800F8D34FF40061134805F0A8F80446013CF8
:10EA380010484FF000024FF4806118BF012405F020
:10EA4800A3F800230393039BB3F5A07F06D2039B8F
:10EA580001330393039BB3F5A07FF8D3204606B098
:10EA6800BDE8F081044B01221A7085E7024B0122B0
:10EA78001A70C9E700040048FA0600202DE9F0439F
:10EA8800012287B081464FF400615348524D05F08A
:10EA98007BF800270826B846CDF80880029BB3F516
:10EAA800A07F06D2029B01330293029BB3F5A07F9D
:10EAB800F8D301224FF48061284605F065F84FF439
:10EAC800FA6401E0002C7FD04FF48061284605F0FD
:10EAD80055F8013C0128A4B2F4D1CDF80480019B7B
:10EAE800B3F5A07F06D2019B01330193019BB3F5D7
:10EAF800A07FF8D34FF40061284605F03FF8A0F155
:10EB08000100B0FA80F0400940EA470700224FF4BC
:10EB180080612846013E05F037F816F0FF06FFB27F
:10EB2800BAD1B9FA89F22C4852094FF4006105F0BC
:10EB38002BF80596059BB3F5A07F06D2059B0133FC
:10EB48000593059BB3F5A07FF8D32348224D0122F6
:10EB58004FF4806105F018F84FF4FA6401E0002CD6
:10EB680036D04FF48061284605F008F8013C0128AA
:10EB7800A4B2F4D100230493049BB3F5A07F06D27A
:10EB8800049B01330493049BB3F5A07FF8D3124888
:10EB980000224FF4806104F0F7FF0F4801224FF480
:10EBA800006104F0F1FF00230393039BB3F5A07FFA
:10EBB80006D2039B01330393039BB3F5A07FF8D3DD
:10EBC800384607B0BDE8F083044B01221A7084E789
:10EBD800024B01221A70CDE700040048FA06002013
:10EBE8001C4B1D485A6930B542F480225A615B6952
:10EBF800194D87B003F4802300220093009B0392F1
:10EC0800032301A94FF4406405921122CDE9014282
:10EC1800049304F0C9FE104801224FF4806104F007
:10EC2800B3FF4FF4FA6400E084B14FF480612846E2
:10EC380004F0A4FF013C0128A4B2F5D10648012242
:10EC48004FF4006104F0A0FF07B030BD034B012270
:10EC58001A70F3E70010024000040048FA0600208A
:10EC680070B505460E461446FFF7A6FD8420FFF74B
:10EC780053FE20B9FFF7FCFD0025284670BD284645
:10EC8800FFF74AFE05467CB10028F3D0621E741EC9
:10EC980056FA82F601E00028ECD014F8010FFFF7CD
:10ECA8003BFEA6420546F6D1FFF7E2FD002DE4D073
:10ECB800034B1D78B5FA85F56D09284670BD00BF70
:10ECC800FA060020F8B504460E461546FFF774FD0F
:10ECD8008420FFF721FE20B90024FFF7C9FD204654
:10ECE800F8BD2046FFF718FE0028F5D0FFF764FDB1
:10ECF8008520FFF711FE0446D0B185B1013D741E91
:10ED080056FA85F7C6F1010630198542D4BF0020AE
:10ED18000120FFF7B3FE04F8010FA742F4D1FFF773
:10ED2800A7FD054B1878B0FA80F464092046F8BDB1
:10ED3800FFF79EFD2046F8BDFA060020F8B5074605
:10ED48000C4616461D46FFF737FD8420FFF7E4FD05
:10ED580020B90024FFF78CFD2046F8BD3846FFF7A0
:10ED6800DBFD0028F5D02046FFF7D6FD0028F0D0BF
:10ED7800FFF722FD8520FFF7CFFD0446D0B185B10E
:10ED8800013D741E56FA85F7C6F101063019A842EE
:10ED9800ACBF00200120FFF771FE04F8010FA74265
:10EDA800F4D1FFF765FD054B1878B0FA80F46409D3
:10EDB8002046F8BDFFF75CFD2046F8BDFA060020A6
:10EDC8002DE9F04100241F4E82B0804607252746D2
:10EDD80048FA05F212F0010218BF01224FF400416F
:10EDE800304604F0D1FE00220421304604F0CCFE67
:10EDF8000097009B132B05D8009B01330093009BC1
:10EE0800132BF9D901220421304604F0BDFE4FF43A
:10EE18008071304604F0B2FE64000128E4B201D1EA
:10EE280044F001040197019B132B05D8019B013382
:10EE38000193019B132BF9D9013DC9D2204602B099
:10EE4800BDE8F08100040048F0B51F4D87B00024EC
:10EE5800012204214FF090400426CDE90144CDE978
:10EE68000344059404F090FE01222846042104F08E
:10EE78008BFE012703230DEB06014FF0904004930E
:10EE88000196CDE9027404F08FFD0DEB06012846CA
:10EE9800019604F089FD4FF4004601A92846019621
:10EEA80004F082FD4FF4807301A92846019303976B
:10EEB800029404F079FD0548019601A9039404F031
:10EEC80073FD07B0F0BD00BF00040048000800480B
:10EED8005AB32DE9F043DFF8588085B081460E46D5
:10EEE8001546322703E01FFA89F92644CDB109F007
:10EEF8001F04C4F12004A4B2AC4228BF2C464A46E1
:10EF0800CDE9014700960223A021404605F0DAF832
:10EF18002D1BA144ADB20028E5D0002005B0BDE806
:10EF2800F083012005B0BDE8F0830120704700BFE1
:10EF38008001002000B585B084463223CDE9012345
:10EF4800009102236246A021044805F0BBF9B0FAFB
:10EF580080F0400905B05DF804FB00BF8001002087
:10EF68002DE9F047DFF86C81554FDFF86CA18AB0C6
:10EF78000A254FF0FF0900260121404604F0FEFD56
:10EF880002210446404604F0F9FDB4FA84F4640909
:10EF980008B944F002041021384604F0EFFD08B91E
:10EFA80044F004048021384604F0E8FD08B944F030
:10EFB80008044FF40051504604F0E0FD08B944F04D
:10EFC80010044C4509D00220013D03F055FA15F014
:10EFD800FF050DD0A1460126CEE70136F6B2032E75
:10EFE80006D00220013D03F047FA15F0FF05C3D112
:10EFF800344B182C1C7004D8334B1C700AB0BDE875
:10F00800F0871F2C1DD03049304B2D4819240C7027
:10F01800012240211A7004F0B7FD294800224FF45C
:10F02800007104F0B1FD26480022402104F0ACFD37
:10F03800002202214FF090400AB0BDE8F04704F0EA
:10F04800A3BD222201A90020FFF774FF18B1204BAD
:10F05800019A9A421DD01C491C4B192008700122A4
:10F0680017481A70402104F08FFD154800224FF40C
:10F07800007104F089FD12480022402104F084FD4B
:10F08800002202214FF0904004F07EFD0AB0BDE856
:10F09800F0879DF80830072BDDD101A801F05AFC54
:10F0A8009DF825308342D6D19DF81E30013BDBB256
:10F0B800182BD0D8044A13700AB0BDE8F08700BFF7
:10F0C80000040048050000209800002010040020DB
:10F0D8004354525500140048000800480E4A0F488F
:10F0E800D16930B441F48001D161D2690C4C0D4929
:10F0F80082B002F480020192019D00230122C0E93E
:10F108000041C0E90232C0E90433C0E906330362B2
:10F1180002B030BC04F07CBE001002408001002028
:10F12800005800402A231000144B15495A6930B57D
:10F1380042F001025A615B69124C83B003F001038B
:10F14800019300258023019810222046C4E9025328
:10F15800C4E90012C4E90455C4E9065504F04CFB9F
:10F168002A4603210D2004F0E1FA0D2004F01CFBCF
:10F17800054B63625C6503B030BD00BF0010024000
:10F18800300002403C01002000020020134A1448CD
:10F19800916930B441F4805191619269114982B00A
:10F1A80002F4805201924FF48272C0E90012019D6C
:10F1B8004FF4007200234FF4E0642021826107229B
:10F1C800C0E90234C0E90433C0E90713C0E90933D0
:10F1D800C26202B030BC06F059B800BF001002404D
:10F1E80000020020003001402F4BF0B5DA692F4CA7
:10F1F80042F00072DA61DB6991B003F00073012616
:10F2080000930323CDE90363009801A902274FF473
:10F21800C05209234FF09040CDE90127059304F02F
:10F22800C3FB234A0423C4E9002300254FF080735D
:10F23800C4E902534FF440214FF48013C4E9041386
:10F248004FF00123A36120464FF48073A38303F09A
:10F25800D1FE06A92046CDE90B55CDE90655CDE9E5
:10F2680008550D960A950E9603F044FF204603F0C4
:10F27800B9FF3946204604F009F94FF40441204605
:10F2880004F004F92A463146142004F04FFA1420F9
:10F2980004F08AFA2A463146162004F047FA162066
:10F2A80004F082FA11B0F0BD0010024014010020F1
:10F2B8000064004030B500249FB02146202206A8F3
:10F2C80007F044FE3C220DEB02002146CDE9004444
:10F2D800CDE90244049407F039FE01230993102371
:10F2E80002250A9305A84FF460130E9305950C9513
:10F2F80005F0BAF90F23009329464FF48063684656
:10F30800CDE902430195049405F0DEFC60230FA8C3
:10F31800CDE916440F9305F089FD1FB030BD00BF3D
:10F3280070B500258CB0CDE90755CDE90955324CAB
:10F338000B95A36943F00103A361A36903F00103DB
:10F348000193019B636943F400336361636903F4C8
:10F3580000330293029B636943F48023636163690A
:10F3680003F480230393039B636943F4800363617D
:10F37800636903F480032A4604934FF400414FF075
:10F388009040049B012604F0FFFB07A94FF40043BB
:10F398004FF09040CDE90736CDE9095504F004FB5C
:10F3A800032307A915480793CDE9085604F0FCFA8A
:10F3B80007A913489023079304F0F6FAE36943F08A
:10F3C8008053E361E36903F080530593059B05F0DF
:10F3D80043F963690B4843F400236361636903F4E9
:10F3E80000234FF40052069307A9069B079204F0E6
:10F3F800DBFA0CB070BD00BF0010024000140048DA
:10F40800000400480008004870B5002486B07B4D11
:10F418007B48059422462021CDE90144CDE90344E7
:10F4280004F0B2FB2B78092B00F0B5802B78052B64
:10F4380000F0D7802B78192B00F0A18070480122AA
:10F44800402104F0A1FB4FF418720123CDE90123F8
:10F458006B480323002201A9CDE9032304F0A4FA91
:10F468002B78012B16D02B78022B13D02B78032B5B
:10F4780010D02B78062B0DD02B78072B0AD02B78A1
:10F488000A2B07D02B780C2B04D02B78102B01D00B
:10F498002B7883B95A480821002204F075FB08210B
:10F4A8000123CDE9011300220323554801A9CDE921
:10F4B800032304F079FA2B78152B72D000225048D8
:10F4C800022104F061FB022501A94D48019504F0D1
:10F4D8006BFA002229464FF0904004F055FB01A931
:10F4E8004FF09040019504F05FFA80230024032632
:10F4F800019301A905234FF09040CDE90254CDE9CD
:10F50800046304F051FA4FF48073019301A90623B0
:10F518004FF090400593CDE902540496012504F07C
:10F5280043FA224610214FF09040CDE90254CDE92C
:10F53800044404F029FB102301A94FF090400193E3
:10F5480004F032FA082301A901934FF090404FF4D8
:10F5580004130293039504F027FA22462146092052
:10F5680004F0E4F8092004F01FF922463146172078
:10F5780004F0DCF8172004F017F906B070BD224635
:10F588001F48402104F000FB1D4822464FF400713B
:10F5980004F0FAFA57E71A482246402104F0F4FA30
:10F5A80051E7174801224FF4804104F0EDFA14485E
:10F5B80000224FF4805104F0E7FA11484FF400514B
:10F5C800002204F0E1FA4FF4E0400121CDE9010105
:10F5D800002203230A4801A9CDE9032304F0E4F932
:10F5E8006CE7224606484FF4007104F0CDFA04484F
:10F5F8000122402104F0C8FA25E700BF9800002046
:10F6080000040048134B1449DA6930B542F002028D
:10F61800DA61DB69114C83B003F002030193002522
:10F628004FF47A73019825613F222046C4E90012FD
:10F63800C4E9025306F0CCFA2A4602211D2004F040
:10F6480075F81D2004F0B0F8204603B0BDE830403E
:10F6580006F0D8B80010024000040040FC02002068
:10F6680030B5002489B0CDE90144CDE90344CDE9A2
:10F678000544174B07949A69164D42F400629A6143
:10F688009B696C6103F40063014600932846124BA2
:10F69800009A2B60C5E90314C5E9014406F0CAFACB
:10F6A8002246602301A928460193CDE90244CDE909
:10F6B8000444CDE9064406F02FFB2146284606F00F
:10F6C8006FF92A68536C43F40043536409B030BDA2
:10F6D8000010024064020020002C014030B50024D4
:10F6E80089B0CDE90144CDE90344CDE90544144B83
:10F6F8000794DA69134D42F00102DA61DB696C6044
:10F7080003F0010300934FF0804240F6FF132846B0
:10F71800C5E9024300992A602C6106F08BFA602340
:10F72800224601A92846CDE901340394059406F040
:10F73800F3FA2146284606F033F909B030BD00BF78
:10F7480000100240B0020020F0B5002489B0CDE9D5
:10F758000244CDE90444CDE906441A4B1A4D5A69CE
:10F7680042F080525A615B692C8303F08053019305
:10F778004FF0A0432B604FF40033012607466B601F
:10F7880028460423019AEE61C5E90443C5E9024409
:10F7980085F82040AE6285F830406C6302F066FF61
:10F7A800052302A92846CDE90363CDE9054402975C
:10F7B800079403F049FA2146284603F0FBF909B0FB
:10F7C800F0BD00BF00100240C4000020014B012220
:10F7D8001A707047A6000020014803F07FBE00BFE2
:10F7E80014010020014803F079BE00BF1401002075
:10F7F800044B4FF090416FF0A0504FF0FF3208607B
:10F808001A60FEE70004004830B5082889B014D013
:10F81800402801D009B030BD384B1B780A2BF9D1EC
:10F8280002F024FE364A1368C31A012BF2D935496F
:10F8380010600B6801330B60ECE7304B1A780B2A29
:10F8480012D01A78052A31D01B780A2BE2D102F09F
:10F858000DFE2D4A1368C31A012BDBD92B49106002
:10F868000B6801330B60D5E702F000FE284A1368E5
:10F87800C31A012BCED900230124952110602548F5
:10F888008DF80040CDE90433029106948DF81C30C0
:10F8980003F058FDB8B101AB6A461E4802A903F04F
:10F8A800D3FC1D4A136801331360B3E702F0DEFD91
:10F8B8001A4A1368C31A012BACD9194910600B688E
:10F8C80001330B60A6E721461248124D03F014FDE0
:10F8D8000221104803F010FD0E48042103F00CFD2E
:10F8E8004FF47A7401E0002CD5D0284603F02AFDA5
:10F8F800013CA4B20028F6D0CDE700BF9800002054
:10F9080000070020F80100200407002080030020E1
:10F91800080700201401002094030020FC060020A2
:10F92800B8000020082004F03FB900BF402004F0D0
:10F938003BB900BF02F08EBD014806F03BB800BFDE
:10F94800FC020020374B02689A4200D070472DE92C
:10F95800F041354C354B22782178227822781B7873
:10F9680015290CBF4FF480510821152A0CBF4FF4FC
:10F978008047402703F0FF0683B92D4D2B685BB104
:10F98800DFF8B8802B4898F800300BBB012204F050
:10F99800FBF8012388F80030BDE8F081244B2548A6
:10F9A8000025394601221D6004F0EEF8224B1B6841
:10F9B80003B15D632378092B2DD02378052BEBD178
:10F9C800BDE8F0411B4800224FF4007104F0DCB898
:10F9D800324604F0D9F888F8006072B62B68013B0B
:10F9E8002B6062B62B68002BD6D12B68002BD3D1A5
:10F9F8002378072BD0D02378062BCDD023780A2B59
:10FA0800CAD02378102BC7D039460A48BDE8F04140
:10FA1800012204F0B9B807480022402104F0B4F8E4
:10FA2800CBE700BF0004004098000020100400202D
:10FA38000C04002000040048640200200804002090
:10FA48002DE9F843244C254B25786178A2781B785A
:10FA5800EDB2CEB2D7B273B1FF23214A237000238F
:10FA68006370A37013702378AB4226D01D4B01221C
:10FA78001A70BDE8F883DFF8689099F8003033B160
:10FA880002F0F4FC184B1B68C01A0028EBDB4FF09F
:10FA9800000889F8008002F0E9FC144B1B68C01AC2
:10FAA80040F2DB5398420FD8FF2384F8008084F893
:10FAB8000180A3702378AB42D8D16378B342D5D103
:10FAC800A378BB42D2D1D4E7FF2384F800806370C7
:10FAD80084F80280C7E700BF8C03002010040020D0
:10FAE800840300201504002088030020A8000020BB
:10FAF80038B51C4805F064FD012802D000242046D2
:10FB080038BD044672B6184B59781A789B78C9B232
:10FB1800D2B2DBB262B61548154D01EB410100EBDC
:10FB2800010C415A298002EB42029CF80210A9708C
:10FB38008118825AA5F8032003EB43038A786A7177
:10FB4800C218C15AE98093782B726422002105F10A
:10FB5800090007F0FBF96D222946024805F046FC2A
:10FB6800204638BD000200208C030020587301088D
:10FB78000C07002070B582B072B6824D824A00240C
:10FB8800022304EB440C05EB0C000721467815F81A
:10FB98000CE090F802C0F6B25FFA8EFE5FFA8CFCB9
:10FBA80046FA01F0C007936119D500BF00BF00BF36
:10FBB80000BF00BF00BF00BF00BF00BF00BF00BF45
:10FBC80000BF00BF00BF00BF00BF00BF00BF00BF35
:10FBD80000BF00BF00BF00BF00BF00BF00BF00BF25
:10FBE80000BF00BF00BF00BF00BF00BF00BF00BF15
:10FBF80000BF00BF00BF00BF00BF00BF00BF00BF05
:10FC080000BF00BF00BF936200BF00BF00BF00BFBE
:10FC180000BF00BF00BF00BF00BF00BF00BF00BFE4
:10FC280000BF00BF00BF00BF00BF00BF00BF00BFD4
:10FC380000BF00BF00BF00BF00BF00BF00BF00BFC4
:10FC480000BF00BF00BF00BF00BF00BF00BF00BFB4
:10FC580000BF00BF00BF00BF00BF00BF00BF00BFA4
:10FC680000BF00BF00BF00BF00BF00BF013997D26F
:10FC780007214EFA01F0C607936119D500BF00BFEE
:10FC880000BF00BF00BF00BF00BF00BF00BF00BF74
:10FC980000BF00BF00BF00BF00BF00BF00BF00BF64
:10FCA80000BF00BF00BF00BF00BF00BF00BF00BF54
:10FCB80000BF00BF00BF00BF00BF00BF00BF00BF44
:10FCC80000BF00BF00BF00BF00BF00BF00BF00BF34
:10FCD80000BF00BF00BF00BF936200BF00BF00BFEE
:10FCE80000BF00BF00BF00BF00BF00BF00BF00BF14
:10FCF80000BF00BF00BF00BF00BF00BF00BF00BF04
:10FD080000BF00BF00BF00BF00BF00BF00BF00BFF3
:10FD180000BF00BF00BF00BF00BF00BF00BF00BFE3
:10FD280000BF00BF00BF00BF00BF00BF00BF00BFD3
:10FD380000BF00BF00BF00BF00BF00BF00BF013948
:10FD480097D207214CFA01F0C00793611ED500BF76
:10FD580000BF00BF00BF00BF00BF00BF00BF00BFA3
:10FD680000BF00BF00BF00BF00BF00BF00BF00BF93
:10FD780000BF00BF00BF00BF00BF00BF00BF00BF83
:10FD880000BF03E0C00300200004004800BF00BF1C
:10FD980000BF00BF00BF00BF00BF00BF00BF00BF63
:10FDA80000BF00BF00BF00BF00BF00BF00BF00BF53
:10FDB80000BF00BF936200BF00BF00BF00BF00BF0D
:10FDC80000BF00BF00BF00BF00BF00BF00BF00BF33
:10FDD80000BF00BF00BF00BF00BF00BF00BF00BF23
:10FDE80000BF00BF00BF00BF00BF00BF00BF00BF13
:10FDF80000BF00BF00BF00BF00BF00BF00BF00BF03
:10FE080000BF00BF00BF00BF00BF00BF00BF00BFF2
:10FE180000BF00BF00BF00BF00BF013992D201344C
:10FE2800082C7FF4AEAE62B600230193019BB3F5B4
:10FE38007A6F06D2019B01330193019BB3F57A6F68
:10FE4800F8D302B070BD00BF014803F063BD00BF26
:10FE58003C01002008B500F0B1F806493320FBF753
:10FE680065FA00B108BDBDE8084003490148FBF741
:10FE78004FBB00BFD4070020DC20002010B5114C78
:10FE8800012333202370FBF759FA002817DB0E49AA
:10FE98003320FBF783FA002811DB0C490A48FBF7EB
:10FEA800EBFEF2EE000A70EE600A094A9FED090ABD
:10FEB80006490548FBF744FF0223237010BDFF23C2
:10FEC800237010BD541A0020581A0020DC2000208E
:10FED800540E00203333733F014B1878704700BF2E
:10FEE800541A00202F2800B58E4614D80D4A02EB6C
:10FEF800401C0023ACF1020C01313CF8022F120A1D
:10FF08000EF81320BCF8002001F813200133102B41
:10FF1800F3D15DF804FB704620225DF804EB002164
:10FF280007F014B8581A00202F2810B50C4635D8F9
:10FF38001E4BDFED1F6A9FED1F7A9FED1F6A03EBD3
:10FF4800801E002201310DE0FDEEE77A17EE903AAF
:10FF5800C3F3072CDBB204F812C001F812300132E7
:10FF6800102A1AD0FEEC017A67EEA67AFF23F4EE87
:10FF7800C77AF1EE10FA4FF07F0CECDCF4EEC67A9B
:10FF8800F1EE10FAE0D500234FF0800C04F812C00F
:10FF980001F812300132102AE4D110BD2046202287
:10FFA800BDE81040002106F0D1BF00BF540E00206C
:10FFB8000000C84200FEFF46000000C7704700BFAF
:10FFC80010B5FEF7F9FB0020FEF7A6FC20B9FEF7F6
:10FFD8004FFC4FF0FF3010BD0620FEF79DFC044695
:10FFE800FEF746FCB4FA84F04009404210BD00BF59
:08FFF8002DE9F04145000C4623
:020000040801F1
:1000000017461E46FEF7DCFB05F0FE00FEF788FCF7
:1000100028B9FEF731FC4FF0FF30BDE8F081200A2F
:10002000FEF77EFC0028F4D0E0B2FEF779FC002851
:10003000EFD0FEF7C5FB45F00100C0B2FEF770FC43
:100040000028E6D0A7B107F1FF38023E00240120C6
:10005000FEF718FD0546B4EB080018BF0120FEF7B7
:1000600011FD013440EA0520A74226F8020FEED127
:10007000FEF702FC0020BDE8F08100BF70B5044629
:100080000E461546FEF79CFB600000F0FE00FEF7F2
:1000900047FC20B9FEF7F0FB4FF0FF3070BD300A8F
:1000A000FEF73EFC0028F5D0F0B2FEF739FC002840
:1000B000F0D0280AFEF734FC0028EBD0E8B2FEF7B7
:1000C0002FFC0446FEF7D8FBB4FA84F04009404206
:1000D00070BD00BF08B500F0B1F806493320F8F74D
:1000E000B5F900B108BDBDE8084003490148F9F77A
:1000F00025BE00BF58330020C03E002010B5114C73
:10010000012333202370F8F7D5F9002817DB0E49B7
:100110003320F8F743FA002811DB0C490A48F8F7B6
:10012000E1FBF2EE000A70EE600A094A9FED090A4F
:1001300006490548F8F74AFC0223237010BDFF2347
:10014000237010BDD83C0020DC3C0020C03E0020C5
:10015000D83900203333733F014B1878704700BF04
:10016000D83C00200B2800B58E4614D80D4A02EB6F
:10017000401C0023ACF1020C01313CF8022F120AA2
:100180000EF81320BCF8002001F813200133102BC7
:10019000F3D15DF804FB704620225DF804EB0021EA
:1001A00006F0D8BEDC3C00200B2810B50C4635D834
:1001B0001E4BDFED1F6A9FED1F7A9FED1F6A03EB59
:1001C000801E002201310DE0FDEEE77A17EE903A35
:1001D000C3F3072CDBB204F812C001F8123001326D
:1001E000102A1AD0FEEC017A67EEA67AFF23F4EE0D
:1001F000C77AF1EE10FA4FF07F0CECDCF4EEC67A21
:10020000F1EE10FAE0D500234FF0800C04F812C094
:1002100001F812300132102AE4D110BD204620220C
:10022000BDE81040002106F095BE00BFD83900207F
:100230000000C84200FEFF46000000C7704700BF34
:1002400010B5FEF7BDFA0020FEF76AFB20B9FEF7F5
:1002500013FB4FF0FF3010BD0620FEF761FB044694
:10026000FEF70AFBB4FA84F04009404210BD00BF1B
:100270002DE9F04145000C4617461E46FEF7A0FA50
:1002800005F0FE00FEF74CFB28B9FEF7F5FA4FF03B
:10029000FF30BDE8F081200AFEF742FB0028F4D0D1
:1002A000E0B2FEF73DFB0028EFD0FEF789FA45F0FB
:1002B0000100C0B2FEF734FB0028E6D0A7B107F179
:1002C000FF38023E00240120FEF7DCFB0546B4EBBC
:1002D000080018BF0120FEF7D5FB013440EA0520D5
:1002E000A74226F8020FEED1FEF7C6FA0020BDE8BD
:1002F000F08100BFF0B5054683B00E461446FEF708
:100300005FFA680000F0FE00FEF70AFB28B9FEF76E
:10031000B3FA4FF0FF3003B0F0BD300AFEF700FB38
:100320000028F4D0F0B2FEF7FBFA0028EFD0200A44
:10033000FEF7F6FA0028EAD0E0B2FEF7F1FA074637
:10034000FEF79AFA7FB10DF10603012231462846E5
:10035000FFF78EFF38B9BDF80630A34218BF6FF023
:10036000010003B0F0BD4FF0FF30D4E708B54FF403
:1003700000616620FBF7F2FF002805DBBDE80840BE
:1003800000216620FCF724B808BD00BF10B5084C5A
:10039000012366202370FCF767F8002805DB662040
:1003A000FCF77EF8002800DB10BDFF23237010BD92
:1003B0005845002038B50D4D2C78012C01D0204631
:1003C00038BD6620FCF73EF800280CDB0128F6D18A
:1003D000074B084A08496620FCF778F8002802DB3A
:1003E00002242C70EBE7FF242C70E8E7584500202E
:1003F0005C450020604B0020304500202F2800B5D0
:100400008E4614D80D4A02EB401C0023ACF1020CBE
:1004100001313CF8022F120A0EF81320BCF800201C
:1004200001F813200133102BF3D15DF804FB704663
:1004300020225DF804EB002106F08CBD604B00200B
:100440002F2830B50D462AD8184A02EB401E00234B
:10045000AEF1020E01310DE012F5004F1BDBC2F3CD
:1004600007245FFA82FC05F8134001F813C001333A
:10047000102B0FD03EF9022F5200B2F5004F4FF073
:10048000FF0CE9DB7F2405F8134001F813C00133AA
:10049000102BEFD130BD4FF0000C8024E3E728464D
:1004A0002022BDE83040002106F054BD5C4500200C
:1004B0002DE9F04145000C4617461E46FEF780F92F
:1004C00005F0FE00FEF72CFA28B9FEF7D5F94FF03B
:1004D000FF30BDE8F081200AFEF722FA0028F4D0B0
:1004E000E0B2FEF71DFA0028EFD0FEF769F945F0FB
:1004F0000100C0B2FEF714FA0028E6D0A7B107F158
:10050000FF38023E00240120FEF7BCFA0546B4EB9A
:10051000080018BF0120FEF7B5FA013440EA0520B3
:10052000A74226F8020FEED1FEF7A6F90020BDE89B
:10053000F08100BF70B5054614460E46FEF740F93F
:10054000680000F0FE00FEF7EBF9CCB198B1621E36
:10055000741E56FA82F600E068B114F8010FFEF737
:10056000DFF9B4420546F7D1B5FA85F56D09FEF716
:1005700083F9684270BDFEF77FF94FF0FF3070BD20
:100580000546F1E701F07CBF70B582B03224054624
:100590000E460B46024600940948782103F0B2FC4F
:1005A00058B1074803F094FCFEF79CFD0448009402
:1005B00033462A46782103F0A5FC02B070BD00BF87
:1005C00080010020094B1A7802B9704700B583B04A
:1005D00003460022022101A88DF804208DF8053081
:1005E000FFF7D2FF03B05DF804FB00BF0F0000204F
:1005F0000D4B1B7803B101B9704710B5802928BF96
:100600008021A2B00C464023014622460DF1050090
:100610008DF8043006F090FC611C89B201A8FFF748
:10062000B3FF22B010BD00BF0F0000200E4B1B789F
:1006300003B9704700B583B001F00F030A095038C1
:1006400004214FF0000C10328DF805000DEB010075
:100650008DF804C08DF806308DF80720FFF794FF61
:1006600003B05DF804FB00BF0F000020104B30B555
:100670005A6942F400325A615B6987B003F400336F
:1006800000934FF4C06004231221CDE9010103223D
:100690000DEB03014FF090400124CDE90342059397
:1006A000009D03F085F9FEF71DFD07B030BD00BFCA
:1006B0000010024070B582B0FFF7D8FF322001F081
:1006C000DFFE0523A348A44C0222782103F002FF99
:1006D000051E0CBF01230023237001D002B070BDA2
:1006E000AE23022101A88DF805308DF80450FFF7E4
:1006F0004BFF2378002BF1D0D523022101A88DF8E0
:1007000005308DF80450FFF73FFF2378002BE5D02C
:100710008023022101A88DF805308DF80450FFF7E1
:1007200033FF2378002BD9D0A823022101A88DF80C
:1007300005308DF80450FFF727FF2378002BCDD02C
:100740003F23022101A88DF805308DF80450FFF7F2
:100750001BFF2378002BC1D0D323022101A88DF8E1
:1007600005308DF80450FFF70FFF2378002BB5D02C
:10077000022101A88DF804508DF80550FFF704FF01
:100780002378002BAAD04023022101A88DF8053040
:100790008DF80450FFF7F8FE2378002B9ED08D23B0
:1007A000022101A88DF805308DF80450FFF7ECFE0A
:1007B0002378002B92D014230025022101A88DF864
:1007C00005308DF80450FFF7DFFE2378002B85D02D
:1007D0002023022101A88DF805308DF80450FFF781
:1007E000D3FE2378002B3FF479AF0226314601A8CF
:1007F0008DF804508DF80560FFF7C6FE2378002BB6
:100800003FF46CAFA123314601A88DF805308DF877
:100810000450FFF7B9FE2378002B3FF45FAFC823E5
:10082000314601A88DF805308DF80450FFF7ACFE75
:100830002378002B3FF452AFDA23314601A88DF81C
:1008400005308DF80450FFF79FFE2378002B3FF40E
:1008500045AF1223314601A88DF805308DF80450BC
:10086000FFF792FE2378002B3FF438AF8123314607
:1008700001A88DF805308DF80450FFF785FE237828
:10088000002B3FF42BAFCF23314601A88DF8053064
:100890008DF80450FFF778FE2378002B3FF41EAF4D
:1008A000D923314601A88DF805308DF80450FFF7A3
:1008B0006BFE2378002B3FF411AFF123314601A8E2
:1008C0008DF805308DF80450FFF75EFE2378002B7D
:1008D0003FF404AFDB23314601A88DF805308DF8D5
:1008E0000450FFF751FE2378002B3FF4F7AE40236E
:1008F000314601A88DF805308DF80450FFF744FE0D
:100900002378002B3FF4EAAEA423314601A88DF8EA
:1009100005308DF80450FFF737FE2378002B3FF4A5
:10092000DDAEA623314601A88DF805308DF80450C0
:10093000FFF72AFE2378002B3FF4D0AEAF233146D9
:1009400001A88DF804508DF80530FFF71DFE02B0A8
:1009500070BD00BF800100200F000020411E00F18B
:10096000200C002011F8013F08225840430010F0ED
:10097000800F83F0070314BFD8B2400002F1FF33A9
:1009800008BFC0B213F0FF02F0D16145EAD1704751
:10099000F0B500258BB0474C222201A928462570CE
:1009A000FEF7CCFA18B1444B019A9A4201D00BB031
:1009B000F0BD9DF80830072BF9D10DF103000DF1C2
:1009C000240C294610F8013F082259404B0011F031
:1009D000800F83F0070314BFD9B2490002F1FF333F
:1009E00008BFC9B213F0FF02F0D18445EAD19DF8E7
:1009F00025308B42DBD1314F01AE35460FCD6545F9
:100A000007F1100706F1100647F8100C47F80C1C08
:100A100047F8082C47F8043CEFD133883B80284E38
:100A20000123237001AC25460FCD654506F1100664
:100A300004F1100446F8100C46F80C1C46F8082C7B
:100A400046F8043CEFD11F4B21889DF81400187024
:100A50009DF8152031809DF817505A709DF8184068
:100A60009DF816209DF8190017499A70002202EB94
:100A700042030132CD540B44082A5C709870F6D1C1
:100A8000124C134B9DF81B50257012489DF81D40C9
:100A90001C70114A9DF81E4004709DF81F40147090
:100AA0000E490F4BDDF821209DF8200008701A60D8
:100AB0007DE700BFC000002043545255980300203A
:100AC000500300208C030020C0030020910300206D
:100AD000BE000020BF000020AE0000208F030020D9
:100AE00004040020F0B58BB02222002101A806F0FA
:100AF00031FA72B67A4C7B4922782378019107202B
:100B00008DF808008DF80920002B40F0A280764B6C
:100B10001B889BB22278ADF80A300A2A04BF724BB8
:100B20001B8822780CBF9BB20023052AADF80C303D
:100B300004BF6E4B1B7822780CBFDBB20023052A62
:100B40008DF80E3000F0C180002023788DF80F0062
:100B5000092B04BF664B1B7822780CBFDBB2002345
:100B6000092A8DF8103000F0A680002023788DF837
:100B700011000A2B04BF5F4B1B7822780CBFDBB23D
:100B800000230A2A8DF8123008BF5B4B5B4A08BF6E
:100B900019785B4B147850788DF815000CBFC9B2EA
:100BA00000218DF8131091781A788DF81610587866
:100BB0008DF8172099781A788DF814408DF8180060
:100BC0008DF8191012B95A78002A44D001238DF8F3
:100BD0001A304C494C484D4A4D4B097800781278F0
:100BE0001B788DF81B108DF81D208DF81E3049499B
:100BF000494A4A4B097812781B688DF81C008DF819
:100C00001F108DF82020CDF8213062B600230DF1A1
:100C1000030109AD11F8012F082453405A0013F0C5
:100C2000800F08BF5B0082F0070204F1FF3414BF9D
:100C3000D3B2DBB214F0FF04F0D1A942EAD13849B3
:100C40008DF82530212201A806F066F940B90BB0D5
:100C5000F0BD00235EE79B78003B18BF0123B6E799
:100C6000304F01F007FC3B6840F6B732C31A93429D
:100C70000646ECD92046222201A9FEF72DF90028CC
:100C8000E5D0DFF89CC001ACA646BEE80F00AE453B
:100C90000CF1100C04F110044CF8100C4CF80C1C66
:100CA0004CF8082C4CF8043CEED12388ACF800300A
:100CB0003E600BB0F0BD1C48402102F063FFA0F184
:100CC0000100B0FA80F0400950E710214FF0904049
:100CD00002F058FFA0F10100B0FA80F0400934E7BB
:100CE000980000204354525512040020BC000020FC
:100CF0004C03002078030020F00100208C0300202A
:100D0000C00300209103002010040020BE0000203A
:100D1000BF000020AE0000208F030020040400204C
:100D20005003002060510020000400482DE9F041EC
:100D3000152ADFF884E084B0064628BF1522002576
:100D4000AEFB0103DB0803EB8304A1EB440405F1D4
:100D500010008C46303468442F46E4B20135BCF1B3
:100D6000090F00F80C4CEDB21946E9D8AA421CD97B
:100D7000521B02F0FF0842462021304606F0EAF8F6
:100D80004246ADB11544E8B2174402E011F80C4CEC
:100D90001A46531CDBB2F91A04AD9842B45455FA02
:100DA00081F1F3D104B0BDE8F0810022002DE9D13A
:100DB000104604B0BDE8F081CDCCCCCC2DE9F0419B
:100DC0001446A0B0FFF732FC2378002B3AD06846D7
:100DD0000021A646C4F101051C4E84460C4619E0CC
:100DE000D3B2A3F1200202EB820292B2931992597C
:100DF0001B798CF80430CCF8002005EB0E021EF8AD
:100E0000013F8CF805400CF1060C0631D2B28BB1D3
:100E10007E2912D0A3F16107A3F12002192F5FFAF6
:100E200082F8DDD9B8F13F0FDDD9CCF800408CF85D
:100E30000440E2E702EB42025100FFF7D9FB20B089
:100E4000BDE8F08119466846F7E700BF187201084F
:100E500008B50021FFF7EAFBBDE808400148802102
:100E6000FFF7C6BBD89301082DE9F047642B28BFD4
:100E70006423802A154628BF80250C06A0B002D422
:100E80004C19802C3BDC244E05FB03F3A6FB0336F8
:100E9000C6F34716002A3DD06F460023BC469E4647
:100EA0004FF07E086C1E4FF0420A4FF05E090EE0D4
:100EB000A34210D0013376455FFA83FE2CBF8CF835
:100EC00000908CF800A075450CF1010C0ED922465B
:100ED000002BEDD11A46803201336A445FFA83FE5B
:100EE000754502F8808C0CF1010CF0D8FFF79EFBE1
:100EF00029463846FFF77CFB20B0BDE8F087C1F1FA
:100F00008005054EEDB215FB03F3A6FB0336C6F3D1
:100F10004716C1E76F46E9E71F85EB512DE9F04F12
:100F2000A5B0CDE901109946BDF8B870BDF8BC80F8
:100F3000164601F09FFA45490B68C31AB3F5FA6FDC
:100F400075D2434A13785BB908604248424C017835
:100F500024F81190013101F01F0101700133137069
:100F6000002E5BD0B84559D90199802E28BF802624
:100F7000080605D48B19802BC4BFC1F18006F6B2D8
:100F8000344B14781B780093631EDBB206F1100219
:100F90000393A8EB070B04AB0DEB020A00254FF0FF
:100FA000010EB5FBF6F2D2B294423AD8002C3CD0F6
:100FB0001F2C039A03D900990A4402F01F02264904
:100FC00031F81220BA4238BF3A46424594BFC7EBC7
:100FD0000200C7EB0800C0EBC000B0FBFBF0C0B2E2
:100FE000C0F1070006224FF0800C0EFA02F1824297
:100FF00041EA0C0102F1FF3203DB5FFA81FC511C74
:10100000F3D103F801CB9A452544CAD1DDE901109B
:10101000FFF70CFB314604A8FFF7EAFA25B0BDE85C
:10102000F08F1F2CC7D8002CC9D14A46CAE70860E8
:10103000084909480B78064A20F81390013303F059
:101040001F030B7013781F2B8AD887E7A451002049
:10105000A8510020A951002064510020F0B5154F7F
:10106000154E3B78192828BF002003EB800306EBC0
:10107000431384000FCB85B06D4685E80F006C21CB
:101080000520FFF7D3FA28461021FFF7B1FA387888
:10109000204406EB401010300FC885E80F006C218B
:1010A0000620FFF7C3FA10212846FFF7A1FA05B082
:1010B000F0BD00BF9A0000205887010870B588B0C5
:1010C00001F0D8F9A04B1B68C01AC72825D89F4B40
:1010D00093E803006C4684E80300002108469C4D19
:1010E000FFF7A4FA08212046FFF782FA2B78102B8D
:1010F00000F2DA81DFE813F01302690069002202CE
:10110000ED01F50116001600DA01E501FD012A02E4
:101110000B02D801D801D80116006C4600230093B9
:101120006360DAE78B4B8C4A19688C4B002918BF37
:101130001A460A210020FFF741FE2C78E4B20B2C5E
:101140000DD8DFE814F086010C000C000C005A01E9
:101150002F010C000C00D400A00074004A000025F0
:101160007F4A53242B46013520336B44EDB203F8FC
:10117000184C545D2B46002CF5D1764B79491A68F2
:1011800002AE8A4298BF196870190522FFF7CEFD9A
:101190000544EDB22022A9187348002369440134A4
:1011A0000B44E4B203F8182C025D2346002AF6D162
:1011B000254408AB53FA85F505F8182C3246002172
:1011C0000120FFF7FBFD08B070BD624B624A196851
:1011D000664B002918BF1A46ABE70025644A48242D
:1011E0002B46013520336B44EDB203F8184C545DA7
:1011F0002B46002CF5D15F4B5A491A6802AE8A4241
:1012000098BF196870190522FFF790FD0544EDB2EB
:101210002022A91858480023694401340B44E4B241
:1012200003F8182C025D2346002AF6D1C0E70025FA
:10123000524A48242B46013520336B44EDB203F863
:10124000184C545D2B46002CF5D14D4B198802AE3D
:10125000032289B27019FFF769FD0544EDB220231E
:10126000EA1848490DEB0200621C044404F8183CDB
:10127000D4B20B5D002BF7D1254408AA52FA85F5AC
:1012800005F8183C9AE700253F494C242B466A1C78
:1012900020336B44D5B203F8184C4C5D2B46002C20
:1012A000F5D13A4B3A4A1B7803EB830303EB8301F6
:1012B0008900A2FB013102AEC90903227019FFF7B0
:1012C00035FD0544EDB22023EA1832490DEB02004A
:1012D000621C044404F8183CD4B20B5D002BF7D117
:1012E000254408AA52FA85F505F8183C66E700255A
:1012F000294A53242B46013520336B44EDB203F8C1
:10130000184C545D2B46002CF5D1244B198802AEA5
:10131000042289B27019FFF709FD0544EDB22023BC
:10132000E9181F4A0DEB0100611C044404F8183C45
:10133000CCB2135D002BF7D1254408AA52FA85F5EB
:1013400005F8183C3AE700BFA80000207C6F0108B0
:10135000980000200C040020587601083877010816
:10136000D47701089F860100DC770108A876010880
:10137000CC77010894030020BC760108947701081B
:10138000AC000020A0770108807701084C03002002
:10139000818080808C770108C0770108A40000203C
:1013A000B87701080025704A52242B4601352033B6
:1013B0006B44EDB203F8184C545D2B46002CF5D16C
:1013C0006A4B02AE196805227019FFF7AFFC05449D
:1013D000EDB22023EA1866490DEB0200621C0444BA
:1013E00004F8183CD4B20B5D002BF7D1254408AAB1
:1013F00052FA85F505F8183CE0E600255D4A5624CA
:101400002B46013520336B44EDB203F8184C545D84
:101410002B46002CF5D1584B198802AE04227019C6
:1014200089B2FFF783FC0544EDB22023EA180DEBE7
:101430000200524A611C044404F8183CCCB2135D0B
:10144000002BF7D1254408AA52FA85F505F8183C77
:10145000B4E64B4A54250023013420336B44E4B2F4
:1014600003F8185C155D2346002DF5D1454B19880E
:1014700002AE032289B23019FFF758FC0444E4B2EB
:101480002023E21840490DEB02006A1C054405F8D0
:10149000183CD5B24B5D002BF7D12C4408AA52FA68
:1014A00084F404F8183C89E6384A42E6384B1A7846
:1014B000022A57D01978354A364B012908BF1A46F7
:1014C00037E6354B314A1978344B002918BF1A4694
:1014D0002FE6334B334A1978334B002908BF1A469D
:1014E00027E6324B324A1978324B002908BF1A4698
:1014F0001FE6314A13889BB2002B29D0214B198853
:1015000013888AB29BB29A4222D22C4A11E62C4B03
:101510002C4A19682C4B002918BF1A4609E626499F
:101520000B889BB2E3B1174B264A18880B88234CD3
:1015300081B29BB2994238BF2246FAE5204B214A3C
:101540001968224B002918BF1A46F2E5204AF0E537
:101550001B4B1C4A19681F4B002918BF1A46E8E5A7
:10156000184AE6E51C4AE4E56C770108B000002063
:1015700074770108AC770108FC030020B8770108F4
:1015800058770108AC00002060770108287701082F
:101590009B000020D87601084C03002078760108D3
:1015A000FE030020C876010898760108BC000020E0
:1015B00008770108B876010812040020687601084F
:1015C0000C0400205876010888760108F876010896
:1015D000E8760108487701081877010870B5234EAE
:1015E000A0B005460024E0B20021FFF71FF8013447
:1015F00080213046FEF7FCFF082CF4D180221C49E4
:10160000684605F099FC00210846FFF70FF8802195
:101610006846FEF7EDFF80221649684605F08CFC0F
:1016200000210120FFF702F880216846FEF7E0FF65
:10163000042D114B28BF002505EB850503EBC515CF
:10164000022480222946684605F076FC20460021C7
:101650000134FEF7EBFFE4B280216846FEF7C8FFD5
:10166000072C05F18005ECD120B070BDD89301089E
:10167000846F010804700108587D010808B5144AF8
:10168000144B002111701B78134ADBB213701378CE
:10169000012B11D013780F2B4FF0AE0008D0FEF7BE
:1016A00091FF8120FEF78EFFCF20FEF78BFFAF204A
:1016B000BDE80840FEF786BFAF20FEF783FF81201C
:1016C000FEF780FFBDE808400F20FEF77BBF00BF9C
:1016D0009003002092030020910300202DE9F041A7
:1016E000B24D2B78192BA2B048D0FFF7E7FCB04BD6
:1016F0001B7803F0FF04002B40F0C3822B78182BDB
:101700001FD8DFE813F01900E903D1047B04740447
:101710006D0466045F04EF035104200419041304EC
:101720000D0407040104FB03F5033C0435042E04F7
:1017300027044A04430458049E4A10210220FFF75C
:101740003DFB9D4A00210320FFF738FB2E78F6B2BF
:10175000102E00F2AD80DFE816F0AF0063006300EA
:1017600063006E031903630063005602D30257013E
:1017700029026300AB00AB00AB00630002AD802226
:101780008E498F4E284605F0D7FB00210846FEF70C
:101790004DFF80212846FEF72BFF802289492846ED
:1017A00005F0CAFB00210120FEF740FF80212846FA
:1017B000FEF71EFF0224204600210134FEF736FF0B
:1017C000E4B280213046FEF713FF082CF3D1DFF896
:1017D00030827D4F022498F8003013F0010FE6B2FA
:1017E0004FF0800207EBC411284614D105F0A4FB8A
:1017F00000213046FEF71AFF013480212846FEF70B
:10180000F7FE072CE7D1714A0421204622B0BDE83B
:10181000F041FFF7D3BA8022002105F09BFBE7E7F8
:1018200072B66B4A6B4B1768D3F8008062B6002F14
:1018300000F043846849694BB94228BF39465326B2
:101840000022013488326A44E4B202F8806C1E5DE2
:101850002246002EF5D102AB05221819FFF766FAD1
:1018600022AB204453FA80F3052103F8806C02AACE
:101870000846FFF7A3FAB8F1000F0FD064243346EF
:101880004246A7FB0401F8F7FFFF652871F100024B
:10189000034628BF2346C3F16403DEB23346552214
:1018A00005210720FFF7E0FA2878FFF7D7FB7AE059
:1018B0004B4A0A210520A9E74A4A13889BB2B3F58F
:1018C0007A7F38BF1788484A34BFBFB240F2E73743
:1018D00054240023013688336B44F6B203F8804C5D
:1018E000945D3346002CF5D1DFF81881B8F800106C
:1018F00002AD89B20322A819FFF718FA0644F6B21E
:1019000006F188033946771C0DEB0306FFB22F233F
:1019100006F8803CE8190322FFF708FA0744FFB2F3
:1019200007F18803314820260DEB0301631C0A19D7
:10193000DCB202F8806C065D002EF7D122A93A19BC
:1019400051FA82F2B8F80030009602F8806C4FF439
:10195000E1729BB20192052155220420FFF7DEFAC5
:10196000052108462A46FFF729FA214B214A197812
:10197000214B0620002908BF1A460521FFF71EFA51
:10198000B8F800301D4A64219BB201FB03F3A2FBAF
:1019900003230720C3F3072355220521FFF764FA29
:1019A0003046FFF75BFB22B0BDE8F08198000020D5
:1019B0001004002080780108107A01088470010862
:1019C000D893010804710108D87901084478010806
:1019D0000C040020080000209F8601002C7A0108DA
:1019E000C87A01081204002058770108287A0108F3
:1019F000BD000020E8770108F8770108C5B3A2917F
:101A00009A000020AC000020A44A13889BB2B3F5D2
:101A10007A7F38BF1788A24A34BFBFB240F2E73797
:101A20004E260023013488336B44E4B203F8806C03
:101A3000165D2346002EF5D19A4B198802AD89B266
:101A400003222819FFF772F90444E4B204F1880371
:101A50006B440134E4B22F2003F8800C3946032292
:101A60002819FFF763F90444E4B204F1880322AAB9
:101A7000013452FA84F46B444322052103F8802C8C
:101A800008462A4604F8806CFFF798F9864A4C24E9
:101A900006F1880301366B44F6B203F8804C945D7E
:101AA000002CF5D1814B824A1B78824F03EB8303D4
:101AB00003EB83039900A2FB0131C9090322A81992
:101AC000FFF734F90644F6B206F188036B44252289
:101AD00003F8802C0136784BF6B219680422A81955
:101AE000FFF724F93044C3B203F1880252260DEB0C
:101AF0000201621C0C4404F8806CD4B23E5D002EDE
:101B0000F7D1234422AA52FA83F305212A4603F887
:101B1000806C0620FFF752F9684A482406F18801D4
:101B2000731C0DEB010606F8804CDEB2945D002CB0
:101B3000F4D1634B1B7803EB830303EB83015C4B12
:101B40008900A3FB0131C9090322A819FFF7EEF8A8
:101B50003044C6B25B4A06F188036B440136116813
:101B6000F6B2252203F8802CA8190422FFF7DEF82C
:101B70000644F6B206F1880252230DEB0201621C04
:101B80000C4404F8803CD4B23B5D002BF7D122AA70
:101B9000344452FA84F405212A46072004F8803C94
:101BA000FFF70CF90A20FFF759FAFCE60521464A2F
:101BB0000846FFF703F945494922002301348833D9
:101BC0006B44E4B203F8802C0A5D2346002AF5D169
:101BD0003F4B40491A6802AD8A4298BF19682819DC
:101BE0000522FFF7A3F822AB044453FA84F4002340
:101BF0002A460521072004F8803CFFF7DFF80B2078
:101C0000FFF72CFACFE6344B1A78012A00F0538202
:101C10001978324A324B022918BF1A460521084664
:101C2000FFF7CCF82F4B304A1878304B05210028AD
:101C300008BF1A460620FFF7C1F82D4A5025002399
:101C4000013488336B44E4B203F8805C155D2346AD
:101C5000002DF5D1274B198802AB1819042289B23F
:101C6000FFF764F822AB044453FA84F402AA052176
:101C7000072004F8805CFFF7A1F80820FFF7EEF9D1
:101C800091E61D4A0A210220FFF798F81B4A0A2113
:101C9000032022B0BDE8F041FFF790B81204002005
:101CA000847A0108AC0000208C7A010878030020B7
:101CB00081808080947A010874030020987A01085A
:101CC000F0010020EC010020AC7A0108BC7A010888
:101CD000940300209F8601009B00002018780108D3
:101CE00028780108BD000020E8770108F87701088E
:101CF000A07A0108A4000020587801086C78010837
:101D0000C24A50250023013488336B44E4B203F8FF
:101D1000805C155D2346002DF5D1BD4E02AB3178B8
:101D200018190322FFF702F80444E4B222AA04F1CE
:101D3000880301346B4452FA84F40521252703F803
:101D4000807C02AA084604F8805CFFF737F8B14BA4
:101D5000B14A1878B14B0521002808BF1A46062061
:101D6000FFF72CF83378AE4A03EB830303EB8303CE
:101D70009B00A2FB0323C3F3C713552205210720B1
:101D8000FFF772F80920FFF769F90CE6A54A522619
:101D90000023013488336B44E4B203F8806C165D91
:101DA0002346002EF5D1A04B02AD19680522281953
:101DB000FEF7BCFF22AB044453FA84F40521084625
:101DC0002A4604F8806CFEF7F9FF924B924A197884
:101DD000924B0620002908BF1A460521FEF7EEFFA8
:101DE000924953243346721C88336B44D6B203F8AD
:101DF000804C8C5D3346002CF5D18D4B0322197835
:101E0000A819FEF793FF8219D2B202F188030DEBF5
:101E10000301013222AB53FA82F3252001F8800C32
:101E20002A460521072003F8804CFEF7C7FF05204E
:101E3000FFF714F9B7E57F4B5626002201348832AC
:101E40006A44E4B202F8806C1E5D2246002EF5D191
:101E5000794B198802AD032289B22819FEF766FF73
:101E600022AB044453FA84F4052108462A4604F8B8
:101E7000806CFEF7A3FF71494F2306F188020136FB
:101E80006A44F6B202F8803C8B5D002BF5D16C4AB7
:101E90006C491278002A6C4A06F188000ABF114684
:101EA0004F2446241A46684401330244DBB202F848
:101EB000804CCC5C1A46002CF6D122AA334452FA4C
:101EC00083F305212A46072003F8804CFEF776FFAE
:101ED0000420FFF7C3F866E55C4A10210220FEF7F4
:101EE0006DFF2EE45A4A10210220FEF767FF28E416
:101EF000584A10210220FEF761FF22E4564A1021C1
:101F00000220FEF75BFF1CE4544A10210220FEF77A
:101F100055FF16E4524A10210220FEF74FFF10E44D
:101F2000504A10210220FEF749FF0AE44E4A1021D0
:101F30000220FEF743FF04E44C4A10210220FEF782
:101F40003DFFFFF7FEBB4A4A10210220FEF736FF95
:101F5000FFF7F7BB474A10210220FEF72FFFFFF7DC
:101F6000F0BB454A10210220FEF728FFFFF7E9BB2E
:101F7000424A10210220FEF721FFFFF7E2BB404A50
:101F800010210220FEF71AFFFFF7DBBB3D4A1021AC
:101F90000220FEF713FFFFF7D4BB3B4A10210220BB
:101FA000FEF70CFFFFF7CDBB384A10210220FEF7E9
:101FB00005FFFFF7C6BB364A10210220FEF7FEFEE2
:101FC000FFF7BFBB334A10210220FEF7F7FEFFF7F1
:101FD000B8BB314A10210220FEF7F0FEFFF7B1BB7B
:101FE0002E4A10210220FEF7E9FEFFF7AABB2C4A79
:101FF00010210220FEF7E2FEFFF7A3BB294A1021C1
:102000000220FEF7DBFEFFF79CBB00BF787A0108D9
:102010004C030020BD000020E8770108F877010894
:1020200081808080607A0108B00000206C7A01080D
:10203000BC000020487A0108FC030020587A0108FF
:10204000FE030020387801083C78010890780108E8
:102050002079010890790108007901088079010848
:102060007079010860790108107901085079010838
:1020700040790108D0790108C0790108B0790108D8
:10208000A0790108F0790108E079010830790108A8
:10209000007A0108F0780108E0780108D07801089A
:1020A000C0780108B07801080A4A10210220FEF722
:1020B00085FEFFF746BB084AB0E505210846074AFA
:1020C000FEF77CFE6423552205210720FEF7CCFE97
:1020D000FFF7EABBA078010808780108387A010800
:1020E0000B4B1B78052B11D172B60A4A00211368DD
:1020F000116062B6084A4FF4C87101FB03F3136024
:10210000116842F20F73994288BF1360704700BF95
:1021100098000020B8000020B00000200A4B1B7877
:102120000A2B10D172B6094A00211368116062B6F9
:10213000074AC82101FB03F31360116842F20F73D1
:10214000994288BF136070479800002080030020E8
:10215000740300200E4B1B78092B04D110B50D4CD5
:1021600023780BB910BD704700F084F90A4B1B6847
:10217000C01AFA28F6D9094B09481B6800222270B8
:1021800040215A6301F004FD064B01221A7010BD74
:10219000980000204C030020480300206402002027
:1021A00000040048100400200F4B1B78052B04D1BD
:1021B00010B50E4C23780BB910BD704700F05AF9DA
:1021C0000B4B1B68C01AFA28F6D90A4B0A481B6841
:1021D000002222704FF400715A6301F0D9FC074BC2
:1021E00001221A7010BD00BF98000020BC00002022
:1021F000B400002064020020000400481004002005
:102200000C4B1A781AB11B78132B00D0704710B5FD
:10221000094C23889BB203B910BD00F02BF9074B82
:102220001B68C01AFA28F7D9054B0021012221802A
:102230001A7010BD98000020120400200004002035
:10224000100400200B4B1B780A2B05D110B50A4C4B
:1022500023889BB20BB910BD704700F00BF9074BF8
:102260001B68C01AFA28F6D9054B002101222180EB
:102270001A7010BD9800002012040020FC010020FC
:10228000100400200D4B1B780A2B04D110B50C4C08
:1022900023780BB910BD704700F0ECF8094B1B68B0
:1022A000C01AB0F57A7FF5D9074B084A18680121A2
:1022B000002323704363117010BD00BF98000020FD
:1022C000780300207C03002064020020100400201A
:1022D0000C4B1B78122B04D110B50B4C23780BB987
:1022E00010BD704700F0C6F8084B1B68C01AFA28EA
:1022F000F6D9074B074A186801210023237043636E
:10230000117010BD98000020160400201804002051
:1023100064020020100400200D4B1B78132B04D105
:1023200010B50C4C23780BB910BD704700F0A2F823
:10233000094B1B68C01AB0F57A7FF5D9074B084ADC
:1023400018680121002323704363117010BD00BF82
:1023500098000020E4010020E80100206402002031
:10236000100400200A4B1B780A2B10D172B6094AC0
:1023700000211368116062B6074AC82101FB03F30C
:102380001360116842F20F73994288BF136070475F
:1023900098000020F8010020EC01002008B50E4B49
:1023A0001B780A2B12D10D4B1B780A2B0FD90C4B23
:1023B0001B6863B900F05EF80A4A126840F6B83349
:1023C000801A984202D9084B01221A7008BD00F009
:1023D00051F8044B186008BD98000020F00100205F
:1023E000EC010020AC51002010040020704700BF19
:1023F00038B50E4A0E4B12781B6805464FF47A70BA
:10240000B0FBF2F0B3FBF0F001F0E0F908B90F2DEA
:1024100001D9012038BD0446024629464FF0FF305D
:1024200001F088F9034B20461D6038BD10000020E4
:102430000000002014000020074A08B5136843F08C
:1024400010031360032001F063F90F20FFF7D0FFA2
:10245000FFF7CCFF002008BD00200240034A044BD8
:1024600011681B780B441360704700BFB051002007
:1024700010000020014B1868704700BFB0510020C9
:1024800038B50446FFF7F6FF631C054602D0044B3F
:102490001B781C44FFF7EEFF431BA342FAD338BD61
:1024A00010000020704700BF026838B5936803F041
:1024B0000303012B01D0002038BD1168CC07FAD5E9
:1024C000916801F00D010129044609D0026C42F027
:1024D000100222641846636C43F00103636438BD44
:1024E0009368032143F0020393601160FFF7C2FF7A
:1024F00023689B68D907054603D4DCE79B68DB07A4
:10250000D9D5FFF7B7FF401B02282368F6D99A6890
:10251000D207F3D5236C43F010032364636C0120CE
:102520000343636438BD00BF03689A6812F00C0F60
:1025300001D100207047DA6870B59601044604D5D1
:10254000008B40F2011290421CD060299A6844D05E
:10255000560706D59A68900703D49A6842F010028D
:102560009A600C291DD09A68120706D59A689607BA
:1025700003D49A6842F020029A606C2914BF0425A3
:102580000C250FE01A68500606D41E4A01E0013AF5
:1025900018D019684906FAD540221A609A6852077D
:1025A00026D40425FFF766FF236806469B681D4274
:1025B00011D0FFF75FFF831B0B2B2368F6D99A68B6
:1025C0002A42F3D0236C43F010032364636C012090
:1025D0000343636470BD002070BD110706D59A687F
:1025E000920703D49A6842F020029A600825D9E73E
:1025F0009A689007D5D49A6842F0100204259A6030
:10260000D0E700BF00940900026838B5936803F072
:102610000303012B044625D09168154B194208D0BD
:10262000236C43F010032364636C01200343636451
:1026300038BD936843F001039360FFF71BFF2368E5
:1026400005461B68D9070BD4FFF714FF431B022B69
:102650002368F6D91A68D207E2D51B68D907F3D5E3
:10266000002038BD1368D807D6D50020F9E700BF91
:102670003F00008030B597B000230193002800F0A0
:102680009B80036C13F01003044618D1056C002DD9
:1026900000F0958022689168CD0040F181809168BA
:1026A00088007DD4216CC90600D463B1236C23F06B
:1026B0001203012043F01003236417B030BD036CF4
:1026C000D806F3D42268906810F00400EED1216C93
:1026D000824B21F4817141F00201B2F1A04F2164DB
:1026E0007CD09A4278D07E4B9A4200F094807D490B
:1026F0008A4200F09180936803F00303012B00F0FD
:10270000E58079498B68656823F440332B438B60FF
:10271000636BE168657E012BA36843EA010394F8CB
:10272000201018BF4FF4805043EA4533012943EA93
:10273000000300F0A580A16A012909D068488242FF
:102740005DD000F58070824259D0E06A03430B43AC
:10275000916811F00C0F0CD1D16821F4804121F067
:102760000201D16094F83010207E490041EA8031A6
:102770000B43D0685D49014020690B430128D360B9
:1027800000F08680136B23F00F0313630020606456
:10279000236C23F0030343F00103236417B030BD1F
:1027A000236C23F0120343F010032364636C43F0A3
:1027B00001036364236C79E7012017B030BDC0E9E1
:1027C0001255456480F83C50FFF76CFE2268936810
:1027D000D90024D52B465EE74FF0A043444902932D
:1027E000936803F00303012B5AD0029DAB6803F0FA
:1027F0000303012B86D12B68DD0789D482E7B1F56D
:10280000307F60D0B1F5807F65D0B1F5E07F08BF43
:102810004FF4807199E7334B33490293E0E7204648
:10282000FFF742FE226CD20603463FF533AF002885
:102830007FF430AF216C226821F4885121F002012D
:1028400041F00201216490682A4920F040509060D4
:102850009068096840F0805090602748A0FB010113
:10286000890C01EB810149000191019900293FF494
:1028700012AF01990139019101990029F9D10AE7B3
:10288000B5B9616A013943EA414343F4803352E701
:10289000116BE36921F00F01013B0B43136375E7F3
:1028A0001368DB073FF534AF029D002D9ED129E769
:1028B000216C21F0220141F020012164616C41F082
:1028C0000101616437E74FF4E0713EE71368DB070D
:1028D0003FF51EAF15E74FF4307136E700010050A9
:1028E00000040050000500500007005007C0F0FF32
:1028F000000300500000002083DE1B4338B503684E
:102900009D6815F004052CD190F83C30012B04464D
:1029100027D0012380F83C30FFF776FEF0B9226C17
:10292000236822F4706222F0010242F48072B3F153
:10293000A04F226417D03A4A934268D002F5C06291
:102940009268D50611D037498B420ED0226C42F4E2
:1029500080122264CA68920114D50DE084F83C50BC
:1029600038BD022038BD304A9268226C22F48012B1
:102970002264DA68910105D5226C22F4405242F4B7
:1029800080522264226C12F480521CBF626C22F0CE
:102990000602626400211C22B3F1A04F84F83C10AF
:1029A0001A601AD01E4A934222D0D2F80816CD06D9
:1029B00002F5C0620CD0916801F01F01052907D013
:1029C000926802F01F02092A02D0164A9342C7D128
:1029D0009A6842F004029A6038BD134A9168CC06A6
:1029E000F6D0916801F01F010529F1D09268EFE758
:1029F0000D4A9168C906EBD0916801F01F010529C5
:102A0000E6D0926802F01F02092AE1D038BD064ADA
:102A10009268D206A9D0226C4FF0A04197E700BF80
:102A200000010050000400500003005090F83C30BA
:102A3000012B1DD0012310B56C2180F83C300446D9
:102A4000FFF772FD18B1002384F83C3010BD20461A
:102A5000FFF72AFD0028F6D1236C23F4885323F0D6
:102A6000010343F001032364002384F83C3010BDCC
:102A7000022070472DE9F04144690368082C06469E
:102A80000D4610D0B3F1A04F5DD046484649474AA5
:102A9000834218BF11468A6812F01F023AD1D968E2
:102AA000C9076ED40C24B3F1A04F41D03D4A9342E4
:102AB00050D002F5C0629268D20646D1DF68FFF7B7
:102AC000D9FC3268804601E06B1C17D113682342A1
:102AD000FAD0336C43F400733364D36807F40051C5
:102AE00003F440630B4302D11368180739D417F479
:102AF00080400CBF14600020BDE8F081DDB9136890
:102B00002340E3D1326C86F83C3042F00402326458
:102B10000320F1E78A6812F4404FC3D0336C0022DF
:102B200043F0200386F83C2033640120BDE8F081A7
:102B30001D4A9268C2E7FFF79DFCA0EB0800A8427F
:102B40003268C3D9DBE71849A5E7194A9342B5D0E3
:102B5000D768B4E7144A9268D206AFD04FF0A042CB
:102B6000F6E7936813F0040F336C13D123F48073EA
:102B70003364336CD904BAD4336C43F00103336447
:102B8000B5E7336C86F83C2043F020033364012022
:102B9000BDE8F08143F020033364736C43F001031C
:102BA0007364A4E7000100500003005000070050C8
:102BB000000400500368186C704700BFF8B590F827
:102BC0003C30012B40D0012780F83C7004460D4674
:102BD000FFF76AFC0646002831D1236827649A680B
:102BE000BD4222F080429A6003D19A6842F080424E
:102BF0009A609A6842F000429A60FFF73BFC2368B3
:102C000005469B68002B14DAFFF734FC431B0A2BA4
:102C10002368F6D99A68002AF3DA236C002223F09D
:102C2000120343F01003012684F83C20236430464D
:102C3000F8BD236C23F0030343F001032364002356
:102C400084F83C303046F8BD02263046F8BD00BF5F
:102C5000F0B590F83C20CC6897B00346012A4FF0BD
:102C60000000019000F0F5801A68012083F83C0014
:102C700095686F073AD44868042800F2888000EB12
:102C80004000166B0D6840004FF01F0C0CFA00FC62
:102C900026EA0C0C05FA00F04CEA0000106390687C
:102CA00010F00C0F34D1092D00F2888050698E6825
:102CB00005EB450E4FF0070C0CFA0EFC06FA0EF66B
:102CC00020EA0C0030435061D0680E694F69C0F3B0
:102CD000C1004000013E07FA00F0032E00F26081BF
:102CE000DFE816F00D000B010101F7001A6C42F04D
:102CF00020021A64002283F83C2017B0F0BD176E42
:102D00009F4E3E4046EA8566304340F000401066E4
:102D1000906800F00300012800F09680012C00F07C
:102D20009B80D2F8B0100120A84021EA0001C2F82F
:102D3000B010B2F1A04F63D092498A4260D0102DFA
:102D4000914960D0112D40F09C808868C0015DD40D
:102D5000B2F1A04F8B485DD0824200F0E8808B48F2
:102D6000824255D08A4CA24254D0906800F00300B1
:102D7000012800F0FD80102D48D0112D46D0122DD5
:102D800044D18A6842F4800200208A60B2E70928B0
:102D900025D90E2800EB40004FEA400000F28B805E
:102DA000966B0D683C384FF01F0C0CFA00FC26EABD
:102DB0000C0605FA00F03043906370E78F68906965
:102DC00005EB45061E3E4FF0070E07FA06FC0EFA0D
:102DD00006F620EA060040EA0C00906174E700EB7A
:102DE00040004000566B0D681E384FF01F0C0CFA67
:102DF00000FC26EA0C0605FA00F0304350634EE76B
:102E0000102D64499ED188680402A1D5002071E785
:102E100000F580700290906800F00300012876D0E1
:102E2000029CA06800F00300012877D0102D00F06C
:102E30008280112DA3D1B2F1A04FE7D18A6842F070
:102E4000807200208A6055E71068C6077FF566AF7C
:102E5000DCE7022017B0F0BDD2F8B000AC4004436C
:102E6000092DC2F8B04012D905EB45048E6890696F
:102E70001B3C0721A140A64020EA0101314391619A
:102E800057E7122DC2D188684702BFD460E76C1C97
:102E90008E68506904EB44040721A140A64020EA53
:102EA00001013143B2F1A04F5161AFD035498A429F
:102EB0007FF445AFAAE7D66B0D685A384FF01F0C68
:102EC0000CFA00FC26EA0C0605FA00F03043D06349
:102ED000E5E6D76E2A4E3E4046EA8566304340F02E
:102EE0000040D06614E7976E254E3E4046EA856660
:102EF000304340F0004090660AE7576E204E3E4057
:102F000046EA8566304340F00040506600E71068AE
:102F1000C60706D4029C002C83D187E72068C4072B
:102F200084D51A6C42F0200201201A64E2E64FF0C8
:102F3000A04002906FE7B2F1A04F7FF467AF164A4E
:102F4000164C12688868A4FB0242920C02EB8202C3
:102F5000520040F4000088600192019A002A3FF478
:102F600055AF019A013A0192019A002AF9D14DE731
:102F70001068C007D5D4102D7FF45BAF46E700BFC3
:102F800000F0FF83000100500007005000040050D3
:102F900000050050000300500000002083DE1B43AA
:102FA000106E00F0F840B0EB856F4FEA856614D0E4
:102FB000506E00F0F840864214D0906E00F0F84059
:102FC000864214D0D06E00F0F84086427FF4A0AE66
:102FD000D06E20F00040D0669AE6106E20F00040DF
:102FE0001066E5E7506E20F000405066E5E7906E11
:102FF00020F000409066E5E7704700BF00287BD0D6
:1030000038B590F820300446002B72D0226813683F
:1030100043F001031360FFF72DFA054604E0FFF7C4
:1030200029FA431B0A2B5BD823685A68D107F6D5C7
:103030001A6822F002021A60FFF71CFA054604E043
:10304000FFF718FA401B0A284AD823685A689207E3
:10305000F6D4227E012A1A680CBF42F0800222F0C8
:1030600080021A60627E012A1A680CBF42F0400298
:1030700022F040021A60A27E012A1A680CBF42F0B8
:10308000200222F020021A60E27E012A1A680CBF98
:1030900022F0100242F010021A60227F012A1A6800
:1030A0000CBF42F0080222F008021A60627F012A77
:1030B0001A680CBF42F0040222F004021A60D4E93C
:1030C0000220216902430A436069616802430139B1
:1030D0000A4300200121DA61606284F8201038BDC3
:1030E000636A052243F40033636284F820200120E0
:1030F00038BDFFF781FF89E70120704790F8202055
:10310000013A012A034605D9426A42F4802201208D
:103110005A6270470368486970B4D3F8004244F0BB
:103120000104C3F80042D3F81C42012500F01F023D
:1031300005FA02F2CD6924EA0204C3F81C42D44322
:10314000002D3DD1D3F80C52CE682540C3F80C5267
:103150008D8803EBC00045EA0645C0F840528E68F2
:103160000D8845EA0645C0F84452886910BBD3F87B
:1031700004022040C3F804020869A8B9D3F8140275
:103180000440C3F81442096A012904D1D3F81C127F
:103190000A43C3F81C22D3F8002222F001020020C7
:1031A00070BCC3F800227047D3F814021043C3F870
:1031B0001402E8E7D3F804021043C3F80402DBE783
:1031C000012DD2D1D3F80C520E681543C3F80C521E
:1031D0008D8803EBC00045EA0645C0F840528E6872
:1031E0008D8945EA0645C0F84452BEE770B590F8AF
:1031F0002030012B044606D0436A012643F4002305
:103200004362304670BD0268DEB2022380F820308F
:10321000136823F001031360FFF72CF9054604E05F
:10322000FFF728F9431B0A2B08D823685B6813F0C3
:103230000103F5D11E466362304670BD636A052204
:1032400043F40033636284F82020304670BD00BF31
:1032500030B4844690F82000DCF800500138012892
:10326000AC683BD814F0E05F08D1DCF8243043F4BC
:103270000013012030BCCCF824307047C4F3016443
:103280000120A04018608B688BB3C868034348686E
:1032900043EAC00304F1180000012B5005EB041CA5
:1032A0000B69CCF88431097D01294FEA041305D15B
:1032B000DCF8841141F48071CCF884112B445168FE
:1032C000C3F88C111268C3F88821DCF8803143F010
:1032D0000103002030BCCCF880317047DCF824308A
:1032E00043F48023012030BCCCF824307047CB68F5
:1032F000086843EA405004F118031B01E850CDE789
:1033000090F82020013A012A034605D9426A42F486
:10331000802201205A627047C80704D51868826865
:1033200042F0800282608A0704D51868826842F4FD
:103330000042826011F0040106D01A68936843F4D9
:1033400000030020936070470846704790F82030D3
:10335000013B012B01D900207047036898689A68E7
:103360009B681201C0F3806048BF0130DB00F3D5D9
:103370000130704770B590F820E00EF1FF3EBEF1CD
:10338000010F844673D8006851B9C468A4070AD1F4
:10339000DCF8243043F400130120CCF8243070BD55
:1033A0000469A607F4D000EB011E0C01DEF8B05151
:1033B00005F004059560002D60D0DEF8B051ED08F1
:1033C0005560DEF8B05105F00205D560DEF8B45165
:1033D0002D0758BFDEF8B451DEF8B46154BF05F0D4
:1033E0000F05082515612044DEF8B451C6F3072601
:1033F00096612D0CD0F8B86155611E70DCF8002084
:103400002244D2F8B821120A5A70DCF80020224473
:10341000D2F8B821120C9A70DCF800202244D2F8BD
:10342000B821120EDA70DCF800202244D2F8BC2158
:103430001A71DCF800202244D2F8BC21120A5A7119
:10344000DCF800202244D2F8BC21120C9A71DCF87E
:1034500000202244D2F8BC21120EDA71DCF80020E0
:1034600089B9D36843F020030846D36070BD436A2E
:1034700043F480230120CCF8243070BDDEF8B05135
:103480006D0D15609DE7136943F020030020136163
:1034900070BD00BF90F82020013A012A034605D9EB
:1034A000426A42F4802201205A62704702685369DE
:1034B0001943002051617047704700BF704700BF3B
:1034C000704700BF704700BF704700BF704700BF24
:1034D000704700BF704700BF704700BF704700BF14
:1034E000704700BF2DE9F84F03685C69D3F804808A
:1034F0009F68D3F80CB0D3F810A0D3F8189014F04C
:103500000106054620D017F001060DD001229A6071
:10351000BB0700F1C4807E0700F1E38017F00806C6
:1035200000F0E8804FF48056F8050BD52B684FF477
:103530008072B9059A6000F1AE807A0540F1CC80C6
:1035400046F40056F80365D4270702D51BF0100F88
:103550006BD1600703D51BF0080F40F08D80A107E9
:1035600004D52B68DB689A0740F08280630602D599
:103570001AF0100F48D1A70602D51AF0080F62D131
:10358000E00603D52B681B6999077CD1A20302D5FD
:1035900018F0100F5ED1E30302D518F0080F60D1C8
:1035A000270405D518F0040F06D12B6804225A60B1
:1035B000002E40D1BDE8F88FE00504D519F0010FC9
:1035C00018BF46F00106A10504D519F0020F18BF77
:1035D00046F00206620504D519F0040F18BF46F044
:1035E00004062305E1D519F07009DED0B9F1400FCA
:1035F00000F08B8057D8B9F1200F78D0B9F1300F97
:103600005FD146F0200656E02B68102246F4806613
:103610001A61B0E72B684FF48032B9039A6036D450
:103620007A0354D546F400468EE72B68102246F400
:103630000076DA608DE76B6A1E4328466E62FCF7FF
:10364000C9F8BDE8F88F2B6808221A612846FFF7F1
:1036500043FF95E72B6810225A602846FFF73EFF8C
:1036600099E72B6808225A602846FFF739FF97E749
:103670002846F9F79FFC79E72B680822DA6028468C
:10368000FFF726FF6BE72846FFF724FF7EE7284673
:10369000FFF716FF58E72846FFF710FF52E7FFF73E
:1036A0000BFF002640E7B9F1500F1DD0B9F1600FB4
:1036B00008BF46F480762B689A6922F070029A61FE
:1036C00074E7B9F1100FF6D146F00806F3E73B03B3
:1036D00017D546F4803637E73B050ED546F48046CD
:1036E00030E74FF400661FE746F08006E3E746F058
:1036F0001006E0E7FFF7E6FE16E72846FFF7E4FED0
:1037000020E72846FFF7E2FE1EE746F04006D2E734
:103710000749CA6803024FF6FF0003F4E063024062
:10372000134343F0BF6343F40033CB60704700BFE3
:1037300000ED00E01C4BDB68C3F3022300B5C3F1CE
:10374000070EBEF1040F03F1040C28BF4FF0040E66
:10375000BCF1060F1BD9033B4FF0FF3C0CFA03FCF6
:1037600022EA0C024FF0FF3C0CFA0EFC21EA0C019D
:103770009940002841EA02010CDB00F16040090198
:1037800000F56140C9B280F800135DF804FB002227
:103790001346E7E7054B00F00F0009010344C9B2E7
:1037A00019765DF804FB00BF00ED00E0FCEC00E0E2
:1037B000002808DB044A4109012300F01F0003FA36
:1037C00000F042F82100704700E100E00138B0F15C
:1037D000807F10D210B44FF0E023084C58614FF0B6
:1037E000F00C84F823C00022072110469A615DF88E
:1037F000044B196170470120704700BF00ED00E0E5
:1038000000283BD0D0E9013210B4C46801681343EA
:10381000026923431343D0E90542234313434FF086
:10382000020CC26980F821C013430A68144C22F4C8
:103830007F5222F030021343A1420B6012D9114B88
:10384000114A0B44A2FB03231B09104A9B00C0E949
:103850000F234FF480720023028483635DF8044BCE
:10386000184670470A4B084A0B44A2FB03231B0966
:10387000084A03FA0CF3C0E90F23EAE70120704776
:1038800007040240F8FBFDBFCDCCCCCC00040240C5
:10389000F8FFFDBF0000024070B490F82040012CFA
:1038A00039D090F821C00124A44580F8204005D0EB
:1038B000002380F8203070BC02207047022580F879
:1038C00021500468C66B00258563256825F0010535
:1038D0002560056C0CFA05F5756063604368102B74
:1038E000C36A0BBFA260A160E160E26053B12368CC
:1038F00043F00E032360236843F00103002023609C
:1039000070BC7047236843F00A032360236823F0E8
:1039100004032360EFE7022070BC704770B4C66BED
:10392000026C31680468042393400B4225680ED072
:1039300015F0040F0BD02268920603D4226822F0FF
:1039400004022260C26A7360CAB170BC10470223CD
:1039500093400B4215D015F0020F12D02268920648
:1039600006D4226822F00A022260012280F8212077
:10397000826A7360002180F82010002AE5D170BCB3
:103980007047082393400B42F9D02B07F7D52368E3
:10399000016B23F00E032360012303FA02F24FF4BC
:1039A00080747260048483630029E8D070BC084787
:1039B0002DE9F04F0C6885B0002C7ED04FF0000C44
:1039C000DFF8BCA163464FF0010B89460BFA03F503
:1039D00015EA04086BD0D9F8047007F00302511EF1
:1039E00001296DD9032A40F0AC8002FA0CF2D143D0
:1039F000056829400A4317F4403F026057D0DAF8BF
:103A0000182042F00102CAF81820DAF8182002F053
:103A100001020392039A23F0030202F1804202F5AD
:103A2000803203F00301956889000F2606FA01FE33
:103A3000B0F1904F25EA0E0515D04C4EB04200F083
:103A40008B804B4EB04200F08B804A4EB0427DD00E
:103A5000494EB0420BBF4FF0040E05260EFA01F19D
:103A600006FA01F10D439560444A444992686FEAB1
:103A70000805FE0254BF2A4048EA02028A60CA686A
:103A8000B9023E4954BF2A4048EA0202CA60496866
:103A90003A4ABE0354BF294048EA01015160126806
:103AA000F903364954BF2A4048EA02020A6001334A
:103AB00034FA03F20CF1020C88D105B0BDE8F08FA6
:103AC0008168D9F80C604FF0030E0EFA0CFE21EA63
:103AD0000E0106FA0CF6314381606FEA0E01D0F850
:103AE00004E02EEA050EC7F300159D4045EA0E05D9
:103AF0004560C56805EA010ED9F8085005FA0CF5CD
:103B000045EA0E05022AC56002FA0CF27FF470AF96
:103B1000DD0800EB850501952E6AD9F81050009656
:103B200003F0070E4FEA8E0E0F2605FA0EF506FA81
:103B30000EFE009E26EA0E0E019E45EA0E05356237
:103B400056E7032101FA0CF1C943D2E74FF0030E07
:103B50000EFA01F10D4386E70BFA01F10D4382E7FE
:103B60004FF0020E0EFA01F10D437CE7000400480D
:103B700000080048000C0048001000480004014004
:103B8000001002400369194214BF01200020704751
:103B90000AB1816170478162704700BF436901EAE1
:103BA000030221EA030141EA02418161704700BF3B
:103BB000044A5169014200D1704708B55061FBF7D2
:103BC00027FE08BD00040140F8B503689D6915F0A3
:103BD0001005064640D0174610220C46DA619A6955
:103BE000950604D4621C4DD19A699706FCD5202213
:103BF000DA6100259A69D40545F004054FF001000B
:103C00002ED4510539D54FF48061D96145F00805AE
:103C1000970504D54FF4007245F00205DA619A6900
:103C2000910744BF00229A629A69D20703D49A6925
:103C300042F001029A615A6826490A405A60736C40
:103C400000221D432023756486F8402086F8413009
:103C500086F842200120F8BD9A69D4052846D0D5BF
:103C60004FF480715005D96145F00105D0D54FF46E
:103C70008061D96145F00805CAE79405CAD40028D7
:103C8000CDD1F8BDFEF7F6FBC01BA042336801D8CA
:103C9000002CA4D1586896F8422099690D04D2B23C
:103CA0000BD5410409D4202A07D05A6842F4804237
:103CB0005A60FEF7DFFB3368074699698A068ED49F
:103CC000FEF7D8FBC31B192B3368F6D99A69202558
:103CD00090E700BF00E800FE70B5036804460D469B
:103CE000164605E0FFF770FF50B96A1C0AD1236839
:103CF0009B699B07324629462046F3D5002070BDBC
:103D0000012070BDFEF7B6FB801BA842236801D8D6
:103D1000002DEDD19A6912F00202E9D1636C84F8AA
:103D2000402020210B43636484F8411084F8422032
:103D3000012070BD2DE9F041DDF818801D460446D4
:103D400003680F46164605E0FFF73EFF80B96B1C7F
:103D500011D123689B6937EA03030CBF01230023B9
:103D6000B342424629462046EED00020BDE8F0810D
:103D70000120BDE8F081FEF77DFBA0EB0800A84222
:103D8000236801D8002DE5D19A6937EA02020CBFF9
:103D900001220022B242DDD1636C002243F02003F5
:103DA0002021636484F8402084F84110012084F8C5
:103DB0004220DBE703689B699B0629D470B5054662
:103DC0000C4616460DE0FEF755FB801BA042296805
:103DD00000D81CB98B6913F020030DD08B699B06AA
:103DE00008D4324621462846FFF7EEFE0028EAD0E6
:103DF000012070BD002070BD6A6C85F84030202124
:103E00000A436A6485F8411085F84230012070BD8C
:103E100000207047704700BF002854D010B590F8BC
:103E20004130044603F0FF02002B47D023682422D0
:103E300084F841201968626821F0010122F0706263
:103E400019601A619A68E16822F4004201299A60B7
:103E5000A26809D042F4044202299A6007D15A6844
:103E600042F400625A6006E042F400429A605A68E6
:103E700022F400625A605968226941F0007141F4ED
:103E8000004159606169D8680A43A16920F4004083
:103E900042EA0122E169D860206ADA6001431960D0
:103EA000196841F00101196000222023626484F83E
:103EB0004130226384F84220104610BD80F8402033
:103EC000FFF7A8FFB2E70120704700BF704700BFAF
:103ED000B0B10268242310B580F84130136823F094
:103EE000010304461360FFF7F1FF0023636484F8C5
:103EF000403084F84130236384F84230184610BDC6
:103F0000012070472DE9F047994690F8413082B082
:103F1000202B0A9E40F0958090F84030012B0446FB
:103F200000F08F804FF0010A80F840A088461746C5
:103F3000FEF7A0FA52460546009019234FF40041BF
:103F40002046FFF7F7FE002877D1212384F841307F
:103F5000102384F842306064A4F82A90638D67626D
:103F60009BB2FF2B606370D8638D9BB22385002BBF
:103F700040F09B802168514A4B681A40C8F30903FE
:103F8000134343F0007343F400534B60C8F3090735
:103F9000638D9BB2002B3CD0DFF82881DFF828919D
:103FA00003E0638D9BB2002B33D02A463146204676
:103FB000FFF792FE002840D1616A236811F8012BB7
:103FC0009A62638D228D6162013B9BB26385638D32
:103FD000013A92B29BB22285002BE2D0002AE0D1B6
:103FE0000095334680212046FFF7A4FE28BB638D51
:103FF0009BB2FF2B4AD92268FF232385536803EA2B
:1040000008033B4343EA09035360638D9BB2002BD3
:10401000CBD12A4631462046FFF7CCFE68B923684B
:10402000274D2021D9615A682A405A6084F84110EE
:1040300084F8400084F8420000E0012002B0BDE8AE
:10404000F087022002B0BDE8F087FF2323854FF4FC
:104050007F0EFE214FF0807C206817F8013B8362C1
:10406000628D6762013A92B262854368134A218584
:104070001A40C8F3090343EA0E03134343EA0C034F
:1040800043F400534360C8F3090781E7638D216857
:104090009BB24A682385DBB247EA034302EA08027F
:1040A000134343F000734B607BE7013B99B24B1C19
:1040B000DBB24FEA034E4FF0007CCDE7009800FCE6
:1040C00000E800FE009C00FC0000FF012DE9F04F1D
:1040D000994690F8413083B0202BBDF834A00E9F54
:1040E00026D10C9B0446E3B1BAF1000F19D090F829
:1040F0004030012B1CD04FF0010B80F840B00D4632
:104100009046FEF7B7F95A460646009019234FF439
:1041100000412046FFF70EFE70B1012003B0BDE85C
:10412000F08F4FF400736364012003B0BDE8F08F9B
:10413000022003B0BDE8F08F0C9B6362212384F85A
:10414000413022685D496063402384F842306064F6
:10415000A4F82AA053680B405FFA89F143EA0143AF
:10416000C5F309052B4343F0807343F400535360B8
:10417000394632462046FFF7AFFD002868D1B9F135
:10418000010F5AD123685FFA88F29A628021009663
:104190003B4600222046FFF7CDFD002858D1638D15
:1041A0009BB2FF2B58D8638D216845484A689BB263
:1041B0002385DBB245EA03430240134343F0007317
:1041C0004B60DFF8FC80DFF8009103E0638D9BB269
:1041D000002B5DD0324639462046FFF77DFD002892
:1041E0009BD1636A226813F8011B91626362638D3D
:1041F000228D013B9BB26385638D013A92B29BB2E3
:104200002285002BE2D0002AE0D100963B46802197
:104210002046FFF78FFD00287FF47FAF638D9BB2B0
:10422000FF2B26D92268FF232385536803EA08035E
:104230002B4343EA09035360C8E723684FEA182277
:104240009A62394632462046FFF746FD002899D04B
:10425000002384F8403060E722681949FF23238552
:1042600053680B402B4343F0FF7343F48033536098
:10427000A7E7638D21689BB24A682385DBB245EAD4
:10428000034302EA0802134343F000734B609DE7C7
:10429000324639462046FFF78DFD00287FF43DAFBA
:1042A0002368084D2021D9615A682A405A6084F851
:1042B000411084F8400084F8420036E7009800FC82
:1042C000009C00FC00E800FE0000FF012DE9F04F1B
:1042D000994690F8413083B0202BBDF834A00E9F52
:1042E00026D10C9B0446E3B1BAF1000F19D090F827
:1042F0004030012B1CD04FF0010B80F840B00D4630
:104300009046FEF7B7F85A460646009019234FF438
:1043100000412046FFF70EFD70B1012003B0BDE85B
:10432000F08F4FF400736364012003B0BDE8F08F99
:10433000022003B0BDE8F08F0C9B6362222384F857
:10434000413022685F496063402384F842306064F2
:10435000A4F82AA053680B405FFA89F143EA0143AD
:10436000C5F309052B4343F40053536039463246E5
:104370002046FFF7B1FC00286DD1B9F1010F5FD1E4
:1043800023685FFA88F29A62402100963B46002239
:104390002046FFF7CFFC00285DD1638D9BB2FF2B39
:1043A0005DD8638D216847484A689BB22385DBB29C
:1043B00045EA03430240134343F0007343F41053B0
:1043C0004B60DFF80881DFF8089103E0638D9BB252
:1043D000002B60D03B460096002204212046FFF7C8
:1043E000A9FC002899D123685A6A636A1A70636A23
:1043F000228D01336362638D013B9BB26385638DC4
:10440000013A92B29BB22285002BDFD0002ADDD187
:1044100000963B4680212046FFF78CFC00287FF465
:104420007CAF638D9BB2FF2B26D9226801232385A5
:10443000536803EA08032B4343EA09035360C5E7C3
:1044400023684FEA18229A62394632462046FFF71F
:1044500043FC002894D0002384F840305DE72268B4
:1044600018490123238553680B402B4343F0807385
:1044700043F492335360A4E7638D21689BB24A688A
:104480002385DBB245EA034302EA0802134343F003
:1044900000734B609AE7324639462046FFF78AFCA4
:1044A00000287FF43AAF2368074D2021D9615A686C
:1044B0002A405A6084F8411084F8400084F8420091
:1044C00033E700BF009800FC00E800FE009C00FC01
:1044D000000001012DE9F04F85B004460020039053
:1044E00094F84100202860D19A46236817469A69BB
:1044F00012F4004259D194F84000012855D0C1F37C
:104500000901012041F00078464684F8400024204B
:1045100084F8410048F42058626446F400564FF095
:104520001009E268012A14BF424632465A60FDF77C
:10453000A1FF054620688269836902F0200203F02A
:104540001003134313D1BAF1FF3F08D0FDF792FFD8
:10455000401B50453CD8BAF1000F39D02068836920
:10456000816903F0200301F010010B43EBD0826955
:1045700012F0100B1DD1009553465A4620212046BB
:10458000FFF7D8FB002831D0636C042B04D12368DB
:104590002022DA61C4F844B0039B01330393039BE8
:1045A000039BBB4214D22368BBE7022005B0BDE8E1
:1045B000F08FC0F81C905346009500222021204621
:1045C000FFF7B8FB0028E7D123682022DA61E3E790
:1045D000202384F84130636C002243F02003012043
:1045E000636484F8402005B0BDE8F08F2268202382
:1045F000D36184F8413084F84000D7E740B338B540
:10460000D0E90031826804464CF6CC40186045F28F
:104610005550186059609A60FDF72CFF23680546D5
:10462000DA6851070AD0FDF725FF431B272B2368C3
:10463000F6D9DA685207F3D0032038BDE268196969
:1046400091420ABF4AF6AA221A611A60002038BDB8
:104650000120704703684AF6AA2200201A607047BA
:10466000024A136843F4807313607047007000407F
:10467000002800F081822DE9F047036813F001055E
:1046800082B004462AD0B0494A6802F00C02042ADB
:1046900000F044814A6802F00C02082A00F03A81D6
:1046A0006368B3F5803F00F05581002B00F09081E6
:1046B000B3F5A02F00F04B82A34B1A6822F480328E
:1046C0001A601A6822F480221A609F4AA168D36A8D
:1046D00023F00F030B43D36247E123689F075AD5AA
:1046E000994A516811F00C0F35D0516801F00C0156
:1046F00008292DD02369002B00F0C081012393FAF3
:10470000A3F3002B00F0B082B3FA83F303F18453D8
:1047100003F584139B0001221A60FDF7ABFE02250E
:10472000894F95FAA5F50646B5FA85F80AE003FA29
:1047300008F31A4240F02682FDF79CFE801B0228F7
:1047400000F240813A680123002DF0D10123F0E707
:104750005268D603CED47C490222086892FAA2F2AB
:10476000002A00F00B82B2FA82F2012101FA02F271
:10477000104203D02269012A40F0E280724D626942
:104780002868F82191FAA1F1B1FA81F120F0F8003E
:104790008A4002432A601D0721D458074ED56A4B30
:1047A000DA69D10040F1AA804FF0000A674D2B680A
:1047B000DA0540F1F780E368012B00F08781002BD8
:1047C00000F03081052B604B1A6A00F0CD8122F099
:1047D00001021A621A6A22F004021A627BE1A369DA
:1047E000002B65D0012393FAA3F3002B00F0FF8187
:1047F000574AB3FA83F31A44920001231360FDF77A
:1048000039FE0225504F95FAA5F50646B5FA85F80A
:104810000AE003FA08F31A4240F0D880FDF72AFEB6
:10482000801B022800F2CE807A6A0123002DF0D18D
:104830000123F0E7BAF1000F40F08381E06998B3FB
:10484000414A536803F00C03082B00F069810228E9
:104850004FF0807393FAA3F300F0A381002B00F0D4
:104860000582B3FA83F303F1845303F584139B00A9
:1048700000221A60FDF7FEFD4FF00074324E94FAEC
:10488000A4F40546B4FA84F708E0BB401A420BD002
:10489000FDF7F0FD401B022800F2948032680123EE
:1048A000002CF2D10123F1E7002002B0BDE8F0872F
:1048B000012393FAA3F3002B00F09B81244AB3FA5F
:1048C00083F31A44920000231360FDF7D3FD022501
:1048D0001D4F95FAA5F50646B5FA85F808E003FAE6
:1048E00008F31A4272D0FDF7C5FD801B022869D873
:1048F0007A6A0123002DF2D10123F2E7DA6942F04E
:104900008052DA61DB6903F080530193019B4FF021
:10491000010A4BE74A68D2037FF5C2AE0A494FF459
:104920000032096892FAA2F21AB1B2FA82F20125B3
:10493000954029423FF4D2AE6268002A7FF4CEAEA1
:10494000012002B0BDE8F087001002400070004076
:1049500020819010A84A136843F480331360D36A0F
:10496000A16823F00F030B43D362FDF783FD4FF4DF
:104970000036DFF8848296FAA6F60746B6FA86F97C
:1049800009E003FA09F31A427FF4A7AEFDF772FDBE
:10499000C01B642816D8D8F800200123002EF0D1BF
:1049A0002B46F0E72B6843F480732B60FDF762FD24
:1049B00006462B68DB053FF5FEAEFDF75BFD801B71
:1049C0006428F6D9032002B0BDE8F0872368E4E646
:1049D000894E336823F480333360336823F48023B3
:1049E0003360F36AA26823F00F031343F362FDF709
:1049F00041FD4FF40037804697FAA7F7B7FA87F9D9
:104A00000AE003FA09F31A423FF467AEFDF732FDFC
:104A1000A0EB08006428D5D832680123002FF0D11C
:104A20002B46F0E7744D2B6A23F001032B622B6AAF
:104A300023F004032B62FDF71DFD4FF0020806462C
:104A400098FAA8F7B7FA87F90EE02A6A01239FB10E
:104A500003FA09F31A423FF4EDAEFDF70BFD41F204
:104A60008833801B9842ADD898FAA8F3002BECD17C
:104A70006A6A0123002FEBD10123EBE7012393FAAC
:104A8000A3F3002B00F0EE80B3FA83F303F1845319
:104A900003F584139B0000221A60FDF7EBFC02254E
:104AA000554F95FAA5F50646B5FA85F808E003FADC
:104AB00008F31A4264D0FDF7DDFC801B022881D880
:104AC0003A680123002DF2D10123F2E74A4A136A22
:104AD00043F001031362FDF7CDFC4FF00208464D91
:104AE00098FAA8F70646B7FA87F90FE02A6A012371
:104AF000A7B103FA09F31A427FF49CAEFDF7BAFCA2
:104B000041F28833801B98423FF65CAF98FAA8F3D5
:104B1000002BEBD16A6A0123002FEAD10123EAE7D7
:104B200001283FF4C2AE5368226A03F480319142F7
:104B30007FF406AF606A03F47013181A18BF0120DF
:104B4000B3E62D4AD36923F08053D36176E603F1AF
:104B50008043A3F53C331A6842F480221A601A6835
:104B600042F480321A60B0E542F004021A621A6A16
:104B700042F001021A62AEE7012070470122F7E518
:104B8000236808E61C4863690168F82292FAA2F2D9
:104B9000B2FA82F221F0F80193400B4303602368DC
:104BA000F9E5002B64D0B3FA83F303F1845303F5E2
:104BB00084139B0000221A60FDF75CFC4FF0007527
:104BC0000D4F95FAA5F50646B5FA85F809E003FA02
:104BD00008F31A4214D0FDF74DFC801B02283FF663
:104BE000F1AE3A680123002DF1D10123F1E7034A28
:104BF00003E6024A67E600BF001002400005424299
:104C00001D49626A4B68206A23F4741302431A43F5
:104C10004A604FF0807393FAA3F35BB3B3FA83F364
:104C200003F1845303F584139B0001221A60FDF7FE
:104C300021FC4FF00074104E94FAA4F40546B4FA27
:104C400084F709E0BB401A427FF42EAEFDF712FC58
:104C5000401B02283FF6B6AE32680123002CF1D18A
:104C60000123F0E7054B16E7044B54E5034BFFE542
:104C7000024B9FE7014BD8E7001002408000424200
:104C80000E4A536803F00C01082901D00C48704704
:104C9000C3F3834010B4D26A0A4C0B49205C5DF820
:104CA000044BDB034CBF064B084B02F00F028A5C3F
:104CB00048BFB3FBF2F303FB00F070470010024063
:104CC00000127A00589401086894010800093D0018
:104CD000002800F09180524A136803F007038B42CA
:104CE0002DE9F0410D4604460CD2136823F007036A
:104CF0000B431360136803F007038B4202D00120BB
:104D0000BDE8F0812368990706D54649A0684A683E
:104D100022F0F00202434A6013F0010328D06268D7
:104D20004049012A6AD0022A08685ED0022191FA1D
:104D3000A1F119B1B1FA81F101238B401842DED003
:104D4000384E736823F0030313437360FDF792FB3F
:104D500041F28838074604E0FDF78CFBC01B404554
:104D600059D87368626803F00C03B3EB820FF3D178
:104D70002B4A136803F00703AB4209D9136823F0E9
:104D800007032B431360136803F00703AB42B6D14C
:104D900023685A0706D52349E0684A6822F4E0628E
:104DA00002434A601B0707D51E4A2169536823F452
:104DB000605343EAC1035360FFF762FF194B1A497E
:104DC0005B68F02203F0F00392FAA2F2B2FA82F2E8
:104DD000D340164AD35C164A20FA03F308681360DE
:104DE000FDF706FB0020BDE8F0814FF0007191FA5D
:104DF000A1F100299ED1A1E7012070474FF40033B3
:104E0000096893FAA3F343B1B3FA83F302FA03F305
:104E1000194295D173E7032072E71346F8E700BF04
:104E2000002002400010024014000020847101089C
:104E3000000000202DE9F04F03680446D80383B03A
:104E400047D5894BDA69D10040F1C180874D2B6885
:104E5000DA054FF0000640F1CA80834A136A13F462
:104E6000407329D0616801F44070984225D0176AD8
:104E70004FF4803327F4407193FAA3F3002B00F032
:104E8000F0807B4AB3FA83F31A4492000123136043
:104E90004FF4803393FAA3F3002B00F0E080744AC0
:104EA000B3FA83F31A4492006F4D002317F0010701
:104EB0001360296240F0AF8061686B4A136A23F483
:104EC00040730B4313621EB1D36923F08053D36147
:104ED0002368DF0706D56449A0680A6B22F0030245
:104EE00002430A639E0706D55F49E0680A6B22F415
:104EF000403202430A635D0706D55B4920690A6BAD
:104F000022F4402202430A63980606D55649E06916
:104F10000A6B22F0100202430A63990306D5524934
:104F2000A06B4A6822F4800202434A605A0606D502
:104F30004D49206A0A6B22F0200202430A631F07D0
:104F400006D5494960690A6B22F4401202430A639C
:104F5000DE0606D54449A0690A6B22F440020243EA
:104F60000A639D0506D54049E06A4A6822F40002BA
:104F700002434A60180606D53B49606ACA6A22F4B1
:104F8000F8720243CA62D90506D53749A06ACA6ACF
:104F900022F478520243CA62DA0406D53249206B01
:104FA0000A6B22F4807202430A6313F4005303D1A4
:104FB000184603B0BDE8F08F2B4A616B136B23F4E6
:104FC000007300200B43136303B0BDE8F08FDA6970
:104FD000264D42F08052DA61DB6903F08053019381
:104FE000019B2B68DA054FF001063FF536AF2B68C1
:104FF00043F480732B60FDF73DFA07462B68DB0511
:105000003FF52BAFFDF736FAC01B6428F6D9032015
:1050100003B0BDE8F08FFDF72DFA4FF0020A80468D
:105020009AFAAAF9B9FA89FB11E02A6A0123B9F1BF
:10503000000F12D003FA0BF31A427FF43DAFFDF7D5
:1050400019FA41F28833A0EB08009842DFD89AFAA7
:10505000AAF3002BE9D16A6AE8E73B46ECE7054A88
:1050600022E7044A12E700BF00100240007000402F
:1050700000819010800442422DE9F04782B01D4625
:105080000A9C0F4616468046FDF7F4F92C44A4EB23
:105090000009FDF7EFF92B4B1B68C3F3CB3309FB7A
:1050A00003F382460193D8F8003001E06A1C0DD169
:1050B0009C6837EA04020CBF4FF0010C4FF0000C63
:1050C000B445F3D1002002B0BDE8F087FDF7D2F976
:1050D000A0EB0A00484509D2019B002B019B03F17C
:1050E000FF3308BF4FF000090193DCE7D8E9003136
:1050F0005A68B1F5827F22F0E0025A6015D0D8F8E4
:105100002820B2F5005F07D00122002388F85D2037
:1051100088F85C300320D6E71A6822F400521A603F
:105120001A6842F400521A60EEE7D8F80820B2F587
:10513000004F02D0B2F5806FE1D11A6822F0400230
:105140001A60DCE7000000202DE9F04F83B01F4615
:1051500000238DF803300C9C80460D461646FDF763
:1051600089F93C44A4EB0009FDF784F9344BD8F8E5
:1051700000B01B6803EB8303C3EBC3031B0D09FBE8
:1051800003F3019382465B4601E07A1C12D19C68CE
:1051900004EA050CB44523D0B5F5C06FF5D1002E57
:1051A000F3D19BF80C20D2B28DF803209DF8032098
:1051B0007A1CECD0FDF75EF9A0EB0A00484513D24B
:1051C000019B002B019B03F1FF330193D8F80030C2
:1051D0009C6804EA050C08BF4FF00009B445DBD118
:1051E000002003B0BDE8F08FD8E900315A68B1F56E
:1051F000827F22F0E0025A6015D0D8F82820B2F55C
:10520000005F07D00122002388F85D2088F85C3019
:105210000320E6E71A6822F400521A601A6842F482
:1052200000521A60EEE7D8F80820B2F5004F02D01D
:10523000B2F5806FE1D11A6822F040021A60DCE713
:105240000000002030B585B00B4600920391154652
:105250004FF4C05100220446FFF776FF039B80B94C
:1052600002460095802120460393FFF705FF039B2C
:10527000024630B900954FF4C0612046FFF764FF45
:1052800020B1236E43F020030320236605B030BD18
:10529000704700BF002800F0A5802DE9F843456A5B
:1052A0000446002D5CD00023C0E9043394F85D303F
:1052B00003F0FF02002B5ED02268E068022384F82E
:1052C0005D301368B0F5E06F23F04003136059D9E7
:1052D000B0F5706F40F08880A66A4FF0000C06F4BD
:1052E000005E6368A16803F4827301F404410B4318
:1052F000216901F002010B43616901F001010B43D7
:10530000D4E9061707F0380801F40079276A43EA60
:10531000090307F0800743EA08033B4343EA0E030F
:10532000B6F5005F136035D0636B00F47060090C54
:1053300003F0080305F0100601F0040143EA00053C
:105340000D43354345EA0C055560D369002023F42D
:1053500000630121D361206684F85D10BDE8F88305
:105360004368B3F5827FA1D0C56194F85D3003F046
:10537000FF02002BA0D184F85C202046FFF788FFB5
:10538000656A99E728D04FF4805C0023A3629E46AB
:105390001E46A6E7236B4BB9B0F5E06F27D9022371
:1053A0002363136843F40063136001E0022BF8D019
:1053B000636B00F4706003F00803090C05F010063D
:1053C00001F0040143EA00050D433543A38D45EA8E
:1053D0000C0555601361B8E7A66A4FF4805C06F4CB
:1053E000005E7EE7012070474FF0000CCDE70123FF
:1053F0002363DDE7F8B590F85C30012B6ED090F8B0
:105400005D3004460120834284F85C00DDB205D0A3
:105410000225002384F85C302846F8BD0029F8D026
:10542000002AF6D0032384F85D3000232366A28788
:10543000E287A268A163B2F5004FC4E91333226882
:105440002364A4F84430A4F846303ED0A36AB3F5F0
:10545000005F31D0606D2E4F5368E668C7622D4FF4
:1054600087622D4F076323F480430027B6F5E06F72
:105470004763536003D84369B3F5806F31D0E38F3E
:105480000C329BB2FEF708FA88B923681A685206F4
:1054900003D41A6842F040021A605A6842F02002AF
:1054A0005A605A6842F0020200255A60B1E7236E42
:1054B00043F010032366ACE7136823F40053136032
:1054C000136843F400531360C4E7136823F04003E8
:1054D0001360136843F480431360B7E7022528463E
:1054E000F8BDE38F13F0010F536807D123F4804315
:1054F0005360E38FC3F34E03E387C0E743F4804375
:105500005360E38FC3F34E030133E387B7E700BF74
:10551000255501085955010835550108704700BF48
:10552000704700BF08B5406AFFF7FAFF08BD00BF2B
:10553000704700BF406A026808B5536823F0030350
:105540005360036E012143F01003036680F85D1081
:10555000FFF7EEFF08BD00BF30B5054683B0446AD3
:10556000FCF788FF2B681B689B0622D42368024641
:10557000586820F020005860586820F002005860F9
:1055800064212046FFF75EFE18B1236E43F020032E
:105590002366A36833B922680193D36801939368A3
:1055A0000193019B01230022E28784F85D30236E82
:1055B00023B92046FFF7B2FF03B030BD2046FFF706
:1055C000B7FF03B030BD00BF90F85D00704700BF6B
:1055D000036A026A22F00102026270B444688269BE
:1055E0000D6822F4803222F073022A438D6823F082
:1055F00002032B43134DA8420FD005F50065A842C6
:105600000BD005F54065A84207D005F58065A84296
:1056100003D005F58065A8420DD1CD6823F00803BD
:105620002B43D1E9056524F4407446EA050C23F0C8
:1056300004034CEA040449684460826170BC41631D
:1056400003627047002C0140036A026A22F48072F0
:10565000026270B44468C2690D6822F4803222F09C
:1056600073022A438D6823F4007343EA0523154D22
:10567000A84210D005F50065A8420CD005F540659C
:10568000A8420FD005F58065A8420BD005F58065CE
:10569000A8420FD106E0CD6823F4006343EA052356
:1056A00023F48063D1E9056524F4405446EA050CEF
:1056B00044EA0C1449684460C26170BCC16303626F
:1056C000704700BF002C0140036A026A22F4805236
:1056D000026230B44468C2690D6822F0807222F41C
:1056E000E64242EA05228D6823F4005343EA05337B
:1056F0000F4DA8420FD005F50065A8420BD005F567
:105700004065A84207D005F58065A84203D005F59D
:105710008065A84204D14D6924F4804444EA85148C
:1057200049684460C26130BC01640362704700BFD5
:10573000002C0140036A026A22F48032026230B413
:105740004468426D0D6822F4803222F070022A43D0
:105750008D6823F4003343EA05430F4DA8420FD070
:1057600005F50065A8420BD005F54065A84207D0B5
:1057700005F58065A84203D005F58065A84204D1EF
:105780004D6924F4803444EA052449684460426544
:1057900030BC816503627047002C0140036A026AD5
:1057A00022F48012026230B44468426D0D6822F027
:1057B000807222F4E04242EA05228D6823F400134D
:1057C00043EA05530F4DA8420FD005F50065A842E6
:1057D0000BD005F54065A84207D005F58065A842C5
:1057E00003D005F58065A84204D14D6924F48024D6
:1057F00044EA852449684460426530BCC16503625F
:10580000704700BF002C0140704700BF90F83D304A
:10581000012B22D103681749022280F83D20DA6863
:105820008B4242F00102DA6019D0B3F1804F16D0FA
:10583000114A934213D002F5806293420FD002F5D1
:10584000963293420BD002F54062934207D01A6819
:1058500042F0010200201A607047012070479968E9
:10586000064A0A40062A02D0B2F5803FEFD1002056
:10587000704700BF002C01400004004007000100F9
:1058800000294AD190F83E30012B50D1022380F8F4
:105890003E3003680122186A01F01F0102FA01F18B
:1058A00020EA01001862186A3B4A014393421962D8
:1058B00051D002F5006293420BD002F54062934250
:1058C00007D002F58062934203D002F580629342D2
:1058D00003D15A6C42F400425A64B3F1804F0ED0A7
:1058E0002E4A93420BD002F58062934207D002F514
:1058F0009632934203D002F54062934207D19968F1
:10590000274A0A40062A14D0B2F5803F11D01A68FF
:1059100042F0010200201A607047042920D00829B3
:1059200026D00C2907D190F84130012B28D0012036
:10593000704700207047102926D090F84330012B83
:10594000F5D1082918D00C291AD0102920D002230B
:1059500080F843309DE75A6C42F400425A64CEE727
:1059600090F83F30012BE2D1022380F83F3090E7DE
:1059700090F84030012BDAD1022380F8403088E7DC
:10598000022380F8413084E790F84230012BCED1D9
:10599000022380F842307CE7002C014000040040E4
:1059A00007000100704700BFFFF76ABF704700BFE4
:1059B000704700BF704700BF704700BF036870B5F5
:1059C000DE681C69A107054601D5B20754D46207F9
:1059D00001D573073DD4200701D5310727D4E3064D
:1059E00001D5F00610D4E10701D5F20762D42306F1
:1059F00052D5300666D4600601D5710673D4A2066E
:105A000001D5B3064DD470BD2B686FF010021A613A
:105A100008222A77DB6913F4407F284674D1FFF708
:105A2000C5FF2846FFF7C6FF00232B77DBE72B686F
:105A30006FF008021A6104222A77DB699A07284668
:105A40005FD1FFF7B3FF2846FFF7B4FF00232B77A2
:105A5000C5E72B686FF004021A6102222A779B695E
:105A600013F4407F284649D1FFF7A0FF2846FFF7EF
:105A7000A1FF00232B77AEE76FF002021A6101222B
:105A800002779B69990736D1FFF790FF2846FFF709
:105A900091FF00232B779AE7E205ACD533061AD4A1
:105AA000A9E72B686FF0200228461A61BDE8704014
:105AB00000F0C6B92B686FF001021A612846F9F7A9
:105AC00045FF94E72B686FF080021A61284600F0CA
:105AD000B9F9E1058FD52B686FF480721A612846F9
:105AE00000F0B2F987E72B686FF040021A61284690
:105AF000FFF762FF83E7FFF75BFFCAE7FFF758FF97
:105B0000B7E7FFF755FFA1E7FFF752FF8CE700BFAC
:105B1000304A0368904230B43CD0B0F1804F20D07E
:105B2000A2F5943290421CD002F58062904218D0C7
:105B300002F5963290422DD002F5406290423CD060
:105B400002F58062904238D002F58062904234D0F3
:105B50004C698D680A68C56223F080032343826222
:105B60000FE04A68CC6823F07003134323F44073BA
:105B70004A69234323F080038C6813430A68C46294
:105B800082620268012142F00402026030BC41617D
:105B9000036070474C68CA6823F07003234323F402
:105BA000407313438A684C69C2620A68826223F0B8
:105BB000800323430A690263E3E7D1E9025423F433
:105BC00040734A69C562234323F0800313430A6884
:105BD0008262EFE7002C014070B310B590F83D30C1
:105BE000044603F0FF0213B32146022384F83D303C
:105BF00051F8040BFFF78CFF012384F8483084F838
:105C00003E3084F83F3084F8403084F8413084F8E6
:105C1000423084F8433084F8443084F8453084F8C6
:105C2000463084F8473084F83D30002010BD80F8BD
:105C30003C20FFF7E9FDD7E70120704770B310B5AE
:105C400090F83D30044603F0FF0213B321460223CF
:105C500084F83D3051F8040BFFF75AFF012384F814
:105C6000483084F83E3084F83F3084F8403084F87F
:105C7000413084F8423084F8433084F8443084F86A
:105C8000453084F8463084F8473084F83D300020B1
:105C900010BD80F83C20FFF785FED7E70120704754
:105CA000036A026A22F01002026270B444688269D8
:105CB0000D6822F0807222F4E64242EA05228D68E5
:105CC00023F0200343EA0513144DA84210D005F534
:105CD0000065A8420CD005F54065A8420FD005F537
:105CE0008065A8420BD005F58065A8420FD106E07B
:105CF000CD6823F0800343EA051323F04003D1E984
:105D0000056524F4406446EA050C44EA8C044968BD
:105D10004460826170BC816303627047002C014063
:105D200038B590F83C30012B00F088800123044600
:105D30000D4680F83C30142A0CD8DFE802F0230B23
:105D40000B0B350B0B0B480B0B0B5A0B0B0B6D0B8B
:105D50000B0B10000120002384F83C3038BD006894
:105D6000FFF71CFD23682869596D41F400615965EE
:105D7000596D21F4806159655A6D42EA00225A65D5
:105D80000020E8E70068FFF723FC23682869996989
:105D900041F008019961996921F0040199619A69BA
:105DA00002439A610020D6E70068FFF779FF236875
:105DB0002869996941F400619961996921F48061C8
:105DC00099619A6942EA00229A610020C3E700685B
:105DD000FFF73AFC23682869D96941F00801D961C5
:105DE000D96921F00401D961DA690243DA6100203E
:105DF000B1E70068FFF768FC23682869D96941F4B6
:105E00000061D961D96921F48061D961DA6942EA16
:105E10000022DA6100209EE70068FFF78BFC236810
:105E20002869596D41F008015965596D21F0040147
:105E300059655A6D02435A6500208CE7022038BD2F
:105E4000704700BF704700BF704700BF00000000F0
:105E5000F8B52DED028B55EC114B57EC106B00F0A3
:105E6000C7F822462B4620462946B0EE408AF0EE7F
:105E7000608AF4F75BFC78B900220023304639468B
:105E8000F4F722FCF0B10022002320462946F4F763
:105E90001BFC40B19FED288BB0EE480AF0EE680A7B
:105EA000BDEC028BF8BD45EC104B00F06BFF0028F9
:105EB000F2D02046294600220023F4F70FFC0028E8
:105EC000EAD02EE0B0EE480AF0EE680A00F05AFF81
:105ED000A0B151EC180B00220023F4F7F5FB0028C9
:105EE000DAD047EC106B00F04DFF0028D4D045EC21
:105EF000104B00F047FF0028CED012E047EC106BAB
:105F000000F040FF0028E4D045EC104B00F03AFFD1
:105F10000028DED053EC182B51EC180BF4F706FCDC
:105F200020B900F0CFFF22230360B5E700F0CAFFDD
:105F300021230360B0E700BF000000000000F03F35
:105F400038B52DED028B55EC104B00F00BFE2246C0
:105F50002B4620462946B0EE408AF0EE608AF4F7E0
:105F6000E5FB30B90022002320462946F4F7B6FBB2
:105F700030B9B0EE480AF0EE680ABDEC028B38BDCD
:105F800000F0A0FF002200232121016010461946E5
:105F9000F4F75CFA41EC180BB0EE480AF0EE680A30
:105FA000BDEC028B38BD00BF08B52DED028BB0EE05
:105FB000408A00F0A3FEB4EE488AF1EE10FA06D64D
:105FC000DFED098AB4EEE88AF1EE10FA02D4BDECF6
:105FD000028B08BD00F076FF88EEA80ABDEC028BAC
:105FE0002123036008BD00BF000000000000000086
:105FF0002DE9F04F55EC114B2DED0C8B25F0004A9F
:106000005AEA040157EC106B87B015D1B3197E48DA
:1060100087F400225241994270EB020324D22246B7
:106020002B4630463946F3F731FF41EC100B07B0F1
:10603000BDEC0C8BBDE8F08F744927F00049894511
:1060400010EE102AB84616DD08F1404808F5801811
:1060500058EA0208E3D123196B4985F40022524122
:10606000984571EB0203DAD39FED650B07B0BDECE9
:106070000C8BBDE8F08F11EE103AAB4642D063496D
:106080008A45E1DC00F09480B8F1000F73DB002159
:1060900000917BB95D4B9A4500F08E805C4B9A4530
:1060A00000F0A280BBF1804F00F0C284594B9B45A9
:1060B00000F0D78347EC106B029200F059FE029A71
:1060C00062B3009A4FEAD873013B0493134300F084
:1060D0009280514B9A4540F3A58003F104739A4591
:1060E0004E4B40F33F84994540F3B484BBF1000F1D
:1060F00040F3B484002007B0BDEC0C8BBDE8F04F3A
:1061000000F02CBE002E8AD1B9E747EC106B00924C
:1061100000F02EFE009A002A6DD10092B9F1000F16
:1061200004D03B4B28F040429A42CAD1BBF1000F49
:1061300007DA53EC102B36490020F4F787F941ECCD
:10614000100BB8F1000FBFF672AF009B09F1404988
:1061500009F5801959EA030340F0908453EC102BA1
:1061600010461946F3F790FE02460B46F4F76EF917
:1061700041EC100B5BE72A498A452FDCA1F15471F1
:106180008A450FDD4FEA2A51A1F2FF31142940F36D
:106190006784C1F1340123FA01F000FA01F1994258
:1061A00000F0A58400210091002B3FF477AF81E738
:1061B000002B3FF469AF47E709F1404303F5801333
:1061C00013433FF451AF154B994540F38483BBF122
:1061D000000FC0F2618445EC104B28E702210091CA
:1061E000002B3FF457AF65E7BBF1000FC0F21684F8
:1061F00047EC106B1BE732463B46B1E7AFF300803C
:10620000000000000000F03F0000F0FF0000F07F01
:106210000000F03F0000E03F0000E041FFFFEF3FE3
:10622000FFFF3F43E44B08EA0303002253B951EC5C
:10623000100BE24BF3F7E0FF41EC100B10EE909ADD
:106240006FF034024FEA2953A3F2FF339A18DC4B64
:106250000592C9F3130949F07F56994546F4401653
:1062600007DDD84B994540F31B8401320592A6F512
:1062700080169FEDB96B9FEDBA7B53EC162BB0EEF9
:1062800047CAF0EE67CA0027B0EE47DAF0EE67DAE9
:106290005BEC10ABB3465046594643EC1A2BF3F770
:1062A000F3FD53EC1A2B8046894650465946F3F7C6
:1062B000EDFD02460B460020C349F4F7C7F841EC58
:1062C0001B0B404653EC1B2B4946F3F795FF41EC63
:1062D000180B0A460146CDE9021200210291761000
:1062E0004BEC19AB46F00056DDE902AB06F5002396
:1062F0000020D91906460F4602460B46504659461D
:10630000F3F77AFF02460B4640464946F3F7BCFDD9
:1063100053EC1A2B8046894630463946F3F7B4FDD4
:1063200002460B4651EC190BF3F7AEFD52465B46A5
:10633000F3F762FF02460B4640464946F3F7A4FDD9
:1063400053EC1B2BF3F758FF53EC182B41EC1B0BB2
:1063500051EC180BF3F750FF83A3D3E90023064653
:106360000F46F3F749FF82A3D3E90023F3F78EFD2D
:1063700032463B46F3F740FF7FA3D3E90023F3F710
:1063800085FD32463B46F3F737FF7DA3D3E9002373
:10639000F3F77CFD32463B46F3F72EFF7AA3D3E9B1
:1063A0000023F3F773FD32463B46F3F725FF78A34E
:1063B000D3E90023F3F76AFD3246804689463B461F
:1063C00030463946F3F718FF02460B464046494629
:1063D000F3F712FF524606460F465B4651EC180B88
:1063E000F3F754FD53EC1B2BF3F706FF32463B4605
:1063F000F3F74CFD524641EC1A0B5B4650465946AA
:10640000F3F7FAFE714B002280468946F3F73EFD12
:1064100053EC1A2BF3F73AFD50460F465946DDE987
:1064200002AB3B465246F3F7E7FE684B41EC190BD3
:10643000002250463946F3F727FD42464B46F3F714
:1064400023FD02460B4651EC1A0BF3F71DFD53ECEE
:10645000182BF3F7D1FE52463B4606460F4651EC49
:106460001B0BF3F7C9FE02460B4630463946F3F7DD
:106470000DFD8046894642464B4651EC190BF3F719
:1064800005FD45A3D3E9002350460F46F3F7B4FEBC
:1064900053EC192B41EC190B50463946F3F7F4FC39
:1064A00002460B4640464946F3F7EEFC3CA3D3E9CF
:1064B0000023F3F7A1FE02460B4616465046394626
:1064C0001F4639A3D3E90023F3F796FE02460B4695
:1064D00030463946F3F7DAFC53EC1D2BF3F7D6FCC4
:1064E000804605988946F3F71DFE424682468B4654
:1064F0004B4651EC190BF3F7C9FC53EC1C2BF3F78B
:10650000C5FC52465B46F3F7C1FC52465B46002091
:1065100006460F46F3F7B8FC53EC1C2BF3F7B4FC1C
:1065200053EC192BF3F7B0FC02460B4640464946A4
:10653000F3F7AAFC009B049A013B134382468B4667
:1065400040F0C2819FED1A7BB0EE478AF0EE678A79
:106550003EE000BFAFF30080000000000000F03F0D
:106560000000000000000000EF4E454A287ECA3FB0
:1065700065DBC9934A86CD3F01411DA96074D13FB7
:106580004D268F515555D53FFFAB6FDBB66DDB3FC9
:10659000033333333333E33F000000E009C7EE3FFA
:1065A000FD033ADC09C7EE3FF5015B14E02F3EBE68
:1065B000000000000000F0BF0000F07F000040433A
:1065C0008E98030079B60B000000F03F00000840F1
:1065D0000023CDE900450093DDE9008920464246CD
:1065E0004B462946F3F750FC32463B46F3F704FE90
:1065F00022462B4604460D4650465946F3F7FCFD0D
:1066000002460B4620462946F3F740FC4246044624
:106610000D464B4630463946F3F7EEFD26462F46EB
:1066200004460D462B46304639462246F3F72EFCEB
:10663000C74B9942804689468A4640F31F8101F143
:106640003F4303F5E003034340F03E82AAA3D3E9AE
:10665000002330463946F3F719FC02460B46404604
:1066600049469046994622462B46F3F70DFC0246D2
:106670000B4640464946F4F74FF8002840F0248284
:10668000CAF30A534FF48012A3F2FE3342FA03F323
:106690005344B049C3F30A52A2F2FF3241FA02FC5A
:1066A000C3F3130141F48011C2F1140241FA02F262
:1066B000002023EA0C01BAF1000F00920B460246BB
:1066C00002DA00994942009120462946F3F7DCFBA3
:1066D000009B1B05029302460B4604460D463046BE
:1066E0003946F3F7D3FB89464FF0000884A3D3E97A
:1066F000002340464946F3F77FFD22462B4682465B
:106700008B4640464946F3F7BFFB02460B463046F0
:106710003946F3F7B9FB7CA3D3E90023F3F76CFD0B
:106720007BA3D3E9002304460D4640464946F3F7D0
:1067300063FD02460B4620462946F3F7A7FB0646B3
:106740000F4632463B4650465946F3F79FFB5246AA
:106750005B4604460D46F3F797FB02460B46304670
:106760003946F3F791FB2246804689462B46204660
:106770002946F3F741FD68A3D3E9002306460F46F7
:10678000F3F73AFD66A3D3E90023F3F77DFB324626
:106790003B46F3F731FD64A3D3E90023F3F776FB1F
:1067A00032463B46F3F728FD61A3D3E90023F3F714
:1067B0006BFB32463B46F3F71FFD5FA3D3E9002393
:1067C000F3F764FB32463B46F3F716FD02460B46F1
:1067D00020462946F3F758FB06460F4632463B460D
:1067E00020462946F3F708FD02460B463046394657
:1067F00016461F4600224FF08043F3F745FB024642
:106800000B4630463946F3F721FE424606460F4610
:106810004B4620462946F3F7EFFC42464B46F3F73A
:1068200035FB02460B4630463946F3F72DFB224630
:106830002B46F3F729FB02460B4600204649F3F7A7
:1068400023FB029A0B461344B3F5801FC0F2478125
:10685000194653EC182BF3F7CFFC41EC100BFFF764
:10686000E6BBB8F1000FFFF625AC47EC106B07B0A4
:10687000BDEC0C8BBDE8F04F00F074B9DFF8E0C060
:1068800021F00043634540F3DD80344B0B44034368
:106890000AD122462B46F3F7F7FA32463B46F3F786
:1068A00031FF00283FF4ECAE51EC180B002200231E
:1068B000F3F714FF003818BF012007B0BDEC0C8BB4
:1068C000BDE8F04F00F040BA9FED1D7BB0EE478A67
:1068D000F0EE678A7CE6BBF1000F9FED1B0BBFF665
:1068E000A6AB05F1004300EE104A00EE903AFFF728
:1068F0009EBB00BFAFF30080FE822B654715973C1F
:1069000000000000432EE63FEF39FAFE422EE63F3C
:10691000396CA80C615C20BED0A4BE726937663E9B
:10692000F16BD2C541BDBB3E2CDE25AF6A56113F8F
:1069300093BDBE166CC1663F3E5555555555C53F76
:10694000000000000000F03F000000000000000018
:10695000FFFF8F40FFFF0F000000F03F00346F3F4C
:10696000FFCB9040994575DB7B4B99453FF7BEAB1C
:1069700051EC100B784B0022F3F786FA66A3D3E9AB
:10698000002306460F46F3F737FC65A3D3E900233F
:1069900082468B4630463946F3F72EFC6F4B41EC6E
:1069A000180B002230463946F3F726FC02460B4608
:1069B0005DA1D1E90001F3F767FA32463B46F3F7F0
:1069C0001BFC02460B4600206549F3F75DFA324690
:1069D000804689463B4630463946F3F70DFC024671
:1069E0000B4640464946F3F707FC51A3D3E9002381
:1069F000F3F702FC02460B4651EC180BF3F744FA8E
:106A00008046894642464B4650465946F3F73EFA81
:106A1000002052465B4606460F4683E54E4900205D
:106A200032463B46F3F712FD41EC100BFFF7FFBA7D
:106A300032463B4630463946F3F7DEFB41EC100B5D
:106A4000FFF7F5BA464A934262DCDDE90012029193
:106A5000009149E6BBF1000FFFF64CAB00202CE79C
:106A6000002B7FF452ABC1F114014AFA01F000FA95
:106A700001F1514545D00093FFF710BB009B012B5E
:106A80007FF4D5AA10EE901A10EE102A01F10043FF
:106A900043EC102BFFF7CBBA9FED270BFFF7C7BADC
:106AA0009FED277BB0EE47CAF0EE67CA9FED267BCD
:106AB000B0EE47DAF0EE67DA9FED257B4FF48027E2
:106AC00053EC172BFFF7E4BB51EC180B002200230B
:106AD000F3F704FE003818BF0120FFF70CBB41ECB0
:106AE000100B009800F05CF951EC100BB1E600F0CF
:106AF0000100C0F102010091002B3FF4CFAAFFF783
:106B0000D9BA00F00100C0F102030093FFF7C6BA42
:106B10001B15B7E5AFF30080000000604715F73F95
:106B200044DF5DF80BAE543E555555555555D53F90
:106B3000FE822B654715F73F0000000000000000B3
:106B40000000004003B8E23F06D0CF43EBFD4C3ECF
:106B5000000000000000F83F0000F03F0000D03FC0
:106B60000000E03F2DE9F041634A55EC104BAA4389
:106B700000F09F80002D10EE10CA2B4654DD291521
:106B800063D0C3F31303A1F2FF37C90743F48013A3
:106B900004D45B0003EBDC734FEA4C0C4FEADC726D
:106BA000002602EB43037F104FEA4C0C4FF0160E09
:106BB00034464FF40012A118994202DC5B1A8C187B
:106BC00016445B00BEF1010E03EBDC734FEA520288
:106BD0004FEA4C0CEFD1754620204FF000420AE0FE
:106BE00044D04FEADC71013801EB43034FEA4C0C0F
:106BF0004FEA520243D0A34202EB0E01F0DD00291E
:106C000001EB020E0ADBA0461B1B614588BF03F1A6
:106C1000FF33ACEB010C15444446E2E7BEF1000F34
:106C2000F1DB04F10108EFE725F00042224338D000
:106C3000002D4ED129464FEADC22153913464FEA82
:106C40004C5C002AF7D0D60250D400205B00DD0255
:106C5000044600F10100F9D51A4663460CFA00FC1F
:106C6000C0F12000C340091B13438AE76145B8D82F
:106C7000002901EB020ED1DB98460023C9E753EA55
:106C80000C0310D168087110F30701F17F5101F571
:106C9000001148BF40F0004001EB0753024643ECAF
:106CA000102BBDE8F0816A1C16BF681C0136400835
:106CB000E9E710EE102A10EE100A2B462946F3F7EA
:106CC0009BFA22462B46F3F7E1F841EC100BBDE8A6
:106CD000F08110EE102A20462946F3F7D5F8024637
:106CE0000B46F3F7B3FB41EC100BDAE763462020C9
:106CF0004FF0FF34B6E700BF0000F07FB1EEC00AEE
:106D0000704700BFD0B506460F46144600F0DAF8CB
:106D10000346394630461C60D0BD00BF30B514462E
:106D200083B01D4608B103F10043CDE90023DDE93E
:106D3000002320462946F3F75FFA222203B0BDE87C
:106D40003040FFF7DFBF00BF08B500224FF080538F
:106D5000FFF7E4FF41EC100B08BD00BF08B50022AF
:106D60004FF0E043FFF7DAFF41EC100B08BD00BF26
:106D700051EC100B10EE102A21F0004343EC102BC5
:106D8000704700BF82B08DED000B019840F00040CD
:106D900000F58010C00F02B0704700BF0000000077
:106DA00038B553EC102BC3F30A5104469C4689BBFB
:106DB00010EE101A23F0004C5CEA010129D01946AC
:106DC00000223D4B3D4D10EE100AF3F715FAAC4290
:106DD00002460B4616DB8C46C1F30A513639214474
:106DE00040F2FE70814221DC002947DC11F1350FB1
:106DF00034DA4CF250318C4218DC002B26A1D1E958
:106E0000000144DB24A3D3E90023F3F7F5F941ECB7
:106E1000100B38BD40F2FF708142E0D110EE100A35
:106E20001946F3F733F841EC100B38BD002B1CA1C9
:106E3000D1E9000107DB1AA3D3E90023F3F7DCF95A
:106E400041EC100B38BD18A1D1E9000114A3D3E91E
:106E50000023F3F7D1F941EC100BF3E72CF0FF4CD2
:106E60002CF4E00C36314CEA01531046194600224E
:106E7000134BF3F7C1F941EC100B38BD2CF0FF4C6C
:106E80002CF4E00C4CEA015343EC102B38BD08A164
:106E9000D1E90001B6E700BF59F3F8C21F6EA501A2
:106EA0009C7500883CE4377E9C7500883CE437FE86
:106EB00059F3F8C21F6EA58100005043B03CFFFF9C
:106EC0000000903C014B1868704700BF180000207C
:106ED00070B50D4D0D4C641BA4100026A64209D1BF
:106EE0000B4D0C4C00F03EF8641BA4100026A6428B
:106EF00005D170BD55F8043B98470136EEE755F8CB
:106F0000043B98470136F2E7809401088094010819
:106F1000809401088494010810B50139024490421C
:106F200001D1002005E0037811F8014FA34201D000
:106F3000181B10BD0130F2E70A44914200F1FF3303
:106F400000D1704710B511F8014B03F8014F914281
:106F5000F9D110BD02440346934200D1704703F8B3
:106F6000011BF9E7F8B500BFF8BC08BC9E467047A6
:0C6F7000F8B500BFF8BC08BC9E46704796
:106F7C00000414D5D51404000000FEFEFE00000031
:106F8C00000000000000FEFEFE000000FEFEFE867B
:106F9C008686868686868686787878000000060641
:106FAC0006060606FEFEFE0606060606060000009F
:106FBC00F8F8F80606060606060606060606060095
:106FCC000000000000E0000000E00000E01888482D
:106FDC0038F0000000000000000010080888700065
:106FEC00000000000000000010080888700000007D
:106FFC00000000000000000000001F1F1F60606008
:10700C006060606060601F1F1F0000007F7F7F0159
:10701C0001010707071919196060600000000000E2
:10702C00000000007F7F7F000000000000000000D7
:10703C001F1F1F6060606060606060606060600067
:10704C000000000000000304030000000307040418
:10705C0006010000060600000000040605040400FA
:10706C0000000606000000000406050404000000F1
:10707C000000000000000000000000000000000004
:10708C000000000000000000F80606060600FE8066
:10709C008080FE00FE8686860600F8060606060040
:1070AC00FE80601806000000000000000606FE06C8
:1070BC000600FE060606F8000000000000000000B6
:1070CC0006FE0600FE000000FE00FE18E018FE00A2
:1070DC00FE8686867800FE8686860600FE86868676
:1070EC00780078868686060000000000000000000C
:1070FC000000000000000000000000000000000084
:10710C0000000000000000001F60606060007F0154
:10711C0001017F007F61616160001F606060600041
:10712C007F010618600000000000000060607F60B6
:10713C0060007F6060601F000000000000001860AD
:10714C00601F00001F6060601F007F0001007F0057
:10715C007F01010100007F61616160007F010719FF
:10716C006000606161611E00000000000000000012
:10717C000000000000000000000000000000000003
:10718C00010203040607080974004001820036015D
:10719C0092002C01A4002201B9001801D2000E01AA
:1071AC00EF0004011101FA003901F0006801E6005A
:1071BC00A001DC00E201D2003002C8008D02BE004A
:1071CC00FB02B4007D03AA001504A000C5049600C0
:1071DC008F058C00720682006D07780079086E00AE
:1071EC008F096400A40A5A00AD0B5000A00C460095
:1071FC00740D3C00250E3200B20E28001D0F1E002F
:10720C006B0F1400A20F0A00C70F00000000000053
:10721C000000004F00000700070000147F147F14CB
:10722C00242A7F2A122313086462364955225000FF
:10723C0005030000001C2241000041221C00140820
:10724C003E081408083E080800000000000000007A
:10725C00000000606000003E5149453E00427F4006
:10726C000042615149462141454B311814127F109F
:10727C0027454545393C4A494930017109050336D2
:10728C0049494936064949291E0036360000005640
:10729C003600000814224100141414141400412266
:1072AC0014080201510906324979413E7E1111112F
:1072BC007E7F494949363E414141227F4141221C52
:1072CC007F494949417F090909013E4149497A7F72
:1072DC000808087F00417F41002040413F007F08A3
:1072EC001422417F404040407E020C027E7F040805
:1072FC00107F3E4141413E7F090909063E41512123
:10730C005E7F09192946464949493101017F01012E
:10731C003F4040403F1F2040201F3F4038403F63CC
:10732C0014081463070870080761514945435C3A17
:10733C002D205B0000000000000000000000000099
:10734C000000000000000040404040409249249260
:10735C0049269249349249369249A49249A69249B7
:10736C00B49249B6924D24924D26924D34924D369C
:10737C00924DA4924DA6924DB4924DB69269249220
:10738C0069269269349269369269A49269A69269C7
:10739C00B49269B6926D24926D26926D34926D36CC
:1073AC00926DA4926DA6926DB4926DB6934924938E
:1073BC0049269349349349369349A49349A6934952
:1073CC00B49349B6934D24934D26934D34934D3637
:1073DC00934DA4934DA6934DB4934DB693692493BA
:1073EC0069269369349369369369A49369A6936962
:1073FC00B49369B6936D24936D26936D34936D3667
:10740C00936DA4936DA6936DB4936DB69A49249A1B
:10741C0049269A49349A49369A49A49A49A69A49CE
:10742C00B49A49B69A4D249A4D269A4D349A4D36B3
:10743C009A4DA49A4DA69A4DB49A4DB69A69249A2F
:10744C0069269A69349A69369A69A49A69A69A69DE
:10745C00B49A69B69A6D249A6D269A6D349A6D36E3
:10746C009A6DA49A6DA69A6DB49A6DB69B49249B9D
:10747C0049269B49349B49369B49A49B49A69B4969
:10748C00B49B49B69B4D249B4D269B4D349B4D364E
:10749C009B4DA49B4DA69B4DB49B4DB69B69249BC9
:1074AC0069269B69349B69369B69A49B69A69B6979
:1074BC00B49B69B69B6D249B6D269B6D349B6D367E
:1074CC009B6DA49B6DA69B6DB49B6DB6D24924D2CB
:1074DC004926D24934D24936D249A4D249A6D249F6
:1074EC00B4D249B6D24D24D24D26D24D34D24D36DB
:1074FC00D24DA4D24DA6D24DB4D24DB6D26924D21F
:10750C006926D26934D26936D269A4D269A6D26905
:10751C00B4D269B6D26D24D26D26D26D34D26D360A
:10752C00D26DA4D26DA6D26DB4D26DB6D34924D38C
:10753C004926D34934D34936D349A4D349A6D34990
:10754C00B4D349B6D34D24D34D26D34D34D34D3675
:10755C00D34DA4D34DA6D34DB4D34DB6D36924D3B8
:10756C006926D36934D36936D369A4D369A6D369A0
:10757C00B4D369B6D36D24D36D26D36D34D36D36A5
:10758C00D36DA4D36DA6D36DB4D36DB6DA4924DA1A
:10759C004926DA4934DA4936DA49A4DA49A6DA490D
:1075AC00B4DA49B6DA4D24DA4D26DA4D34DA4D36F2
:1075BC00DA4DA4DA4DA6DA4DB4DA4DB6DA6924DA2E
:1075CC006926DA6934DA6936DA69A4DA69A6DA691D
:1075DC00B4DA69B6DA6D24DA6D26DA6D34DA6D3622
:1075EC00DA6DA4DA6DA6DA6DB4DA6DB6DB4924DB9C
:1075FC004926DB4934DB4936DB49A4DB49A6DB49A8
:10760C00B4DB49B6DB4D24DB4D26DB4D34DB4D368C
:10761C00DB4DA4DB4DA6DB4DB4DB4DB6DB6924DBC7
:10762C006926DB6934DB6936DB69A4DB69A6DB69B7
:10763C00B4DB69B6DB6D24DB6D26DB6D34DB6D36BC
:10764C00DB6DA4DB6DA6DB6DB4DB6DB6524541443E
:10765C0059202020202020202000000048454154A3
:10766C00494E472E2E2E202020000000454E47521A
:10767C004156494E4720202020000000524F5441D3
:10768C0054494E47202020202000000053454152F1
:10769C004348494E472020202000000044495350C5
:1076AC00454E53494E4720202000000049444C458C
:1076BC002020202020202020200000005041525467
:1076CC00205049434B454420200000004C4947487A
:1076DC0054204F4E202020202000000041524D45C8
:1076EC004420202020202020200000004452495615
:1076FC00494E472020202020200000004452494CB5
:10770C004C494E4720202020200000005343414E7E
:10771C004E494E4720202020200000005354414E5B
:10772C00444259202020202020000000475249507C
:10773C0050494E4720202020200000005052494E36
:10774C0054494E47202020202000000054454D5025
:10775C003A20000020432020202020202020000060
:10776C0052504D3A200000002020202020202020C4
:10777C00202000004C41534552205057523A2000D3
:10778C002025202020202000484F54454E443A20EC
:10779C0000000000204320202020202000000000BA
:1077AC0056414355554D3A20000000002020202022
:1077BC00202020005354524F42453A200000000034
:1077CC00484954533A20000053544550533A200032
:1077DC00202020202020202000000000454E445373
:1077EC00544F503A2048495420200000454E4453F1
:1077FC00544F503A204F50454E2000004C494748BA
:10780C00543A204649584544202000004C494748EA
:10781C00543A205354524F42452000004C4947489B
:10782C00543A204F46462020202000004F4B0000A9
:10783C0046494C4C00000000434845434B2049440A
:10784C00204A554D50455253000000005B204352D6
:10785C0049544943414C204552524F52205D00003F
:10786C002053595354454D20424C4F434B454420D3
:10787C000000000054313220534F4C4445522049F3
:10788C00524F4E0050415354452044495350454E9D
:10789C00534552004C495155494420444953504595
:1078AC004E53520053435245574452495645522069
:1078BC002020200056414355554D205049434B55EF
:1078CC00502020004452494C4C20424C343236302B
:1078DC0020202000475249505045522047494D42E4
:1078EC00414C200047524950504552204E454D4185
:1078FC002031340056414355554D204752495020B4
:10790C004C472000534D54205049434B26504C417A
:10791C0043452000414F4920494E5350454354495B
:10792C004F4E20004C415345522044494F44452072
:10793C00313057003344205052494E544552202088
:10794C00563420005343414E2050524F4245202084
:10795C0020202000454C454354524F4D41474E4545
:10796C005420200053504F542057454C444552202E
:10797C0020202000434F4E464F524D414C20434F48
:10798C0041542000464C59494E472050524F4245D5
:10799C0020202000555620435552494E4720202088
:1079AC0020202000484F5420414952205245574F27
:1079BC00524B200050524553532D46495420494EAA
:1079CC00535254004352494D50494E472041435461
:1079DC0055415400544845524D414C20494E53504A
:1079EC00454354005041535445204A455454494E44
:1079FC0047202000554C545241534F4E4943205779
:107A0C00454C44002D2D2D2D2D2D2D2D2D2D2D2D79
:107A1C002D2D2D2D2D2D2D2D00000000204300008F
:107A2C0053544550532052454D3A20005354415421
:107A3C0055533A2052454144590000005641435594
:107A4C00554D204144433A20000000004F424A3A31
:107A5C00200000005245414C2052504D3A2000006D
:107A6C00534554504F494E543A200000504F5745FF
:107A7C00523A2020202000004E4F5A5A4C453A00D2
:107A8C004C46414E3A00000052504D004846414E83
:107A9C003A000000504552494F443A200000000083
:107AAC005354415455533A2041524D454420000003
:107ABC00494D50414354533A202000004255532025
:107ACC0043414E204F4E4C494E45000000000000F3
:107ADC00000000000000000000000000000000009A
:107AEC00FCFCFC7C7C7C7C7C7C7C7C7C7C7C7C00C6
:107AFC000000FCFCFC7C7C7C7C7C7C7C7C7C80802A
:107B0C0080000000FCFCFC7C7C7C7C7C7C7C7C7C99
:107B1C008080800000008080807C7C7C7C7C7C7CF5
:107B2C007C7C808080000000FCFCFC7C7C7C7C7C71
:107B3C007C7C7C7C808080000000000000000000C9
:107B4C000000000000000000000000000000000029
:107B5C000000000000000000000000000000000019
:107B6C00FFFFFF000000000000000000000000000C
:107B7C000000FFFFFF000000000000000000FFFFFE
:107B8C00FF000000FFFFFF000000000000000000ED
:107B9C00FFFFFF000000FFFFFF00000000000000DF
:107BAC000000FFFFFF000000FFFFFF0000000000CF
:107BBC0000000000FFFFFF000000000000000000BC
:107BCC0000000000000000000000000000000000A9
:107BDC000000000000000000000000000000000099
:107BEC00FFFFFF3E3E3E3E3E3E3E3E3E000000005E
:107BFC000000FFFFFF3E3E3EFEFEFE3E3E3E01010C
:107C0C0001000000FFFFFF3E3E3EFEFEFE3E3E3EFC
:107C1C00010101000000FFFFFF0000000000000058
:107C2C000000FFFFFF000000FFFFFF3E3E3EFEFE98
:107C3C00FE3E3E3E0101010000000000000000007D
:107C4C000000000000000000000000000000000028
:107C5C000000000000000000000000000000000018
:107C6C00FFFFFF000000000000000000000000000B
:107C7C000000FFFFFF000000070707F8F8F80000FE
:107C8C0000000000FFFFFF000000070707F8F8F8EE
:107C9C00000000000000FFFFFF00000000000000DB
:107CAC000000FFFFFF000000FFFFFF0000000707C0
:107CBC0007F8F8F8000000000000000000000000C9
:107CCC0000000000000000000000000000000000A8
:107CDC000000000000000000000000000000000098
:107CEC001F1F1F1F1F1F1F1F1F1F1F1F1F1F1F00B7
:107CFC0000001F1F1F0000000000000000001F1FDD
:107D0C001F0000001F1F1F000000000000000000EB
:107D1C001F1F1F0000000000001F1F1F1F1F1F1F21
:107D2C001F1F0000000000001F1F1F0000000000AC
:107D3C00000000001F1F1F000000000000000000DA
:107D4C000000000000000000000000000000000027
:107D5C000000000000000000000000000000000F08
:107D6C007F7F0F00000000000000000000000000FA
:107D7C0000000000000000000000000000000000F7
:107D8C0000000000000000000000000000000000E7
:107D9C0000000000000000000000000000000000D7
:107DAC0000000000000000000000000000000000C7
:107DBC0000000000000000000000000000000000B7
:107DCC0000000000000000000000000000000000A7
:107DDC000000FCFCFC1C1C1C1C1C1C1C1C1C1C1C6F
:107DEC001C1C1C1C1C1C1C1C1C1C1C1C1CFCFCFC27
:107DFC000000000000000000000000000000000077
:107E0C000000000000000000000000000000000066
:107E1C000000000000000000000000000000000056
:107E2C000000000000000000000000000000000046
:107E3C000000000000000000000000000000000036
:107E4C000000000000000000000000000000000026
:107E5C000000FFFFFF00007F7F7F7F7F7F7F0000A0
:107E6C00000000007F7F7F7F7F7F7F0000FFFFFF90
:107E7C00000000000000000000000000F0F0F00026
:107E8C0000000000000000000000000000000000E6
:107E9C0000000000000000000000000000000000D6
:107EAC0000000000000000000000000000000000C6
:107EBC00F0F0F03030F0F0E00000E0F0F03030F0B6
:107ECC00F0E0003030F0F0F0303030000000000016
:107EDC000000FFFFFF000000C0C0C0C0C0C0C0C099
:107EEC00C0C0C0C0C0C0C0C0C0C0000000FFFFFF09
:107EFC000000000000000000C0C00000FFFFFF00F9
:107F0C00FFFFFF0000FFFFFF00009EDFDF63632326
:107F1C00FFFFFEFFFFFF0203FFFFFE0000FEFFFF5F
:107F2C003333BFBFBE00FFFFFF0203FFFFFE0000A5
:107F3C00FFFFFF1818FFFFE70000FFFFFF0000FF27
:107F4C00FFFF000000FFFFFF00000000000000002A
:107F5C000000FFFFFFE0E0E0E1E1E1E1E1E1E1E170
:107F6C00E1E1E1E1E1E1E1E1E1E1E0E0E0FFFFFF9E
:107F7C0000000000000000000F0F0C0C0F0F07009A
:107F8C00070F0F0C040F0F0F0000070F0F0C0C0442
:107F9C000F0F0F0F0F0F00000F0F0F0000070F0F29
:107FAC000C0C0F0F07000F0F0F00000F0F0F00002E
:107FBC000F0F0F0C0C0F0F070000070F0F0C0C0FFF
:107FCC000F070000000F0F0F000000000000000062
:107FDC000000000000000000000000000F7F7F0F79
:107FEC000000000000000000000000000000000085
:107FFC000000000000000000000000000000000075
:10800C000000000000000000000000000000000064
:10801C000000000000000000000000000000000054
:10802C000000000000000000000000000000000044
:10803C000000000000000000000000000000000034
:10804C000000000000000000000000000000000024
:10805C000000FCFCFC1C1C1C1C1C1C1C1C1C1C1CEC
:10806C001C1C1C1C1C1C1C1C1C1C1C1C1CFCFCFCA4
:10807C0000000000000000000000000000000000F4
:10808C0000000000000000000000000000000000E4
:10809C0000000000000000000000000000000000D4
:1080AC0000000000000000000000000000000000C4
:1080BC0000000000000000000000000000000000B4
:1080CC0000000000000000000000000000000000A4
:1080DC000000FFFFFF00007F7F7F7F7F7F7F00001E
:1080EC00000000007F7F7F7F7F7F7F0000FFFFFF0E
:1080FC00000000000000000000000000F0F0F000A4
:10810C000000000000000000000000000000000063
:10811C000000000000000000000000000000000053
:10812C000000000000000000000000000000000043
:10813C00F0F0F03030F0F0E00000E0F0F03030F033
:10814C00F0E0003030F0F0F0303030000000000093
:10815C000000FFFFFF000000F0F0F0F0F0F0F0F096
:10816C00F0F0F0F0F0F0F0F0F0F0000000FFFFFFA6
:10817C000000000000000000C0C00000FFFFFF0076
:10818C00FFFFFF0000FFFFFF00009EDFDF636323A4
:10819C00FFFFFEFFFFFF0203FFFFFE0000FEFFFFDD
:1081AC003333BFBFBE00FFFFFF0203FFFFFE000023
:1081BC00FFFFFF1818FFFFE70000FFFFFF0000FFA5
:1081CC00FFFF000000FFFFFF0000000000000000A8
:1081DC000000FFFFFFE0E0E0E3E3E3E3E3E3E3E3DE
:1081EC00E3E3E3E3E3E3E3E3E3E3E0E0E0FFFFFF08
:1081FC0000000000000000000F0F0C0C0F0F070018
:10820C00070F0F0C040F0F0F0000070F0F0C0C04BF
:10821C000F0F0F0F0F0F00000F0F0F0000070F0FA6
:10822C000C0C0F0F07000F0F0F00000F0F0F0000AB
:10823C000F0F0F0C0C0F0F070000070F0F0C0C0F7C
:10824C000F070000000F0F0F0000000000000000DF
:10825C000000000000000000000000000000000F03
:10826C007F7F0F00000000000000000000000000F5
:10827C0000000000000000000000000000000000F2
:10828C0000000000000000000000000000000000E2
:10829C0000000000000000000000000000000000D2
:1082AC0000000000000000000000000000000000C2
:1082BC0000000000000000000000000000000000B2
:1082CC0000000000000000000000000000000000A2
:1082DC000000FCFCFC1C1C1C1C1C1C1C1C1C1C1C6A
:1082EC001C1C1C1C1C1C1C1C1C1C1C1C1CFCFCFC22
:1082FC000000000000000000000000000000000072
:10830C000000000000000000000000000000000061
:10831C000000000000000000000000000000000051
:10832C000000000000000000000000000000000041
:10833C000000000000000000000000000000000031
:10834C000000000000000000000000000000000021
:10835C000000FFFFFF00000C0C0C0C0C0C0C0000C0
:10836C00000000000C0C0C0C0C0C0C0000FFFFFFB0
:10837C00000000000000000000000000F0F0F00021
:10838C0000000000000000000000000000000000E1
:10839C0000000000000000000000000000000000D1
:1083AC0000000000000000000000000000000000C1
:1083BC00F0F0F03030F0F0E00000E0F0F03030F0B1
:1083CC00F0E0003030F0F0F0303030000000000011
:1083DC000000FFFFFF000000C0C0C0C0C0C0C0C094
:1083EC00C0C0C0C0C0C0C0C0C0C0000000FFFFFF04
:1083FC000000000000000000C0C00000FFFFFF00F4
:10840C00FFFFFF0000FFFFFF00009EDFDF63632321
:10841C00FFFFFEFFFFFF0203FFFFFE0000FEFFFF5A
:10842C003333BFBFBE00FFFFFF0203FFFFFE0000A0
:10843C00FFFFFF1818FFFFE70000FFFFFF0000FF22
:10844C00FFFF000000FFFFFF000000000000000025
:10845C000000FFFFFFE0E0E0E1E1E1E1E1E1E1E16B
:10846C00E1E1E1E1E1E1E1E1E1E1E0E0E0FFFFFF99
:10847C0000000000000000000F0F0C0C0F0F070095
:10848C00070F0F0C040F0F0F0000070F0F0C0C043D
:10849C000F0F0F0F0F0F00000F0F0F0000070F0F24
:1084AC000C0C0F0F07000F0F0F00000F0F0F000029
:1084BC000F0F0F0C0C0F0F070000070F0F0C0C0FFA
:1084CC000F070000000F0F0F00000000000000005D
:1084DC000000000000000000000000000000000090
:1084EC0000000F7F7F0F0000000000000000000064
:1084FC000000000000000000000000000000000070
:10850C00000000000000000000000000000000005F
:10851C00000000000000000000000000000000004F
:10852C00000000000000000000000000000000003F
:10853C00000000000000000000000000000000002F
:10854C00000000000000000000000000000000001F
:10855C000000FCFCFC1C1C1C1C1C1C1C1C1C1C1CE7
:10856C001C1C1C1C1C1C1C1C1C1C1C1C1CFCFCFC9F
:10857C0000000000000000000000000000000000EF
:10858C0000000000000000000000000000000000DF
:10859C0000000000000000000000000000000000CF
:1085AC0000000000000000000000000000000000BF
:1085BC0000000000000000000000000000000000AF
:1085CC00000000000000000000000000000000009F
:1085DC000000FFFFFF00007F7F7F7F7F7F7F000019
:1085EC00000000007F7F7F7F7F7F7F0000FFFFFF09
:1085FC00000000000000000000000000F0F0F0009F
:10860C00000000000000000000000000000000005E
:10861C00000000000000000000000000000000004E
:10862C00000000000000000000000000000000003E
:10863C00F0F0F03030F0F0E00000E0F0F03030F02E
:10864C00F0E0003030F0F0F030303000000000008E
:10865C000000FFFFFF000000F0F0F0F0F0F0F0F091
:10866C00F0F0F0F0F0F0F0F0F0F0000000FFFFFFA1
:10867C000000000000000000C0C00000FFFFFF0071
:10868C00FFFFFF0000FFFFFF00009EDFDF6363239F
:10869C00FFFFFEFFFFFF0203FFFFFE0000FEFFFFD8
:1086AC003333BFBFBE00FFFFFF0203FFFFFE00001E
:1086BC00FFFFFF1818FFFFE70000FFFFFF0000FFA0
:1086CC00FFFF000000FFFFFF0000000000000000A3
:1086DC000000FFFFFFE0E0E0E3E3E3E3E3E3E3E3D9
:1086EC00E3E3E3E3E3E3E3E3E3E3E0E0E0FFFFFF03
:1086FC0000000000000000000F0F0C0C0F0F070013
:10870C00070F0F0C040F0F0F0000070F0F0C0C04BA
:10871C000F0F0F0F0F0F00000F0F0F0000070F0FA1
:10872C000C0C0F0F07000F0F0F00000F0F0F0000A6
:10873C000F0F0F0C0C0F0F070000070F0F0C0C0F77
:10874C000F070000000F0F0F0000000000000000DA
:10875C0000000080C0E0F0F87C3A1408008060183B
:10876C00040E1F0F070301000000000000000000B2
:10877C0000000080C0E0F4FA7D3814080080601816
:10878C00040E1F0F07030100000000000000000092
:10879C0000000080C0E0F4FA7D38110600806018FB
:1087AC00040E1F0F07030100000000000000000072
:1087BC0000000080C0E0F0F87C3A110600806018E0
:1087CC00040E1F0F07030100000000000000000052
:1087DC00F809090F0F0909F800000000000000005B
:1087EC000302CEFEFECE02030000000000000000DB
:1087FC00F80A0A0E0F0909F800000000000000003A
:10880C0003E2EEFEFECE02030000000000000000BA
:10881C00F80A0A0E0E0A0AF8000000000000000018
:10882C0003E2EEFEFEEEE20300000000000000009A
:10883C00F809090F0E0A0AF80000000000000000F9
:10884C000302CEFEFEEEE20300000000000000007A
:10885C00F809090F0F0909F80000000000000000DA
:10886C0003024EFEFE4E020300000000000000005A
:10887C00F80A0A0E0F0909F80000000000000000B9
:10888C0003028EDEFE4E020300000000000000001A
:10889C00F80A0A0E0E0A0AF8000000000000000098
:1088AC0003028EDE9E0E020300000000000000009A
:1088BC00F809090F0E0A0AF8000000000000000079
:1088CC0003024EFE9E0E020300000000000000009A
:1088DC00000080C0E07C22414141221C40A0583C59
:1088EC000E07030100000000000000000000000063
:1088FC00000080C0E07C22414141221CA060583C19
:10890C000E07030100000000000000000000000042
:10891C00000080C0E07C2241C141221CA060685C48
:10892C000E07030100000000000000000000000022
:10893C00000080C0E07C2241C141221C40A0685C48
:10894C000E0703010000000000000000000000C042
:10895C00C0C0C0FFFFC0C0C0C000000000000001CC
:10896C000F1F1F1F1F1F1F0F010000000000000022
:10897C00808080FFFF8080800000000000000000ED
:10898C00031F1F1F1F1F1F0300000000000000001B
:10899C00000000FFFF0000000000000000000000CD
:1089AC0000071F1F1F1F0700000000000000000031
:1089BC00000000FFFF0000000000000000000000AD
:1089CC000000001F1F000000000000000000FEC29D
:1089DC00C2C2C2C2C242427E0000000000000000BF
:1089EC0000000204C8102000000000000000FEC2BD
:1089FC00C2C2C2C2C242427E00000000000000009F
:108A0C0000002010C8040200000000000000FEC29C
:108A1C00C2C2C2C2C242427E00000000000000007E
:108A2C0000000204C8102000000000000000FEC27C
:108A3C00C2C2C2C2C242427E00000000000000005E
:108A4C0000002010C80402000000000000C0F01854
:108A5C000C04C6C6C6C6040C18F0C00000030F18E0
:108A6C003020636363632030180F030100C0F018DB
:108A7C000C04C6C6C6C6040C18F0C00000030F18C0
:108A8C0030206363E3632030180F030000C0F0183C
:108A9C000C04C6C6C6C6040C18F0C00001030F189F
:108AAC003020636363632030180F030000C0F0189C
:108ABC000C04C6C7C6C6040C18F0C00000030F187F
:108ACC003020636363632030180F030000C0C0C004
:108ADC00C080BFA1A1BF80C0C0C0C00000FFFFFF0D
:108AEC00FF000000000000FFFFFFFF00000000C0BF
:108AFC00C0C0FFA1A1BF80C0C0C0C000000000FF6B
:108B0C00FFFFFF78000000FFFFFFFF00000000C028
:108B1C00C0C0FFA1A1FFC0C0C0000000000000FF4A
:108B2C00FFFFFF7878FFFFFFFF00000000C0C0C010
:108B3C00C080BFA1A1FFC0C0C000000000FFFFFFAC
:108B4C00FF00000078FFFFFFFF00000000804024C2
:108B5C00289050B0B05090282440800000010204AE
:108B6C0004090A0D0D0A0904040201008080C224C4
:108B7C002890D0F0B05090282440800000010204CE
:108B8C0004090B0F0D0A0904040201008080C224A1
:108B9C002890D0F0F0D0902824C2808000010204EC
:108BAC0004090B0F0F0B0904040201000080402480
:108BBC00289050B0F0D0902824C28080000102048C
:108BCC0004090A0D0F0B0904040201000000000047
:108BDC008060100C820C106080000000000000000F
:108BEC0000038458E05884030000000000000000DB
:108BFC008060D0ECE20C10608000000000000000EF
:108C0C008083455BE05884030000000000000000F6
:108C1C008060D0ECE2ECD06080000000000000002E
:108C2C008083455BE35B458380000000000000000F
:108C3C008060100C82ECD06080000000000000000E
:108C4C0000038458E35B45838000000000000000B3
:108C5C0000001F7F7F1F0000000000000000028A40
:108C6C00AAAAAAAAAAAAAAAA8A020000000080801C
:108C7C0080808080001F0000000000000000028A3D
:108C8C00AAAAAAAAAAAAAAAA8A02000000008080FC
:108C9C0080808080809FFFFF9F8000000000028A00
:108CAC00AAAAAAAAAAAAAAAA8A02000000000000DC
:108CBC0000001F7FFF9FFFFF9F8000000000028AC3
:108CCC00AAAAAAAAAAAAAAAA8A020000808080C07C
:108CDC00201088CFCF881020C08080800101010334
:108CEC00040811F3F3110804030101018080C0B0E2
:108CFC00080884CFCF881020C08080800101030D2C
:108D0C00101021F3F3110804030101018080C0B09D
:108D1C00080884CFCF840808B0C080800101030DFF
:108D2C00101021F3F32110100D030101808080C07D
:108D3C00201088CFCF840808B0C0808001010103C7
:108D4C00040811F3F32110100D03010100000000C1
:108D5C0000E0E0FFE0E0E000000000000000003870
:108D6C00282828282828282838000000000000007F
:108D7C0000C0C0FFC0C0C0000000000000000038F0
:108D8C002829292929292928380000000000000059
:108D9C00008080FF80808000000000000000003810
:108DAC00282B2B2B2B2B2B2838000000000000002D
:108DBC0000C0C0FFC0C0C0000000000000000038B0
:108DCC002829292929292928380000000000808019
:108DDC0000000000000000000080800000707F7F19
:108DEC007C1830303030187C7F7F7F000000808012
:108DFC0000000000000000000080800000707F7FF9
:108E0C007CF830303030F87C7F7F7F000000808031
:108E1C0000000000000000000080800000707F7FD8
:108E2C007CF830303030F87C7F7F7F000000808011
:108E3C0000000000000000000080800000707F7FB8
:108E4C007C1830303030187C7F7F7F0000000001B0
:108E5C00071C70C0808040701C07010000000000DF
:108E6C000004E77F3F0C040000000000000000013C
:108E7C00071C7040000040701C070100000000003F
:108E8C0000000002080000000000000000000001CB
:108E9C00071C70C0808040701C070100000000009F
:108EAC000004E77F3F0C04000000000000000001FC
:108EBC00071C7040000040701C07010000000000FF
:108ECC00000000020800000000000000000000008C
:108EDC000000CF7FCF8F0000000000000000241E98
:108EEC00661D133811071A661F22000000000000CF
:108EFC000000CF7FCF8F0000000000000000241E78
:108F0C00661D133811071A661F22000000000000AE
:108F1C000000CF7FCF8F0000800000000000221FD8
:108F2C00661D237021071A651B210000000000003C
:108F3C000000CF7FCF8F0000000000000000241E37
:108F4C00661D133811071A661F22000030F8F8B09E
:108F5C00B0F8F8B0B0F8F8B0B0F8F8B00000000015
:108F6C00007050505F5050700000000020F0F0A0D6
:108F7C00A0F0F0A0A0F0F0A0A0F0F0A00000000085
:108F8C00007050505F5050700000000030F8F8B086
:108F9C00B0F8F8B0B0F8F8B0B0F8F8B000000000D5
:108FAC00007050505F5050700000000010B8B89026
:108FBC0090B8B89090B8B89090B8B89000000000F5
:108FCC00007050505F505070000000000000000016
:108FDC00040E1C3870E0C08000000000000C30C093
:108FEC00300C000000000103070F0300000000001C
:108FFC00040E1C183060E0C080808000000C30C073
:10900C00300C00000000000103070100000000000C
:10901C00040E1C183060E0C080808000000C30C052
:10902C00300C0000000000010307010000000000EC
:10903C00040E1C3870E0C08000000000000C30C032
:10904C00300C000000000103070F030000000000BB
:10905C000018FCFEFEFC18000000000000000112CD
:10906C002420013D01012024120100000000000019
:10907C000018FCFEFEFC18000000000000010212AB
:10908C002440017D01014024120201000000000077
:10909C000018FCFEFEFC180000000000000102128B
:1090AC002440017D01014024120201000000000057
:1090BC000018FCFEFEFC180000000000000001126D
:1090CC002420013D010120241201000000000000B9
:1090DC00607CFFFFFFFF7C600000000000000000D0
:1090EC00002A140000142A000000000000000000F8
:1090FC00607CFFFFFFFF7C600000000000000000B0
:10910C0000142A00002A14000000000000000000D7
:10911C00607CFFFFFFFF7C6000000000000000008F
:10912C00002A140000142A000000000000000000B7
:10913C00607CFFFFFFFF7C6000000000000000006F
:10914C0000142A00002A1400000000000000000097
:10915C0000FF81818181FF00000000000000000001
:10916C00041C7FFF7F3F0C04000000000000000087
:10917C0000FF81818181FF000000000000000000E1
:10918C0008187FFF7F3F1808000000000000000057
:10919C0000FF81818181FF000000000000000000C1
:1091AC0010307FFF7F3F30100000000000000000F7
:1091BC0000FF81818181FF000000000000000000A1
:1091CC0008187FFF7F3F18080000000000030C1CEC
:1091DC003870E0C0C0E070381C0E070000000000C2
:1091EC000000737F0F7F70000000000000030C1C58
:1091FC003870E0C0C0E070381C0E070000000000A2
:10920C0000707F0F030F7E700000000000030C1C29
:10921C003870E0C0C0E070381C0E07000000000081
:10922C00707E0F0303030E7E7000000000030C1C05
:10923C003870E0C0C0E070381C0E07000000000061
:10924C0000707F0F030F7E70000000000000F01014
:10925C0010905050505E9E1E1EFE000000001F100D
:10926C001013141514141310101F00000000F0102C
:10927C0010905050505E9E1E1EFE000000001F10ED
:10928C001013141414141310101F00000000F0100D
:10929C0010905050505E9E1E1EFE000000001F10CD
:1092AC001013141514141310101F00000000F010EC
:1092BC0010905050505E9E1E1EFE000000001F10AD
:1092CC001013141414141310101F000000000007C6
:1092DC00FFFFFFFFFFFFFFFF070000000000000083
:1092EC0000307BFFFF7B3000000000000000000717
:1092FC00FFFFFFFFFFFFFFFF070000000000000063
:10930C000070FBFBFBFB700000000000000000077E
:10931C00FFFFFFFFFFFFFFFF070000000000000042
:10932C000060F3F3F3F3600000000000000000079E
:10933C00FFFFFFFFFFFFFFFF070000000000000022
:10934C000060F3F3F3F3600000000000000000C0C5
:10935C00FCFFFFFFFFFFFFFCC0000000545454440F
:10936C00000003030303000044545454000000C0E5
:10937C00FCFFFFFFFFFFFFFCC000000054545444EF
:10938C00000003030303000044545454000000C0C5
:10939C00FCFFFFFFFFFFFFFCC00000005454540013
:1093AC00000003030303000000545454000000C0E9
:1093BC00FCFFFFFFFFFFFFFCC000000054545444AF
:1093CC000000030303030000445454540000000045
:1093DC000000000000000000000000000000000081
:1093EC000000000000000000000000000000000071
:1093FC000000000000000000000000000000000061
:10940C000000000000000000000000000000000050
:10941C000000000000000000000000000000000040
:10942C000000000000000000000000000000000030
:10943C000000000000000000000000000000000020
:10944C000000000000000000000000000203040502
:10945C00060708090A0B0C0D0E0F1010010203046D
:0C946C0005060708090A0B0C0D0E0F1076
:089478004014FF7F0100000019
:04948000AD810008B2
:0494840089810008D2
:1094880000127A0001FF0000010000008385FF013F
:1094980001000000100000001C0000200000000077
:1094A80000000000000000000000000000000000B4
:1094B80000000000000000000000000000000000A4
:1094C8000000000000000000000000000000000094
:1094D8000000000000000000000000000000000084
:1094E8000000000000000000000000000000000074
:0C94F80000000000000000000000000068
:040000050800AB8DB7
:00000001FF
